pair,group,metric,contrast,unit,n,mean_a,mean_b,delta,t,p,bh_pass
CA1-RSC,all,ifi,expert-naive,animals,8,-0.012406400186453028,0.08832257368662969,0.10072897387308269,1.8512997927883552,0.10656364343089418,False
CA1-CA3,all,ifi,expert-naive,animals,7,0.02373213112374701,0.029003898572791297,0.005271767449044297,0.09239055519900839,0.9293953709725171,False
CA1-DG,all,ifi,expert-naive,animals,8,-0.0031569754342470197,0.02982837736332064,0.03298535279756766,0.5037802773598004,0.6298802185574148,False
CA1-V1,all,ifi,expert-naive,animals,10,-4.9153950161714975e-05,-0.02654313684170439,-0.02649398289154268,-1.436074791112231,0.1848135108763996,False
CA3-DG,all,ifi,expert-naive,animals,4,-0.15412400465480763,-0.12857071335872228,0.02555329129608535,0.5540713559157738,0.6181535436697377,False
CA1-SUB,all,ifi,expert-naive,animals,4,-0.25606072643456174,0.013553124719090731,0.2696138511536525,1.3477337312574595,0.27048475723395743,False
RSC-SUB,all,ifi,expert-naive,animals,4,-0.03805954621332364,-0.062025263655213964,-0.023965717441890324,-1.1713608337590333,0.3260234141117242,False
V1-RSC,all,ifi,expert-naive,animals,6,0.041363379152967006,0.0261687820134389,-0.015194597139528102,-0.7310911394181758,0.4975301333503501,False
CA1-RSC,all,ifi,expert-naive,ccs,79,-0.010549096081760015,0.0887058121106872,0.09925490819244724,2.188185281364443,0.03164923446589978,False
CA1-CA3,all,ifi,expert-naive,ccs,70,0.023732131123747006,0.029003898572791297,0.005271767449044302,0.0842184100827369,0.9331266530374942,False
CA1-DG,all,ifi,expert-naive,ccs,75,-0.0014664519168266906,0.035826701998388354,0.03729315391521505,0.733797091447519,0.4653910015341909,False
CA1-V1,all,ifi,expert-naive,ccs,98,0.0016435763257420324,-0.02278936042962689,-0.02443293675536893,-0.8376691167732513,0.4042758129149794,False
CA3-DG,all,ifi,expert-naive,ccs,40,-0.15412400465480763,-0.12857071335872228,0.025553291296085346,0.3852592503559623,0.702138635359089,False
CA1-SUB,all,ifi,expert-naive,ccs,36,-0.25083536687445424,-0.037517663671022286,0.21331770320343196,2.4787331353503705,0.018151582228510682,False
RSC-SUB,all,ifi,expert-naive,ccs,36,-0.03146630603767724,-0.05187905104660798,-0.020412745008930738,-0.6192218436510548,0.5397802921073505,False
V1-RSC,all,ifi,expert-naive,ccs,60,0.041363379152967,0.026168782013438904,-0.015194597139528103,-1.1371516624667248,0.2600722054381207,False
CA1-RSC,all,peak_r,expert-naive,animals,8,0.03839481944444444,0.05507752777777778,0.016682708333333334,3.038615580796937,0.018883736726611186,False
CA1-CA3,all,peak_r,expert-naive,animals,7,0.08272614285714286,0.09484957142857142,0.012123428571428573,2.7978771484603167,0.0312512555204775,False
CA1-DG,all,peak_r,expert-naive,animals,8,0.058343124999999996,0.061043375000000004,0.002700250000000001,0.9061578208444157,0.3949723813310459,False
CA1-V1,all,peak_r,expert-naive,animals,10,0.04115625,0.0633003,0.02214405,5.03482005443342,0.0007047314847578998,True
CA3-DG,all,peak_r,expert-naive,animals,4,0.130174,0.1460025,0.015828500000000002,7.390161459889184,0.005123865579339396,True
CA1-SUB,all,peak_r,expert-naive,animals,4,0.03283625,0.04500008333333333,0.012163833333333334,2.1785086349770646,0.11751335750768527,False
RSC-SUB,all,peak_r,expert-naive,animals,4,0.06380991666666667,0.07904975,0.015239833333333327,2.4351998908946513,0.09289741684935071,False
V1-RSC,all,peak_r,expert-naive,animals,6,0.09472383333333334,0.12341099999999999,0.028687166666666663,2.8377758803758644,0.036341222474246274,False
CA1-RSC,all,peak_r,expert-naive,ccs,79,0.038512151898734186,0.05512354430379748,0.01661139240506329,5.473112731610436,5.187466584966526e-07,True
CA1-CA3,all,peak_r,expert-naive,ccs,70,0.08272614285714285,0.09484957142857144,0.012123428571428573,2.925711827665278,0.004648501715111869,True
CA1-DG,all,peak_r,expert-naive,ccs,75,0.06035359999999999,0.06265826666666666,0.002304666666666667,0.9180767696081138,0.3615613758645011,False
CA1-V1,all,peak_r,expert-naive,ccs,98,0.041605714285714274,0.06398438775510204,0.022378673469387753,5.994962732005684,3.4796291084855476e-08,True
CA3-DG,all,peak_r,expert-naive,ccs,40,0.130174,0.1460025,0.015828500000000002,5.617698067086684,1.7584079164929682e-06,True
CA1-SUB,all,peak_r,expert-naive,ccs,36,0.03495694444444444,0.048265833333333334,0.01330888888888889,3.4702548960724955,0.0013993897720871106,True
RSC-SUB,all,peak_r,expert-naive,ccs,36,0.06427083333333333,0.07999416666666667,0.015723333333333336,3.5980132372156923,0.0009809745252270514,True
V1-RSC,all,peak_r,expert-naive,ccs,60,0.09472383333333334,0.12341099999999998,0.028687166666666673,6.078062006586724,9.592908365734763e-08,True
CA1-RSC,all,peak_r,intermediate-naive,animals,8,0.03839481944444444,0.0548935,0.016498680555555555,2.664824976724696,0.03224070871650794,False
CA1-CA3,all,peak_r,intermediate-naive,animals,7,0.08272614285714286,0.09365142857142858,0.010925285714285717,2.658535229792882,0.03759749111132289,False
CA1-DG,all,peak_r,intermediate-naive,animals,8,0.058343124999999996,0.062885,0.004541875000000004,1.6582069726773934,0.1412405511962786,False
CA1-V1,all,peak_r,intermediate-naive,animals,10,0.04115625,0.057961950000000005,0.0168057,4.926253998437161,0.0008175413176272646,True
CA3-DG,all,peak_r,intermediate-naive,animals,4,0.130174,0.1476205,0.017446499999999993,4.249378837768266,0.023880387684033548,False
CA1-SUB,all,peak_r,intermediate-naive,animals,4,0.03283625,0.04721466666666667,0.014378416666666664,2.197882820178024,0.11540010897610886,False
RSC-SUB,all,peak_r,intermediate-naive,animals,4,0.06380991666666667,0.07959675,0.015786833333333326,2.2676702460997378,0.10815726895891559,False
V1-RSC,all,peak_r,intermediate-naive,animals,6,0.09472383333333334,0.12047633333333331,0.025752499999999998,2.9109696728648395,0.03336206191507108,False
CA1-RSC,all,peak_r,intermediate-naive,ccs,79,0.038512151898734186,0.05504620253164557,0.016534050632911395,5.500464675473637,4.639692129035513e-07,True
CA1-CA3,all,peak_r,intermediate-naive,ccs,70,0.08272614285714285,0.09365142857142857,0.010925285714285717,2.7785772673659004,0.007027479222455099,True
CA1-DG,all,peak_r,intermediate-naive,ccs,75,0.06035359999999999,0.06447440000000002,0.0041208,1.9045110458210437,0.06073053729459254,False
CA1-V1,all,peak_r,intermediate-naive,ccs,98,0.041605714285714274,0.05871622448979591,0.017110510204081632,5.4829089069330434,3.318030637061212e-07,True
CA3-DG,all,peak_r,intermediate-naive,ccs,40,0.130174,0.14762050000000002,0.0174465,5.481933252666875,2.712118603989317e-06,True
CA1-SUB,all,peak_r,intermediate-naive,ccs,36,0.03495694444444444,0.050706111111111105,0.015749166666666665,3.9578367623755915,0.00035264127422816443,True
RSC-SUB,all,peak_r,intermediate-naive,ccs,36,0.06427083333333333,0.08013527777777776,0.01586444444444444,3.5855071341449185,0.0010158921435335885,True
V1-RSC,all,peak_r,intermediate-naive,ccs,60,0.09472383333333334,0.12047633333333334,0.0257525,5.6131277685238645,5.614713436408903e-07,True
CA1-RSC,all,far_r,expert-naive,animals,8,0.013197685185185184,0.027118394675925927,0.01392070949074074,2.4222287950373014,0.04594160362969609,False
CA1-CA3,all,far_r,expert-naive,animals,7,-0.011470464285714285,-0.0022638928571428575,0.009206571428571427,2.6475613065583214,0.03815276275631966,False
CA1-DG,all,far_r,expert-naive,animals,8,-0.0006219062500000003,0.005380333333333333,0.006002239583333334,2.4369413879423862,0.044960253446138264,False
CA1-V1,all,far_r,expert-naive,animals,10,0.024377991666666664,0.045523683333333335,0.021145691666666667,5.56170884006416,0.00035110173291676193,True
CA3-DG,all,far_r,expert-naive,animals,4,0.0013775416666666667,0.0028506666666666667,0.0014731250000000003,0.8127395403075784,0.47587330414593726,False
CA1-SUB,all,far_r,expert-naive,animals,4,0.003528104166666667,0.011434819444444442,0.007906715277777776,1.8700139313934034,0.1582513124032045,False
RSC-SUB,all,far_r,expert-naive,animals,4,0.026940166666666664,0.03820750694444444,0.01126734027777778,1.3636952135505287,0.26597300501600357,False
V1-RSC,all,far_r,expert-naive,animals,6,0.060044736111111115,0.08542323611111112,0.025378500000000002,2.4342266490386395,0.05907222226818844,False
CA1-RSC,all,far_r,expert-naive,ccs,79,0.013226107594936712,0.027084778481012654,0.013858670886075949,4.4561245901536255,2.75554275975615e-05,True
CA1-CA3,all,far_r,expert-naive,ccs,70,-0.011470464285714287,-0.0022638928571428575,0.009206571428571429,4.0933807289549735,0.00011372130822798829,True
CA1-DG,all,far_r,expert-naive,ccs,75,-0.0005500333333333325,0.0050919,0.005641933333333333,3.7316733579191506,0.0003706452324716873,True
CA1-V1,all,far_r,expert-naive,ccs,98,0.024788732993197286,0.04612624149659864,0.02133750850340136,5.807487677798537,8.026568878393691e-08,True
CA3-DG,all,far_r,expert-naive,ccs,40,0.001377541666666667,0.0028506666666666654,0.0014731249999999987,0.5573399638526375,0.5804801513968203,False
CA1-SUB,all,far_r,expert-naive,ccs,36,0.004021134259259259,0.013015092592592594,0.008993958333333335,2.947390975556977,0.005671963353248334,True
RSC-SUB,all,far_r,expert-naive,ccs,36,0.028075231481481486,0.0403844212962963,0.012309189814814814,2.641086399691613,0.01226701567604518,True
V1-RSC,all,far_r,expert-naive,ccs,60,0.06004473611111112,0.08542323611111112,0.025378500000000002,5.383070500785803,1.329010373729033e-06,True
CA1-RSC,all,peak_minus_far,expert-naive,animals,8,0.019286925925925926,0.022387952546296296,0.0031010266203703694,1.6984550169684165,0.13322776047095705,False
CA1-CA3,all,peak_minus_far,expert-naive,animals,7,0.09001703571428572,0.09366675000000001,0.0036497142857142948,0.9828461634064355,0.3636389413641047,False
CA1-DG,all,peak_minus_far,expert-naive,animals,8,0.05564253125,0.05334216666666667,-0.002300364583333332,-0.9708778154208652,0.3639527902481253,False
CA1-V1,all,peak_minus_far,expert-naive,animals,10,0.010869833333333332,0.011454716666666668,0.0005848833333333338,0.5240098044085952,0.6129301040571621,False
CA3-DG,all,peak_minus_far,expert-naive,animals,4,0.12670595833333334,0.14103733333333335,0.01433137500000001,8.42289219992124,0.0035113737946192536,True
CA1-SUB,all,peak_minus_far,expert-naive,animals,4,0.025914729166666668,0.02922484722222222,0.0033101180555555557,1.1168101684806797,0.3454633108480731,False
RSC-SUB,all,peak_minus_far,expert-naive,animals,4,0.03324691666666667,0.03577382638888889,0.0025269097222222143,1.129568359222683,0.3408155131069644,False
V1-RSC,all,peak_minus_far,expert-naive,animals,6,0.030724430555555553,0.03270676388888888,0.001982333333333326,2.3403995822970893,0.06634719898335188,False
CA1-RSC,all,peak_minus_far,expert-naive,ccs,79,0.025286044303797467,0.028038765822784816,0.0027527215189873423,2.06164913687236,0.042572284877808585,False
CA1-CA3,all,peak_minus_far,expert-naive,ccs,70,0.09419660714285712,0.0971134642857143,0.0029168571428571455,0.7144958389973362,0.47733095660915126,False
CA1-DG,all,peak_minus_far,expert-naive,ccs,75,0.060903633333333346,0.05756636666666667,-0.0033372666666666656,-1.2220224565429942,0.22557752637204115,False
CA1-V1,all,peak_minus_far,expert-naive,ccs,98,0.016816981292517005,0.017858146258503398,0.0010411649659863944,1.5636044453626192,0.1211672335555733,False
CA3-DG,all,peak_minus_far,expert-naive,ccs,40,0.12879645833333334,0.14315183333333334,0.014355375000000004,4.333676976527722,9.972922027280827e-05,True
CA1-SUB,all,peak_minus_far,expert-naive,ccs,36,0.030935810185185177,0.035250740740740735,0.004314930555555554,2.2155324303650934,0.033323353594268613,False
RSC-SUB,all,peak_minus_far,expert-naive,ccs,36,0.03619560185185186,0.03960974537037037,0.003414143518518519,2.1256761852400445,0.04066135991452532,False
V1-RSC,all,peak_minus_far,expert-naive,ccs,60,0.03467909722222222,0.03798776388888889,0.0033086666666666664,3.1016669351318744,0.002950567665403238,True
CA1-RSC,all,peak_minus_far,intermediate-naive,animals,8,0.019286925925925926,0.022614356481481482,0.0033274305555555574,1.4143335769077396,0.20016625956359013,False
CA1-CA3,all,peak_minus_far,intermediate-naive,animals,7,0.09001703571428572,0.09606521428571427,0.006048178571428571,1.678142135678767,0.14432776344871193,False
CA1-DG,all,peak_minus_far,intermediate-naive,animals,8,0.05564253125,0.05676626041666667,0.0011237291666666713,0.49399993177387186,0.6364286883639443,False
CA1-V1,all,peak_minus_far,intermediate-naive,animals,10,0.010869833333333332,0.011876566666666666,0.001006733333333332,0.823014001048924,0.43176583835594085,False
CA3-DG,all,peak_minus_far,intermediate-naive,animals,4,0.12670595833333334,0.1445676041666667,0.01786164583333334,8.235728539644825,0.0037478426218593504,True
CA1-SUB,all,peak_minus_far,intermediate-naive,animals,4,0.025914729166666668,0.03047008333333333,0.004555354166666664,1.8234071968282162,0.16575599486017267,False
RSC-SUB,all,peak_minus_far,intermediate-naive,animals,4,0.03324691666666667,0.03370743749999999,0.0004605208333333258,0.295378773459096,0.7869682340514623,False
V1-RSC,all,peak_minus_far,intermediate-naive,animals,6,0.030724430555555553,0.03201006944444444,0.00128563888888889,1.1385391589625085,0.306489310213323,False
CA1-RSC,all,peak_minus_far,intermediate-naive,ccs,79,0.025286044303797467,0.02861693037974684,0.003330886075949367,2.326811318481914,0.022571800170884653,False
CA1-CA3,all,peak_minus_far,intermediate-naive,ccs,70,0.09419660714285712,0.09871078571428571,0.004514178571428574,1.2210253966734694,0.2262323415480858,False
CA1-DG,all,peak_minus_far,intermediate-naive,ccs,75,0.060903633333333346,0.061286355555555554,0.00038272222222222304,0.16472177769046645,0.8696121067723969,False
CA1-V1,all,peak_minus_far,intermediate-naive,ccs,98,0.016816981292517005,0.01713581632653061,0.0003188350340136047,0.4947369173593862,0.6219045658185838,False
CA3-DG,all,peak_minus_far,intermediate-naive,ccs,40,0.12879645833333334,0.14608960416666666,0.017293145833333336,4.532148732326331,5.412410766370656e-05,True
CA1-SUB,all,peak_minus_far,intermediate-naive,ccs,36,0.030935810185185177,0.035908564814814824,0.00497275462962963,2.4262599479286386,0.020546449030704114,False
RSC-SUB,all,peak_minus_far,intermediate-naive,ccs,36,0.03619560185185186,0.038493449074074065,0.0022978472222222202,1.4779705469404765,0.14835903753053525,False
V1-RSC,all,peak_minus_far,intermediate-naive,ccs,60,0.03467909722222222,0.03673240277777778,0.0020533055555555534,1.7105199681151926,0.09242375777230194,False
CA1-RSC,FF,ifi,expert-naive,animals,8,0.07324614525266594,0.13091415362996153,0.0576680083772956,0.8818553301509421,0.4071150300526567,False
CA1-CA3,FF,ifi,expert-naive,animals,7,0.030600182201728787,0.15876428097820944,0.12816409877648066,1.0438055351377702,0.3367942326594455,False
CA1-DG,FF,ifi,expert-naive,animals,8,-0.05789615079217881,0.08213491762248643,0.14003106841466526,1.2148744505459317,0.26379833139794945,False
CA1-V1,FF,ifi,expert-naive,animals,9,0.01861123562414624,0.008383948262147448,-0.010227287361998781,-0.15574411460466717,0.8800929006111672,False
CA3-DG,FF,ifi,expert-naive,animals,4,-0.0473223545745315,0.0031145199134991787,0.05043687448803068,0.8644043017859568,0.45094810239945493,False
CA1-SUB,FF,ifi,expert-naive,animals,3,-0.2704231206505888,0.5495032920394375,0.8199264126900263,10.025262251689973,0.009803592836477864,False
RSC-SUB,FF,ifi,expert-naive,animals,3,0.06851851803186139,0.03016539487772646,-0.03835312315413494,-0.8750427212996107,0.47382920339260415,False
V1-RSC,FF,ifi,expert-naive,animals,6,0.0700879520045144,0.060201324012615805,-0.009886627991898584,-0.4434574543744176,0.6759660497406608,False
CA1-RSC,FB,ifi,expert-naive,animals,8,-0.21826299192911852,0.018339772272027342,0.23660276420114584,2.4169897865648102,0.04629633651707242,False
CA1-CA3,FB,ifi,expert-naive,animals,7,-0.03385739255634109,-0.09662264388011439,-0.06276525132377327,-0.5707686025410175,0.588878504335576,False
CA1-DG,FB,ifi,expert-naive,animals,8,0.024543079155381498,-0.009762219484477908,-0.034305298639859406,-0.42567201070738697,0.6831284899652577,False
CA1-V1,FB,ifi,expert-naive,animals,10,0.023552231440155627,-0.0516133994850013,-0.07516563092515693,-1.644474472344411,0.1344893239663163,False
CA3-DG,FB,ifi,expert-naive,animals,4,-0.21496191163686773,-0.17669049548196147,0.03827141615490623,0.4419769932103621,0.6884258911814944,False
CA1-SUB,FB,ifi,expert-naive,animals,4,-0.3175133745062235,-0.12731042953477614,0.19020294497144735,1.1638699372035692,0.32862651711299207,False
RSC-SUB,FB,ifi,expert-naive,animals,4,-0.0766823395865836,-0.08951212594077197,-0.01282978635418838,-0.35783124156011387,0.744164763674536,False
V1-RSC,FB,ifi,expert-naive,animals,6,-0.016840894524877952,-0.04539377960251482,-0.02855288507763688,-1.262618937457758,0.26240938896334626,False
CA1-RSC,FF,peak_r,expert-naive,animals,8,0.040564794642857144,0.056907876488095234,0.016343081845238097,2.4555569666859314,0.043749344095576355,False
CA1-CA3,FF,peak_r,expert-naive,animals,7,0.07744079251700679,0.09080928231292516,0.013368489795918367,2.12592883631394,0.07764480069014883,False
CA1-DG,FF,peak_r,expert-naive,animals,8,0.052150479166666666,0.05899027083333334,0.006839791666666669,3.620083027135668,0.00850925677485961,True
CA1-V1,FF,peak_r,expert-naive,animals,9,0.04086475925925926,0.062307214285714285,0.021442455026455025,5.2020606017594435,0.0008203357639027612,True
CA3-DG,FF,peak_r,expert-naive,animals,4,0.13838104166666665,0.14985583333333333,0.011474791666666664,5.51733724640095,0.011726433695156012,True
CA1-SUB,FF,peak_r,expert-naive,animals,3,0.018574666666666666,0.032524666666666674,0.013949999999999999,1.2609556758185472,0.33449390224822717,False
RSC-SUB,FF,peak_r,expert-naive,animals,3,0.03575285714285714,0.03627238095238095,0.0005195238095238095,0.07338833500409278,0.9481763423267219,False
V1-RSC,FF,peak_r,expert-naive,animals,6,0.10646722222222223,0.1365998293650794,0.030132607142857145,2.8441178976371053,0.03607171039859236,False
CA1-RSC,FB,peak_r,expert-naive,animals,8,0.03591208333333333,0.05615733333333334,0.020245250000000003,2.533389470218138,0.0390391449551721,False
CA1-CA3,FB,peak_r,expert-naive,animals,7,0.0853097619047619,0.09410504761904762,0.008795285714285722,2.1208839007050253,0.07818788553851881,False
CA1-DG,FB,peak_r,expert-naive,animals,8,0.06288411458333333,0.06296777529761904,8.366071428571363e-05,0.021610461736747386,0.9833617939954192,False
CA1-V1,FB,peak_r,expert-naive,animals,10,0.039079334126984125,0.06324978253968254,0.024170448412698418,3.992501179387695,0.00314582924115471,True
CA3-DG,FB,peak_r,expert-naive,animals,4,0.11966761904761905,0.13736858630952384,0.017700967261904767,7.344765041588716,0.005215408999115555,True
CA1-SUB,FB,peak_r,expert-naive,animals,4,0.03541983333333333,0.04511322222222222,0.009693388888888887,1.3494190780237616,0.27000454959786685,False
RSC-SUB,FB,peak_r,expert-naive,animals,4,0.06283207142857145,0.07962611904761904,0.01679404761904761,2.942138783955508,0.06040593745276237,False
V1-RSC,FB,peak_r,expert-naive,animals,6,0.07372069444444444,0.09864447222222221,0.02492377777777778,2.2800998037524516,0.07152915363791873,False
