animal,pair,window_bins,window_ms,n_dims,n_pos,n_neg,mixed,frac_pos
28,CA1-CA3,1,10,5,2,3,1,0.4
28,CA1-CA3,2,20,5,2,3,1,0.4
28,CA1-CA3,3,30,5,2,3,1,0.4
28,CA1-CA3,4,40,5,2,3,1,0.4
28,CA1-CA3,5,50,5,3,2,1,0.6
28,CA1-CA3,6,60,5,3,2,1,0.6
28,CA1-CA3,7,70,5,3,2,1,0.6
28,CA1-CA3,8,80,5,3,2,1,0.6
28,CA1-CA3,9,90,5,4,1,1,0.8
28,CA1-CA3,10,100,5,3,2,1,0.6
28,CA1-CA3,11,110,5,3,2,1,0.6
28,CA1-CA3,12,120,5,3,2,1,0.6
28,CA1-CA3,13,130,5,3,2,1,0.6
28,CA1-CA3,14,140,5,3,2,1,0.6
28,CA1-CA3,15,150,5,3,2,1,0.6
28,CA1-CA3,16,160,5,3,2,1,0.6
28,CA1-CA3,17,170,5,3,2,1,0.6
28,CA1-CA3,18,180,5,3,2,1,0.6
28,CA1-CA3,19,190,5,3,2,1,0.6
28,CA1-CA3,20,200,5,4,1,1,0.8
28,CA1-CA3,21,210,5,4,1,1,0.8
28,CA1-CA3,22,220,5,4,1,1,0.8
28,CA1-CA3,23,230,5,5,0,0,1.0
28,CA1-CA3,24,240,5,5,0,0,1.0
28,CA1-CA3,25,250,5,4,1,1,0.8
28,CA1-DG,1,10,5,1,4,1,0.2
28,CA1-DG,2,20,5,1,4,1,0.2
28,CA1-DG,3,30,5,0,5,0,0.0
28,CA1-DG,4,40,5,0,5,0,0.0
28,CA1-DG,5,50,5,0,5,0,0.0
28,CA1-DG,6,60,5,1,4,1,0.2
28,CA1-DG,7,70,5,1,4,1,0.2
28,CA1-DG,8,80,5,1,4,1,0.2
28,CA1-DG,9,90,5,1,4,1,0.2
28,CA1-DG,10,100,5,1,4,1,0.2
28,CA1-DG,11,110,5,1,4,1,0.2
28,CA1-DG,12,120,5,1,4,1,0.2
28,CA1-DG,13,130,5,1,4,1,0.2
28,CA1-DG,14,140,5,1,4,1,0.2
28,CA1-DG,15,150,5,1,4,1,0.2
28,CA1-DG,16,160,5,1,4,1,0.2
28,CA1-DG,17,170,5,1,4,1,0.2
28,CA1-DG,18,180,5,1,4,1,0.2
28,CA1-DG,19,190,5,1,4,1,0.2
28,CA1-DG,20,200,5,1,4,1,0.2
28,CA1-DG,21,210,5,1,4,1,0.2
28,CA1-DG,22,220,5,1,4,1,0.2
28,CA1-DG,23,230,5,1,4,1,0.2
28,CA1-DG,24,240,5,1,4,1,0.2
28,CA1-DG,25,250,5,1,4,1,0.2
28,CA1-V1,1,10,5,2,3,1,0.4
28,CA1-V1,2,20,5,1,4,1,0.2
28,CA1-V1,3,30,5,1,4,1,0.2
28,CA1-V1,4,40,5,1,4,1,0.2
28,CA1-V1,5,50,5,1,4,1,0.2
28,CA1-V1,6,60,5,1,4,1,0.2
28,CA1-V1,7,70,5,1,4,1,0.2
28,CA1-V1,8,80,5,1,4,1,0.2
28,CA1-V1,9,90,5,1,4,1,0.2
28,CA1-V1,10,100,5,1,4,1,0.2
28,CA1-V1,11,110,5,0,5,0,0.0
28,CA1-V1,12,120,5,0,5,0,0.0
28,CA1-V1,13,130,5,0,5,0,0.0
28,CA1-V1,14,140,5,0,5,0,0.0
28,CA1-V1,15,150,5,0,5,0,0.0
28,CA1-V1,16,160,5,0,5,0,0.0
28,CA1-V1,17,170,5,0,5,0,0.0
28,CA1-V1,18,180,5,0,5,0,0.0
28,CA1-V1,19,190,5,0,5,0,0.0
28,CA1-V1,20,200,5,0,5,0,0.0
28,CA1-V1,21,210,5,0,5,0,0.0
28,CA1-V1,22,220,5,0,5,0,0.0
28,CA1-V1,23,230,5,0,5,0,0.0
28,CA1-V1,24,240,5,0,5,0,0.0
28,CA1-V1,25,250,5,0,5,0,0.0
28,CA3-DG,1,10,5,1,4,1,0.2
28,CA3-DG,2,20,5,1,4,1,0.2
28,CA3-DG,3,30,5,1,4,1,0.2
28,CA3-DG,4,40,5,1,4,1,0.2
28,CA3-DG,5,50,5,1,4,1,0.2
28,CA3-DG,6,60,5,1,4,1,0.2
28,CA3-DG,7,70,5,1,4,1,0.2
28,CA3-DG,8,80,5,1,4,1,0.2
28,CA3-DG,9,90,5,1,4,1,0.2
28,CA3-DG,10,100,5,1,4,1,0.2
28,CA3-DG,11,110,5,2,3,1,0.4
28,CA3-DG,12,120,5,3,2,1,0.6
28,CA3-DG,13,130,5,3,2,1,0.6
28,CA3-DG,14,140,5,3,2,1,0.6
28,CA3-DG,15,150,5,3,2,1,0.6
28,CA3-DG,16,160,5,2,3,1,0.4
28,CA3-DG,17,170,5,2,3,1,0.4
28,CA3-DG,18,180,5,2,3,1,0.4
28,CA3-DG,19,190,5,3,2,1,0.6
28,CA3-DG,20,200,5,3,2,1,0.6
28,CA3-DG,21,210,5,3,2,1,0.6
28,CA3-DG,22,220,5,3,2,1,0.6
28,CA3-DG,23,230,5,3,2,1,0.6
28,CA3-DG,24,240,5,2,3,1,0.4
28,CA3-DG,25,250,5,3,2,1,0.6
34,CA1-CA3,1,10,5,3,2,1,0.6
34,CA1-CA3,2,20,5,2,3,1,0.4
34,CA1-CA3,3,30,5,3,2,1,0.6
34,CA1-CA3,4,40,5,2,3,1,0.4
34,CA1-CA3,5,50,5,3,2,1,0.6
34,CA1-CA3,6,60,5,4,1,1,0.8
34,CA1-CA3,7,70,5,4,1,1,0.8
34,CA1-CA3,8,80,5,4,1,1,0.8
34,CA1-CA3,9,90,5,3,2,1,0.6
34,CA1-CA3,10,100,5,4,1,1,0.8
34,CA1-CA3,11,110,5,4,1,1,0.8
34,CA1-CA3,12,120,5,4,1,1,0.8
34,CA1-CA3,13,130,4,3,1,1,0.75
34,CA1-CA3,14,140,5,4,1,1,0.8
34,CA1-CA3,15,150,5,4,1,1,0.8
34,CA1-CA3,16,160,5,5,0,0,1.0
34,CA1-CA3,17,170,5,5,0,0,1.0
34,CA1-CA3,18,180,5,3,2,1,0.6
34,CA1-CA3,19,190,5,3,2,1,0.6
34,CA1-CA3,20,200,5,3,2,1,0.6
34,CA1-CA3,21,210,5,3,2,1,0.6
34,CA1-CA3,22,220,5,3,2,1,0.6
34,CA1-CA3,23,230,5,3,2,1,0.6
34,CA1-CA3,24,240,5,3,2,1,0.6
34,CA1-CA3,25,250,5,3,2,1,0.6
34,CA1-V1,1,10,5,3,2,1,0.6
34,CA1-V1,2,20,5,3,2,1,0.6
34,CA1-V1,3,30,5,3,2,1,0.6
34,CA1-V1,4,40,5,3,2,1,0.6
34,CA1-V1,5,50,5,3,2,1,0.6
34,CA1-V1,6,60,5,3,2,1,0.6
34,CA1-V1,7,70,5,3,2,1,0.6
34,CA1-V1,8,80,5,3,2,1,0.6
34,CA1-V1,9,90,5,3,2,1,0.6
34,CA1-V1,10,100,5,3,2,1,0.6
34,CA1-V1,11,110,5,3,2,1,0.6
34,CA1-V1,12,120,5,3,2,1,0.6
34,CA1-V1,13,130,5,3,2,1,0.6
34,CA1-V1,14,140,5,3,2,1,0.6
34,CA1-V1,15,150,5,3,2,1,0.6
34,CA1-V1,16,160,5,3,2,1,0.6
34,CA1-V1,17,170,5,3,2,1,0.6
34,CA1-V1,18,180,5,3,2,1,0.6
34,CA1-V1,19,190,5,3,2,1,0.6
34,CA1-V1,20,200,5,3,2,1,0.6
34,CA1-V1,21,210,5,3,2,1,0.6
34,CA1-V1,22,220,5,3,2,1,0.6
34,CA1-V1,23,230,5,3,2,1,0.6
34,CA1-V1,24,240,5,3,2,1,0.6
34,CA1-V1,25,250,5,3,2,1,0.6
36,CA1-CA3,1,10,5,2,3,1,0.4
36,CA1-CA3,2,20,5,3,2,1,0.6
36,CA1-CA3,3,30,5,3,2,1,0.6
36,CA1-CA3,4,40,5,3,2,1,0.6
36,CA1-CA3,5,50,5,3,2,1,0.6
36,CA1-CA3,6,60,5,1,4,1,0.2
36,CA1-CA3,7,70,5,2,3,1,0.4
36,CA1-CA3,8,80,5,2,3,1,0.4
36,CA1-CA3,9,90,5,3,2,1,0.6
36,CA1-CA3,10,100,5,2,3,1,0.4
36,CA1-CA3,11,110,5,2,3,1,0.4
36,CA1-CA3,12,120,5,2,3,1,0.4
36,CA1-CA3,13,130,5,1,4,1,0.2
36,CA1-CA3,14,140,5,1,4,1,0.2
36,CA1-CA3,15,150,5,1,4,1,0.2
36,CA1-CA3,16,160,5,2,3,1,0.4
36,CA1-CA3,17,170,5,2,3,1,0.4
36,CA1-CA3,18,180,5,1,4,1,0.2
36,CA1-CA3,19,190,5,1,4,1,0.2
36,CA1-CA3,20,200,5,1,4,1,0.2
36,CA1-CA3,21,210,5,1,4,1,0.2
36,CA1-CA3,22,220,5,1,4,1,0.2
36,CA1-CA3,23,230,5,0,5,0,0.0
36,CA1-CA3,24,240,5,1,4,1,0.2
36,CA1-CA3,25,250,5,1,4,1,0.2
36,CA1-V1,1,10,5,2,3,1,0.4
36,CA1-V1,2,20,5,4,1,1,0.8
36,CA1-V1,3,30,5,4,1,1,0.8
36,CA1-V1,4,40,5,4,1,1,0.8
36,CA1-V1,5,50,5,4,1,1,0.8
36,CA1-V1,6,60,5,4,1,1,0.8
36,CA1-V1,7,70,5,4,1,1,0.8
36,CA1-V1,8,80,5,4,1,1,0.8
36,CA1-V1,9,90,5,4,1,1,0.8
36,CA1-V1,10,100,5,3,2,1,0.6
36,CA1-V1,11,110,5,3,2,1,0.6
36,CA1-V1,12,120,5,3,2,1,0.6
36,CA1-V1,13,130,5,3,2,1,0.6
36,CA1-V1,14,140,5,2,3,1,0.4
36,CA1-V1,15,150,5,2,3,1,0.4
36,CA1-V1,16,160,5,2,3,1,0.4
36,CA1-V1,17,170,5,3,2,1,0.6
36,CA1-V1,18,180,5,2,3,1,0.4
36,CA1-V1,19,190,5,3,2,1,0.6
36,CA1-V1,20,200,5,3,2,1,0.6
36,CA1-V1,21,210,5,3,2,1,0.6
36,CA1-V1,22,220,5,3,2,1,0.6
36,CA1-V1,23,230,5,3,2,1,0.6
36,CA1-V1,24,240,5,3,2,1,0.6
36,CA1-V1,25,250,5,3,2,1,0.6
41,CA1-CA3,1,10,5,4,1,1,0.8
41,CA1-CA3,2,20,5,4,1,1,0.8
41,CA1-CA3,3,30,5,4,1,1,0.8
41,CA1-CA3,4,40,5,4,1,1,0.8
41,CA1-CA3,5,50,5,4,1,1,0.8
41,CA1-CA3,6,60,5,4,1,1,0.8
41,CA1-CA3,7,70,5,4,1,1,0.8
41,CA1-CA3,8,80,5,4,1,1,0.8
41,CA1-CA3,9,90,5,4,1,1,0.8
41,CA1-CA3,10,100,5,4,1,1,0.8
41,CA1-CA3,11,110,5,4,1,1,0.8
41,CA1-CA3,12,120,5,4,1,1,0.8
41,CA1-CA3,13,130,5,4,1,1,0.8
41,CA1-CA3,14,140,5,4,1,1,0.8
41,CA1-CA3,15,150,5,4,1,1,0.8
41,CA1-CA3,16,160,5,4,1,1,0.8
41,CA1-CA3,17,170,5,4,1,1,0.8
41,CA1-CA3,18,180,5,4,1,1,0.8
41,CA1-CA3,19,190,5,4,1,1,0.8
41,CA1-CA3,20,200,5,4,1,1,0.8
41,CA1-CA3,21,210,5,4,1,1,0.8
41,CA1-CA3,22,220,5,4,1,1,0.8
41,CA1-CA3,23,230,5,4,1,1,0.8
41,CA1-CA3,24,240,5,4,1,1,0.8
41,CA1-CA3,25,250,5,4,1,1,0.8
41,CA1-V1,1,10,5,2,3,1,0.4
41,CA1-V1,2,20,5,2,3,1,0.4
41,CA1-V1,3,30,5,1,4,1,0.2
41,CA1-V1,4,40,5,1,4,1,0.2
41,CA1-V1,5,50,5,1,4,1,0.2
41,CA1-V1,6,60,5,2,3,1,0.4
41,CA1-V1,7,70,5,2,3,1,0.4
41,CA1-V1,8,80,5,2,3,1,0.4
41,CA1-V1,9,90,5,2,3,1,0.4
41,CA1-V1,10,100,5,2,3,1,0.4
41,CA1-V1,11,110,5,3,2,1,0.6
41,CA1-V1,12,120,5,2,3,1,0.4
41,CA1-V1,13,130,5,1,4,1,0.2
41,CA1-V1,14,140,5,2,3,1,0.4
41,CA1-V1,15,150,5,2,3,1,0.4
41,CA1-V1,16,160,5,2,3,1,0.4
41,CA1-V1,17,170,5,2,3,1,0.4
41,CA1-V1,18,180,5,2,3,1,0.4
41,CA1-V1,19,190,5,2,3,1,0.4
41,CA1-V1,20,200,5,2,3,1,0.4
41,CA1-V1,21,210,5,2,3,1,0.4
41,CA1-V1,22,220,5,3,2,1,0.6
41,CA1-V1,23,230,5,3,2,1,0.6
41,CA1-V1,24,240,5,3,2,1,0.6
41,CA1-V1,25,250,5,3,2,1,0.6
52,CA1-CA3,1,10,5,3,2,1,0.6
52,CA1-CA3,2,20,5,3,2,1,0.6
52,CA1-CA3,3,30,5,3,2,1,0.6
52,CA1-CA3,4,40,5,4,1,1,0.8
52,CA1-CA3,5,50,5,3,2,1,0.6
52,CA1-CA3,6,60,5,3,2,1,0.6
52,CA1-CA3,7,70,5,3,2,1,0.6
52,CA1-CA3,8,80,5,3,2,1,0.6
52,CA1-CA3,9,90,4,4,0,0,1.0
52,CA1-CA3,10,100,5,3,2,1,0.6
52,CA1-CA3,11,110,5,4,1,1,0.8
52,CA1-CA3,12,120,5,4,1,1,0.8
52,CA1-CA3,13,130,5,4,1,1,0.8
52,CA1-CA3,14,140,5,4,1,1,0.8
52,CA1-CA3,15,150,5,3,2,1,0.6
52,CA1-CA3,16,160,5,3,2,1,0.6
52,CA1-CA3,17,170,5,3,2,1,0.6
52,CA1-CA3,18,180,5,2,3,1,0.4
52,CA1-CA3,19,190,5,2,3,1,0.4
52,CA1-CA3,20,200,5,3,2,1,0.6
52,CA1-CA3,21,210,5,3,2,1,0.6
52,CA1-CA3,22,220,5,3,2,1,0.6
52,CA1-CA3,23,230,5,4,1,1,0.8
52,CA1-CA3,24,240,5,4,1,1,0.8
52,CA1-CA3,25,250,5,4,1,1,0.8
52,CA1-DG,1,10,5,0,5,0,0.0
52,CA1-DG,2,20,5,1,4,1,0.2
52,CA1-DG,3,30,5,1,4,1,0.2
52,CA1-DG,4,40,5,2,3,1,0.4
52,CA1-DG,5,50,5,1,4,1,0.2
52,CA1-DG,6,60,5,1,4,1,0.2
52,CA1-DG,7,70,5,1,4,1,0.2
52,CA1-DG,8,80,5,1,4,1,0.2
52,CA1-DG,9,90,5,1,4,1,0.2
52,CA1-DG,10,100,5,2,3,1,0.4
52,CA1-DG,11,110,5,2,3,1,0.4
52,CA1-DG,12,120,5,2,3,1,0.4
52,CA1-DG,13,130,5,2,3,1,0.4
52,CA1-DG,14,140,5,2,3,1,0.4
52,CA1-DG,15,150,5,2,3,1,0.4
52,CA1-DG,16,160,5,2,3,1,0.4
52,CA1-DG,17,170,5,2,3,1,0.4
52,CA1-DG,18,180,5,2,3,1,0.4
52,CA1-DG,19,190,5,2,3,1,0.4
52,CA1-DG,20,200,5,2,3,1,0.4
52,CA1-DG,21,210,5,2,3,1,0.4
52,CA1-DG,22,220,5,2,3,1,0.4
52,CA1-DG,23,230,5,2,3,1,0.4
52,CA1-DG,24,240,5,2,3,1,0.4
52,CA1-DG,25,250,5,2,3,1,0.4
52,CA1-RSC,1,10,5,4,1,1,0.8
52,CA1-RSC,2,20,5,4,1,1,0.8
52,CA1-RSC,3,30,5,4,1,1,0.8
52,CA1-RSC,4,40,5,4,1,1,0.8
52,CA1-RSC,5,50,5,4,1,1,0.8
52,CA1-RSC,6,60,5,4,1,1,0.8
52,CA1-RSC,7,70,5,4,1,1,0.8
52,CA1-RSC,8,80,5,4,1,1,0.8
52,CA1-RSC,9,90,5,4,1,1,0.8
52,CA1-RSC,10,100,5,4,1,1,0.8
52,CA1-RSC,11,110,5,4,1,1,0.8
52,CA1-RSC,12,120,5,4,1,1,0.8
52,CA1-RSC,13,130,5,4,1,1,0.8
52,CA1-RSC,14,140,5,4,1,1,0.8
52,CA1-RSC,15,150,5,4,1,1,0.8
52,CA1-RSC,16,160,5,4,1,1,0.8
52,CA1-RSC,17,170,5,4,1,1,0.8
52,CA1-RSC,18,180,5,4,1,1,0.8
52,CA1-RSC,19,190,5,4,1,1,0.8
52,CA1-RSC,20,200,5,4,1,1,0.8
52,CA1-RSC,21,210,5,4,1,1,0.8
52,CA1-RSC,22,220,5,4,1,1,0.8
52,CA1-RSC,23,230,5,4,1,1,0.8
52,CA1-RSC,24,240,5,4,1,1,0.8
52,CA1-RSC,25,250,5,3,2,1,0.6
52,CA1-V1,1,10,5,2,3,1,0.4
52,CA1-V1,2,20,5,1,4,1,0.2
52,CA1-V1,3,30,5,2,3,1,0.4
52,CA1-V1,4,40,5,3,2,1,0.6
52,CA1-V1,5,50,5,3,2,1,0.6
52,CA1-V1,6,60,5,3,2,1,0.6
52,CA1-V1,7,70,5,1,4,1,0.2
52,CA1-V1,8,80,5,2,3,1,0.4
52,CA1-V1,9,90,5,2,3,1,0.4
52,CA1-V1,10,100,5,2,3,1,0.4
52,CA1-V1,11,110,5,2,3,1,0.4
52,CA1-V1,12,120,5,2,3,1,0.4
52,CA1-V1,13,130,5,2,3,1,0.4
52,CA1-V1,14,140,5,2,3,1,0.4
52,CA1-V1,15,150,5,1,4,1,0.2
52,CA1-V1,16,160,5,1,4,1,0.2
52,CA1-V1,17,170,5,1,4,1,0.2
52,CA1-V1,18,180,5,2,3,1,0.4
52,CA1-V1,19,190,5,2,3,1,0.4
52,CA1-V1,20,200,5,2,3,1,0.4
52,CA1-V1,21,210,5,2,3,1,0.4
52,CA1-V1,22,220,5,1,4,1,0.2
52,CA1-V1,23,230,5,1,4,1,0.2
52,CA1-V1,24,240,5,1,4,1,0.2
52,CA1-V1,25,250,5,1,4,1,0.2
52,CA3-DG,1,10,5,1,4,1,0.2
52,CA3-DG,2,20,5,1,4,1,0.2
52,CA3-DG,3,30,5,2,3,1,0.4
52,CA3-DG,4,40,5,2,3,1,0.4
52,CA3-DG,5,50,5,2,3,1,0.4
52,CA3-DG,6,60,5,2,3,1,0.4
52,CA3-DG,7,70,5,3,2,1,0.6
52,CA3-DG,8,80,5,3,2,1,0.6
52,CA3-DG,9,90,5,4,1,1,0.8
52,CA3-DG,10,100,5,4,1,1,0.8
52,CA3-DG,11,110,5,2,3,1,0.4
52,CA3-DG,12,120,5,2,3,1,0.4
52,CA3-DG,13,130,5,2,3,1,0.4
52,CA3-DG,14,140,5,2,3,1,0.4
52,CA3-DG,15,150,5,2,3,1,0.4
52,CA3-DG,16,160,5,2,3,1,0.4
52,CA3-DG,17,170,5,2,3,1,0.4
52,CA3-DG,18,180,5,2,3,1,0.4
52,CA3-DG,19,190,5,2,3,1,0.4
52,CA3-DG,20,200,5,2,3,1,0.4
52,CA3-DG,21,210,5,2,3,1,0.4
52,CA3-DG,22,220,5,2,3,1,0.4
52,CA3-DG,23,230,5,2,3,1,0.4
52,CA3-DG,24,240,5,2,3,1,0.4
52,CA3-DG,25,250,5,2,3,1,0.4
52,V1-RSC,1,10,5,3,2,1,0.6
52,V1-RSC,2,20,5,3,2,1,0.6
52,V1-RSC,3,30,5,3,2,1,0.6
52,V1-RSC,4,40,5,5,0,0,1.0
52,V1-RSC,5,50,5,5,0,0,1.0
52,V1-RSC,6,60,5,5,0,0,1.0
52,V1-RSC,7,70,5,5,0,0,1.0
52,V1-RSC,8,80,5,5,0,0,1.0
52,V1-RSC,9,90,5,5,0,0,1.0
52,V1-RSC,10,100,5,4,1,1,0.8
52,V1-RSC,11,110,5,4,1,1,0.8
52,V1-RSC,12,120,5,4,1,1,0.8
52,V1-RSC,13,130,5,4,1,1,0.8
52,V1-RSC,14,140,5,4,1,1,0.8
52,V1-RSC,15,150,5,4,1,1,0.8
52,V1-RSC,16,160,5,4,1,1,0.8
52,V1-RSC,17,170,5,4,1,1,0.8
52,V1-RSC,18,180,5,4,1,1,0.8
52,V1-RSC,19,190,5,4,1,1,0.8
52,V1-RSC,20,200,5,4,1,1,0.8
52,V1-RSC,21,210,5,4,1,1,0.8
52,V1-RSC,22,220,5,4,1,1,0.8
52,V1-RSC,23,230,5,4,1,1,0.8
52,V1-RSC,24,240,5,4,1,1,0.8
52,V1-RSC,25,250,5,4,1,1,0.8
61,CA1-CA3,1,10,5,3,2,1,0.6
61,CA1-CA3,2,20,5,3,2,1,0.6
61,CA1-CA3,3,30,5,3,2,1,0.6
61,CA1-CA3,4,40,5,4,1,1,0.8
61,CA1-CA3,5,50,5,4,1,1,0.8
61,CA1-CA3,6,60,5,4,1,1,0.8
61,CA1-CA3,7,70,5,4,1,1,0.8
61,CA1-CA3,8,80,5,4,1,1,0.8
61,CA1-CA3,9,90,5,3,2,1,0.6
61,CA1-CA3,10,100,5,4,1,1,0.8
61,CA1-CA3,11,110,5,4,1,1,0.8
61,CA1-CA3,12,120,5,4,1,1,0.8
61,CA1-CA3,13,130,5,3,2,1,0.6
61,CA1-CA3,14,140,5,3,2,1,0.6
61,CA1-CA3,15,150,5,4,1,1,0.8
61,CA1-CA3,16,160,5,4,1,1,0.8
61,CA1-CA3,17,170,5,4,1,1,0.8
61,CA1-CA3,18,180,5,4,1,1,0.8
61,CA1-CA3,19,190,5,4,1,1,0.8
61,CA1-CA3,20,200,5,3,2,1,0.6
61,CA1-CA3,21,210,5,3,2,1,0.6
61,CA1-CA3,22,220,5,3,2,1,0.6
61,CA1-CA3,23,230,5,3,2,1,0.6
61,CA1-CA3,24,240,5,3,2,1,0.6
61,CA1-CA3,25,250,5,3,2,1,0.6
61,CA1-DG,1,10,5,3,2,1,0.6
61,CA1-DG,2,20,5,3,2,1,0.6
61,CA1-DG,3,30,5,4,1,1,0.8
61,CA1-DG,4,40,5,3,2,1,0.6
61,CA1-DG,5,50,5,3,2,1,0.6
61,CA1-DG,6,60,5,3,2,1,0.6
61,CA1-DG,7,70,5,4,1,1,0.8
61,CA1-DG,8,80,5,4,1,1,0.8
61,CA1-DG,9,90,5,4,1,1,0.8
61,CA1-DG,10,100,5,4,1,1,0.8
61,CA1-DG,11,110,5,4,1,1,0.8
61,CA1-DG,12,120,5,3,2,1,0.6
61,CA1-DG,13,130,5,3,2,1,0.6
61,CA1-DG,14,140,5,3,2,1,0.6
61,CA1-DG,15,150,5,3,2,1,0.6
61,CA1-DG,16,160,5,3,2,1,0.6
61,CA1-DG,17,170,5,3,2,1,0.6
61,CA1-DG,18,180,5,3,2,1,0.6
61,CA1-DG,19,190,5,3,2,1,0.6
61,CA1-DG,20,200,5,3,2,1,0.6
61,CA1-DG,21,210,5,3,2,1,0.6
61,CA1-DG,22,220,5,3,2,1,0.6
61,CA1-DG,23,230,5,3,2,1,0.6
61,CA1-DG,24,240,5,3,2,1,0.6
61,CA1-DG,25,250,5,3,2,1,0.6
61,CA1-RSC,1,10,5,5,0,0,1.0
61,CA1-RSC,2,20,5,5,0,0,1.0
61,CA1-RSC,3,30,5,5,0,0,1.0
61,CA1-RSC,4,40,5,5,0,0,1.0
61,CA1-RSC,5,50,5,5,0,0,1.0
61,CA1-RSC,6,60,5,5,0,0,1.0
61,CA1-RSC,7,70,5,5,0,0,1.0
61,CA1-RSC,8,80,5,5,0,0,1.0
61,CA1-RSC,9,90,5,5,0,0,1.0
61,CA1-RSC,10,100,5,5,0,0,1.0
61,CA1-RSC,11,110,5,5,0,0,1.0
61,CA1-RSC,12,120,5,5,0,0,1.0
61,CA1-RSC,13,130,5,5,0,0,1.0
61,CA1-RSC,14,140,5,5,0,0,1.0
61,CA1-RSC,15,150,5,5,0,0,1.0
61,CA1-RSC,16,160,5,5,0,0,1.0
61,CA1-RSC,17,170,5,5,0,0,1.0
61,CA1-RSC,18,180,5,5,0,0,1.0
61,CA1-RSC,19,190,5,5,0,0,1.0
61,CA1-RSC,20,200,5,5,0,0,1.0
61,CA1-RSC,21,210,5,5,0,0,1.0
61,CA1-RSC,22,220,5,5,0,0,1.0
61,CA1-RSC,23,230,5,5,0,0,1.0
61,CA1-RSC,24,240,5,4,1,1,0.8
61,CA1-RSC,25,250,5,4,1,1,0.8
61,CA1-V1,1,10,5,2,3,1,0.4
61,CA1-V1,2,20,5,2,3,1,0.4
61,CA1-V1,3,30,5,2,3,1,0.4
61,CA1-V1,4,40,5,3,2,1,0.6
61,CA1-V1,5,50,5,2,3,1,0.4
61,CA1-V1,6,60,5,2,3,1,0.4
61,CA1-V1,7,70,5,2,3,1,0.4
61,CA1-V1,8,80,5,2,3,1,0.4
61,CA1-V1,9,90,5,1,4,1,0.2
61,CA1-V1,10,100,5,1,4,1,0.2
61,CA1-V1,11,110,5,1,4,1,0.2
61,CA1-V1,12,120,5,0,5,0,0.0
61,CA1-V1,13,130,5,0,5,0,0.0
61,CA1-V1,14,140,5,0,5,0,0.0
61,CA1-V1,15,150,5,0,5,0,0.0
61,CA1-V1,16,160,5,0,5,0,0.0
61,CA1-V1,17,170,5,0,5,0,0.0
61,CA1-V1,18,180,5,0,5,0,0.0
61,CA1-V1,19,190,5,0,5,0,0.0
61,CA1-V1,20,200,5,1,4,1,0.2
61,CA1-V1,21,210,5,1,4,1,0.2
61,CA1-V1,22,220,5,1,4,1,0.2
61,CA1-V1,23,230,5,1,4,1,0.2
61,CA1-V1,24,240,5,1,4,1,0.2
61,CA1-V1,25,250,5,1,4,1,0.2
61,CA3-DG,1,10,5,0,5,0,0.0
61,CA3-DG,2,20,5,0,5,0,0.0
61,CA3-DG,3,30,5,0,5,0,0.0
61,CA3-DG,4,40,5,0,5,0,0.0
61,CA3-DG,5,50,5,1,4,1,0.2
61,CA3-DG,6,60,5,0,5,0,0.0
61,CA3-DG,7,70,5,0,5,0,0.0
61,CA3-DG,8,80,5,0,5,0,0.0
61,CA3-DG,9,90,5,0,5,0,0.0
61,CA3-DG,10,100,5,0,5,0,0.0
61,CA3-DG,11,110,5,0,5,0,0.0
61,CA3-DG,12,120,5,0,5,0,0.0
61,CA3-DG,13,130,5,0,5,0,0.0
61,CA3-DG,14,140,5,0,5,0,0.0
61,CA3-DG,15,150,5,0,5,0,0.0
61,CA3-DG,16,160,5,0,5,0,0.0
61,CA3-DG,17,170,5,0,5,0,0.0
61,CA3-DG,18,180,5,0,5,0,0.0
61,CA3-DG,19,190,5,0,5,0,0.0
61,CA3-DG,20,200,5,0,5,0,0.0
61,CA3-DG,21,210,5,0,5,0,0.0
61,CA3-DG,22,220,5,0,5,0,0.0
61,CA3-DG,23,230,5,0,5,0,0.0
61,CA3-DG,24,240,5,0,5,0,0.0
61,CA3-DG,25,250,5,0,5,0,0.0
61,V1-RSC,1,10,5,4,1,1,0.8
61,V1-RSC,2,20,5,4,1,1,0.8
61,V1-RSC,3,30,5,4,1,1,0.8
61,V1-RSC,4,40,5,4,1,1,0.8
61,V1-RSC,5,50,5,4,1,1,0.8
61,V1-RSC,6,60,5,4,1,1,0.8
61,V1-RSC,7,70,5,4,1,1,0.8
61,V1-RSC,8,80,5,4,1,1,0.8
61,V1-RSC,9,90,5,5,0,0,1.0
61,V1-RSC,10,100,5,5,0,0,1.0
61,V1-RSC,11,110,5,5,0,0,1.0
61,V1-RSC,12,120,5,5,0,0,1.0
61,V1-RSC,13,130,5,5,0,0,1.0
61,V1-RSC,14,140,5,5,0,0,1.0
61,V1-RSC,15,150,5,5,0,0,1.0
61,V1-RSC,16,160,5,5,0,0,1.0
61,V1-RSC,17,170,5,5,0,0,1.0
61,V1-RSC,18,180,5,5,0,0,1.0
61,V1-RSC,19,190,5,5,0,0,1.0
61,V1-RSC,20,200,5,5,0,0,1.0
61,V1-RSC,21,210,5,5,0,0,1.0
61,V1-RSC,22,220,5,5,0,0,1.0
61,V1-RSC,23,230,5,5,0,0,1.0
61,V1-RSC,24,240,5,5,0,0,1.0
61,V1-RSC,25,250,5,5,0,0,1.0
63,CA1-RSC,1,10,5,3,2,1,0.6
63,CA1-RSC,2,20,5,3,2,1,0.6
63,CA1-RSC,3,30,5,3,2,1,0.6
63,CA1-RSC,4,40,5,3,2,1,0.6
63,CA1-RSC,5,50,5,4,1,1,0.8
63,CA1-RSC,6,60,5,4,1,1,0.8
63,CA1-RSC,7,70,5,4,1,1,0.8
63,CA1-RSC,8,80,5,4,1,1,0.8
63,CA1-RSC,9,90,5,4,1,1,0.8
63,CA1-RSC,10,100,5,2,3,1,0.4
63,CA1-RSC,11,110,5,2,3,1,0.4
63,CA1-RSC,12,120,5,3,2,1,0.6
63,CA1-RSC,13,130,5,3,2,1,0.6
63,CA1-RSC,14,140,5,3,2,1,0.6
63,CA1-RSC,15,150,5,3,2,1,0.6
63,CA1-RSC,16,160,5,2,3,1,0.4
63,CA1-RSC,17,170,5,2,3,1,0.4
63,CA1-RSC,18,180,5,3,2,1,0.6
63,CA1-RSC,19,190,5,3,2,1,0.6
63,CA1-RSC,20,200,5,3,2,1,0.6
63,CA1-RSC,21,210,5,3,2,1,0.6
63,CA1-RSC,22,220,5,3,2,1,0.6
63,CA1-RSC,23,230,5,3,2,1,0.6
63,CA1-RSC,24,240,5,3,2,1,0.6
63,CA1-RSC,25,250,5,3,2,1,0.6
66,CA1-DG,1,10,5,3,2,1,0.6
66,CA1-DG,2,20,5,2,3,1,0.4
66,CA1-DG,3,30,5,2,3,1,0.4
66,CA1-DG,4,40,5,2,3,1,0.4
66,CA1-DG,5,50,5,2,3,1,0.4
66,CA1-DG,6,60,5,3,2,1,0.6
66,CA1-DG,7,70,5,3,2,1,0.6
66,CA1-DG,8,80,5,3,2,1,0.6
66,CA1-DG,9,90,5,4,1,1,0.8
66,CA1-DG,10,100,5,4,1,1,0.8
66,CA1-DG,11,110,5,4,1,1,0.8
66,CA1-DG,12,120,5,4,1,1,0.8
66,CA1-DG,13,130,5,3,2,1,0.6
66,CA1-DG,14,140,5,3,2,1,0.6
66,CA1-DG,15,150,5,3,2,1,0.6
66,CA1-DG,16,160,5,3,2,1,0.6
66,CA1-DG,17,170,5,3,2,1,0.6
66,CA1-DG,18,180,5,3,2,1,0.6
66,CA1-DG,19,190,5,3,2,1,0.6
66,CA1-DG,20,200,5,3,2,1,0.6
66,CA1-DG,21,210,5,3,2,1,0.6
66,CA1-DG,22,220,5,3,2,1,0.6
66,CA1-DG,23,230,5,4,1,1,0.8
66,CA1-DG,24,240,5,4,1,1,0.8
66,CA1-DG,25,250,5,4,1,1,0.8
66,CA1-RSC,1,10,5,1,4,1,0.2
66,CA1-RSC,2,20,5,2,3,1,0.4
66,CA1-RSC,3,30,5,4,1,1,0.8
66,CA1-RSC,4,40,5,4,1,1,0.8
66,CA1-RSC,5,50,5,4,1,1,0.8
66,CA1-RSC,6,60,5,4,1,1,0.8
66,CA1-RSC,7,70,5,4,1,1,0.8
66,CA1-RSC,8,80,5,4,1,1,0.8
66,CA1-RSC,9,90,5,4,1,1,0.8
66,CA1-RSC,10,100,5,4,1,1,0.8
66,CA1-RSC,11,110,5,3,2,1,0.6
66,CA1-RSC,12,120,5,3,2,1,0.6
66,CA1-RSC,13,130,5,3,2,1,0.6
66,CA1-RSC,14,140,5,3,2,1,0.6
66,CA1-RSC,15,150,5,3,2,1,0.6
66,CA1-RSC,16,160,5,3,2,1,0.6
66,CA1-RSC,17,170,5,3,2,1,0.6
66,CA1-RSC,18,180,5,3,2,1,0.6
66,CA1-RSC,19,190,5,3,2,1,0.6
66,CA1-RSC,20,200,5,3,2,1,0.6
66,CA1-RSC,21,210,5,3,2,1,0.6
66,CA1-RSC,22,220,5,3,2,1,0.6
66,CA1-RSC,23,230,5,3,2,1,0.6
66,CA1-RSC,24,240,5,2,3,1,0.4
66,CA1-RSC,25,250,5,2,3,1,0.4
66,CA1-SUB,1,10,5,1,4,1,0.2
66,CA1-SUB,2,20,5,1,4,1,0.2
66,CA1-SUB,3,30,5,0,5,0,0.0
66,CA1-SUB,4,40,5,0,5,0,0.0
66,CA1-SUB,5,50,5,1,4,1,0.2
66,CA1-SUB,6,60,5,1,4,1,0.2
66,CA1-SUB,7,70,5,1,4,1,0.2
66,CA1-SUB,8,80,5,1,4,1,0.2
66,CA1-SUB,9,90,5,1,4,1,0.2
66,CA1-SUB,10,100,5,1,4,1,0.2
66,CA1-SUB,11,110,5,1,4,1,0.2
66,CA1-SUB,12,120,5,1,4,1,0.2
66,CA1-SUB,13,130,5,2,3,1,0.4
66,CA1-SUB,14,140,5,2,3,1,0.4
66,CA1-SUB,15,150,5,2,3,1,0.4
66,CA1-SUB,16,160,5,2,3,1,0.4
66,CA1-SUB,17,170,5,2,3,1,0.4
66,CA1-SUB,18,180,5,2,3,1,0.4
66,CA1-SUB,19,190,5,2,3,1,0.4
66,CA1-SUB,20,200,5,2,3,1,0.4
66,CA1-SUB,21,210,5,2,3,1,0.4
66,CA1-SUB,22,220,5,2,3,1,0.4
66,CA1-SUB,23,230,5,2,3,1,0.4
66,CA1-SUB,24,240,5,2,3,1,0.4
66,CA1-SUB,25,250,5,2,3,1,0.4
66,CA1-V1,1,10,5,3,2,1,0.6
66,CA1-V1,2,20,5,3,2,1,0.6
66,CA1-V1,3,30,5,4,1,1,0.8
66,CA1-V1,4,40,5,4,1,1,0.8
66,CA1-V1,5,50,5,4,1,1,0.8
66,CA1-V1,6,60,5,3,2,1,0.6
66,CA1-V1,7,70,5,2,3,1,0.4
66,CA1-V1,8,80,5,2,3,1,0.4
66,CA1-V1,9,90,5,2,3,1,0.4
66,CA1-V1,10,100,5,2,3,1,0.4
66,CA1-V1,11,110,5,2,3,1,0.4
66,CA1-V1,12,120,5,1,4,1,0.2
66,CA1-V1,13,130,5,1,4,1,0.2
66,CA1-V1,14,140,5,1,4,1,0.2
66,CA1-V1,15,150,5,0,5,0,0.0
66,CA1-V1,16,160,5,0,5,0,0.0
66,CA1-V1,17,170,5,0,5,0,0.0
66,CA1-V1,18,180,5,0,5,0,0.0
66,CA1-V1,19,190,5,0,5,0,0.0
66,CA1-V1,20,200,5,0,5,0,0.0
66,CA1-V1,21,210,5,0,5,0,0.0
66,CA1-V1,22,220,5,0,5,0,0.0
66,CA1-V1,23,230,5,0,5,0,0.0
66,CA1-V1,24,240,5,0,5,0,0.0
66,CA1-V1,25,250,5,0,5,0,0.0
66,RSC-SUB,1,10,5,3,2,1,0.6
66,RSC-SUB,2,20,4,3,1,1,0.75
66,RSC-SUB,3,30,5,4,1,1,0.8
66,RSC-SUB,4,40,5,5,0,0,1.0
66,RSC-SUB,5,50,5,5,0,0,1.0
66,RSC-SUB,6,60,5,5,0,0,1.0
66,RSC-SUB,7,70,5,4,1,1,0.8
66,RSC-SUB,8,80,5,3,2,1,0.6
66,RSC-SUB,9,90,5,3,2,1,0.6
66,RSC-SUB,10,100,5,3,2,1,0.6
66,RSC-SUB,11,110,5,3,2,1,0.6
66,RSC-SUB,12,120,5,3,2,1,0.6
66,RSC-SUB,13,130,5,3,2,1,0.6
66,RSC-SUB,14,140,5,3,2,1,0.6
66,RSC-SUB,15,150,5,1,4,1,0.2
66,RSC-SUB,16,160,5,1,4,1,0.2
66,RSC-SUB,17,170,5,1,4,1,0.2
66,RSC-SUB,18,180,5,1,4,1,0.2
66,RSC-SUB,19,190,5,1,4,1,0.2
66,RSC-SUB,20,200,5,1,4,1,0.2
66,RSC-SUB,21,210,5,1,4,1,0.2
66,RSC-SUB,22,220,5,1,4,1,0.2
66,RSC-SUB,23,230,5,1,4,1,0.2
66,RSC-SUB,24,240,5,1,4,1,0.2
66,RSC-SUB,25,250,5,1,4,1,0.2
66,V1-RSC,1,10,5,5,0,0,1.0
66,V1-RSC,2,20,5,5,0,0,1.0
66,V1-RSC,3,30,5,5,0,0,1.0
66,V1-RSC,4,40,5,5,0,0,1.0
66,V1-RSC,5,50,5,4,1,1,0.8
66,V1-RSC,6,60,5,4,1,1,0.8
66,V1-RSC,7,70,5,4,1,1,0.8
66,V1-RSC,8,80,5,3,2,1,0.6
66,V1-RSC,9,90,5,2,3,1,0.4
66,V1-RSC,10,100,5,2,3,1,0.4
66,V1-RSC,11,110,5,1,4,1,0.2
66,V1-RSC,12,120,5,1,4,1,0.2
66,V1-RSC,13,130,5,1,4,1,0.2
66,V1-RSC,14,140,5,1,4,1,0.2
66,V1-RSC,15,150,5,0,5,0,0.0
66,V1-RSC,16,160,5,0,5,0,0.0
66,V1-RSC,17,170,5,0,5,0,0.0
66,V1-RSC,18,180,5,0,5,0,0.0
66,V1-RSC,19,190,5,0,5,0,0.0
66,V1-RSC,20,200,5,0,5,0,0.0
66,V1-RSC,21,210,5,0,5,0,0.0
66,V1-RSC,22,220,5,0,5,0,0.0
66,V1-RSC,23,230,5,0,5,0,0.0
66,V1-RSC,24,240,5,0,5,0,0.0
66,V1-RSC,25,250,5,0,5,0,0.0
68,CA1-CA3,1,10,5,2,3,1,0.4
68,CA1-CA3,2,20,5,1,4,1,0.2
68,CA1-CA3,3,30,5,1,4,1,0.2
68,CA1-CA3,4,40,5,0,5,0,0.0
68,CA1-CA3,5,50,5,1,4,1,0.2
68,CA1-CA3,6,60,5,1,4,1,0.2
68,CA1-CA3,7,70,5,1,4,1,0.2
68,CA1-CA3,8,80,5,1,4,1,0.2
68,CA1-CA3,9,90,5,1,4,1,0.2
68,CA1-CA3,10,100,5,1,4,1,0.2
68,CA1-CA3,11,110,5,1,4,1,0.2
68,CA1-CA3,12,120,5,0,5,0,0.0
68,CA1-CA3,13,130,5,0,5,0,0.0
68,CA1-CA3,14,140,5,1,4,1,0.2
68,CA1-CA3,15,150,5,1,4,1,0.2
68,CA1-CA3,16,160,5,1,4,1,0.2
68,CA1-CA3,17,170,5,1,4,1,0.2
68,CA1-CA3,18,180,5,1,4,1,0.2
68,CA1-CA3,19,190,5,1,4,1,0.2
68,CA1-CA3,20,200,5,1,4,1,0.2
68,CA1-CA3,21,210,5,1,4,1,0.2
68,CA1-CA3,22,220,5,1,4,1,0.2
68,CA1-CA3,23,230,5,1,4,1,0.2
68,CA1-CA3,24,240,5,1,4,1,0.2
68,CA1-CA3,25,250,5,0,5,0,0.0
68,CA1-DG,1,10,5,4,1,1,0.8
68,CA1-DG,2,20,5,2,3,1,0.4
68,CA1-DG,3,30,5,2,3,1,0.4
68,CA1-DG,4,40,5,0,5,0,0.0
68,CA1-DG,5,50,5,0,5,0,0.0
68,CA1-DG,6,60,5,0,5,0,0.0
68,CA1-DG,7,70,5,0,5,0,0.0
68,CA1-DG,8,80,5,0,5,0,0.0
68,CA1-DG,9,90,5,0,5,0,0.0
68,CA1-DG,10,100,5,0,5,0,0.0
68,CA1-DG,11,110,5,0,5,0,0.0
68,CA1-DG,12,120,5,0,5,0,0.0
68,CA1-DG,13,130,5,0,5,0,0.0
68,CA1-DG,14,140,5,0,5,0,0.0
68,CA1-DG,15,150,5,0,5,0,0.0
68,CA1-DG,16,160,5,0,5,0,0.0
68,CA1-DG,17,170,5,0,5,0,0.0
68,CA1-DG,18,180,5,0,5,0,0.0
68,CA1-DG,19,190,5,0,5,0,0.0
68,CA1-DG,20,200,5,0,5,0,0.0
68,CA1-DG,21,210,5,0,5,0,0.0
68,CA1-DG,22,220,5,0,5,0,0.0
68,CA1-DG,23,230,5,0,5,0,0.0
68,CA1-DG,24,240,5,0,5,0,0.0
68,CA1-DG,25,250,5,0,5,0,0.0
68,CA1-RSC,1,10,5,3,2,1,0.6
68,CA1-RSC,2,20,5,2,3,1,0.4
68,CA1-RSC,3,30,5,3,2,1,0.6
68,CA1-RSC,4,40,5,3,2,1,0.6
68,CA1-RSC,5,50,5,3,2,1,0.6
68,CA1-RSC,6,60,5,3,2,1,0.6
68,CA1-RSC,7,70,5,3,2,1,0.6
68,CA1-RSC,8,80,5,3,2,1,0.6
68,CA1-RSC,9,90,5,4,1,1,0.8
68,CA1-RSC,10,100,5,4,1,1,0.8
68,CA1-RSC,11,110,5,4,1,1,0.8
68,CA1-RSC,12,120,5,4,1,1,0.8
68,CA1-RSC,13,130,5,3,2,1,0.6
68,CA1-RSC,14,140,5,3,2,1,0.6
68,CA1-RSC,15,150,5,4,1,1,0.8
68,CA1-RSC,16,160,5,5,0,0,1.0
68,CA1-RSC,17,170,5,5,0,0,1.0
68,CA1-RSC,18,180,5,5,0,0,1.0
68,CA1-RSC,19,190,5,4,1,1,0.8
68,CA1-RSC,20,200,5,4,1,1,0.8
68,CA1-RSC,21,210,5,4,1,1,0.8
68,CA1-RSC,22,220,5,4,1,1,0.8
68,CA1-RSC,23,230,5,4,1,1,0.8
68,CA1-RSC,24,240,5,3,2,1,0.6
68,CA1-RSC,25,250,5,2,3,1,0.4
68,CA3-DG,1,10,4,0,4,0,0.0
68,CA3-DG,2,20,5,3,2,1,0.6
68,CA3-DG,3,30,5,3,2,1,0.6
68,CA3-DG,4,40,5,3,2,1,0.6
68,CA3-DG,5,50,5,3,2,1,0.6
68,CA3-DG,6,60,5,3,2,1,0.6
68,CA3-DG,7,70,5,3,2,1,0.6
68,CA3-DG,8,80,5,3,2,1,0.6
68,CA3-DG,9,90,5,3,2,1,0.6
68,CA3-DG,10,100,5,4,1,1,0.8
68,CA3-DG,11,110,5,4,1,1,0.8
68,CA3-DG,12,120,5,4,1,1,0.8
68,CA3-DG,13,130,5,4,1,1,0.8
68,CA3-DG,14,140,5,4,1,1,0.8
68,CA3-DG,15,150,5,5,0,0,1.0
68,CA3-DG,16,160,5,5,0,0,1.0
68,CA3-DG,17,170,5,5,0,0,1.0
68,CA3-DG,18,180,5,4,1,1,0.8
68,CA3-DG,19,190,5,4,1,1,0.8
68,CA3-DG,20,200,5,4,1,1,0.8
68,CA3-DG,21,210,5,4,1,1,0.8
68,CA3-DG,22,220,5,4,1,1,0.8
68,CA3-DG,23,230,5,4,1,1,0.8
68,CA3-DG,24,240,5,4,1,1,0.8
68,CA3-DG,25,250,5,4,1,1,0.8
70,CA1-DG,1,10,5,3,2,1,0.6
70,CA1-DG,2,20,5,1,4,1,0.2
70,CA1-DG,3,30,5,1,4,1,0.2
70,CA1-DG,4,40,5,0,5,0,0.0
70,CA1-DG,5,50,5,0,5,0,0.0
70,CA1-DG,6,60,5,1,4,1,0.2
70,CA1-DG,7,70,5,1,4,1,0.2
70,CA1-DG,8,80,5,1,4,1,0.2
70,CA1-DG,9,90,5,1,4,1,0.2
70,CA1-DG,10,100,5,2,3,1,0.4
70,CA1-DG,11,110,5,2,3,1,0.4
70,CA1-DG,12,120,5,2,3,1,0.4
70,CA1-DG,13,130,5,2,3,1,0.4
70,CA1-DG,14,140,5,2,3,1,0.4
70,CA1-DG,15,150,5,2,3,1,0.4
70,CA1-DG,16,160,5,2,3,1,0.4
70,CA1-DG,17,170,5,2,3,1,0.4
70,CA1-DG,18,180,5,2,3,1,0.4
70,CA1-DG,19,190,5,2,3,1,0.4
70,CA1-DG,20,200,5,2,3,1,0.4
70,CA1-DG,21,210,5,2,3,1,0.4
70,CA1-DG,22,220,5,2,3,1,0.4
70,CA1-DG,23,230,5,2,3,1,0.4
70,CA1-DG,24,240,5,2,3,1,0.4
70,CA1-DG,25,250,5,2,3,1,0.4
70,CA1-RSC,1,10,5,4,1,1,0.8
70,CA1-RSC,2,20,5,5,0,0,1.0
70,CA1-RSC,3,30,5,4,1,1,0.8
70,CA1-RSC,4,40,5,5,0,0,1.0
70,CA1-RSC,5,50,5,5,0,0,1.0
70,CA1-RSC,6,60,5,5,0,0,1.0
70,CA1-RSC,7,70,5,5,0,0,1.0
70,CA1-RSC,8,80,5,5,0,0,1.0
70,CA1-RSC,9,90,5,4,1,1,0.8
70,CA1-RSC,10,100,5,4,1,1,0.8
70,CA1-RSC,11,110,5,5,0,0,1.0
70,CA1-RSC,12,120,5,5,0,0,1.0
70,CA1-RSC,13,130,5,5,0,0,1.0
70,CA1-RSC,14,140,5,5,0,0,1.0
70,CA1-RSC,15,150,5,5,0,0,1.0
70,CA1-RSC,16,160,5,4,1,1,0.8
70,CA1-RSC,17,170,5,4,1,1,0.8
70,CA1-RSC,18,180,5,4,1,1,0.8
70,CA1-RSC,19,190,5,4,1,1,0.8
70,CA1-RSC,20,200,5,4,1,1,0.8
70,CA1-RSC,21,210,5,4,1,1,0.8
70,CA1-RSC,22,220,5,4,1,1,0.8
70,CA1-RSC,23,230,5,4,1,1,0.8
70,CA1-RSC,24,240,5,3,2,1,0.6
70,CA1-RSC,25,250,5,3,2,1,0.6
70,CA1-SUB,1,10,5,2,3,1,0.4
70,CA1-SUB,2,20,5,2,3,1,0.4
70,CA1-SUB,3,30,5,2,3,1,0.4
70,CA1-SUB,4,40,5,2,3,1,0.4
70,CA1-SUB,5,50,5,2,3,1,0.4
70,CA1-SUB,6,60,5,2,3,1,0.4
70,CA1-SUB,7,70,5,2,3,1,0.4
70,CA1-SUB,8,80,5,2,3,1,0.4
70,CA1-SUB,9,90,5,2,3,1,0.4
70,CA1-SUB,10,100,5,2,3,1,0.4
70,CA1-SUB,11,110,5,3,2,1,0.6
70,CA1-SUB,12,120,5,3,2,1,0.6
70,CA1-SUB,13,130,5,4,1,1,0.8
70,CA1-SUB,14,140,5,5,0,0,1.0
70,CA1-SUB,15,150,5,5,0,0,1.0
70,CA1-SUB,16,160,5,4,1,1,0.8
70,CA1-SUB,17,170,5,4,1,1,0.8
70,CA1-SUB,18,180,5,4,1,1,0.8
70,CA1-SUB,19,190,5,3,2,1,0.6
70,CA1-SUB,20,200,5,3,2,1,0.6
70,CA1-SUB,21,210,5,3,2,1,0.6
70,CA1-SUB,22,220,5,3,2,1,0.6
70,CA1-SUB,23,230,5,3,2,1,0.6
70,CA1-SUB,24,240,5,3,2,1,0.6
70,CA1-SUB,25,250,5,3,2,1,0.6
70,CA1-V1,1,10,5,0,5,0,0.0
70,CA1-V1,2,20,5,0,5,0,0.0
70,CA1-V1,3,30,5,1,4,1,0.2
70,CA1-V1,4,40,5,1,4,1,0.2
70,CA1-V1,5,50,5,2,3,1,0.4
70,CA1-V1,6,60,5,2,3,1,0.4
70,CA1-V1,7,70,5,0,5,0,0.0
70,CA1-V1,8,80,5,0,5,0,0.0
70,CA1-V1,9,90,5,0,5,0,0.0
70,CA1-V1,10,100,5,0,5,0,0.0
70,CA1-V1,11,110,5,0,5,0,0.0
70,CA1-V1,12,120,5,0,5,0,0.0
70,CA1-V1,13,130,5,1,4,1,0.2
70,CA1-V1,14,140,5,1,4,1,0.2
70,CA1-V1,15,150,5,1,4,1,0.2
70,CA1-V1,16,160,5,1,4,1,0.2
70,CA1-V1,17,170,5,1,4,1,0.2
70,CA1-V1,18,180,5,1,4,1,0.2
70,CA1-V1,19,190,5,1,4,1,0.2
70,CA1-V1,20,200,5,1,4,1,0.2
70,CA1-V1,21,210,5,1,4,1,0.2
70,CA1-V1,22,220,5,1,4,1,0.2
70,CA1-V1,23,230,5,1,4,1,0.2
70,CA1-V1,24,240,5,1,4,1,0.2
70,CA1-V1,25,250,5,1,4,1,0.2
70,RSC-SUB,1,10,5,2,3,1,0.4
70,RSC-SUB,2,20,5,3,2,1,0.6
70,RSC-SUB,3,30,5,3,2,1,0.6
70,RSC-SUB,4,40,5,3,2,1,0.6
70,RSC-SUB,5,50,5,3,2,1,0.6
70,RSC-SUB,6,60,5,3,2,1,0.6
70,RSC-SUB,7,70,5,3,2,1,0.6
70,RSC-SUB,8,80,5,3,2,1,0.6
70,RSC-SUB,9,90,5,3,2,1,0.6
70,RSC-SUB,10,100,5,2,3,1,0.4
70,RSC-SUB,11,110,5,2,3,1,0.4
70,RSC-SUB,12,120,5,2,3,1,0.4
70,RSC-SUB,13,130,5,2,3,1,0.4
70,RSC-SUB,14,140,5,2,3,1,0.4
70,RSC-SUB,15,150,5,2,3,1,0.4
70,RSC-SUB,16,160,5,2,3,1,0.4
70,RSC-SUB,17,170,5,2,3,1,0.4
70,RSC-SUB,18,180,5,2,3,1,0.4
70,RSC-SUB,19,190,5,2,3,1,0.4
70,RSC-SUB,20,200,5,2,3,1,0.4
70,RSC-SUB,21,210,5,2,3,1,0.4
70,RSC-SUB,22,220,5,2,3,1,0.4
70,RSC-SUB,23,230,5,2,3,1,0.4
70,RSC-SUB,24,240,5,2,3,1,0.4
70,RSC-SUB,25,250,5,2,3,1,0.4
70,V1-RSC,1,10,5,3,2,1,0.6
70,V1-RSC,2,20,5,4,1,1,0.8
70,V1-RSC,3,30,5,3,2,1,0.6
70,V1-RSC,4,40,5,4,1,1,0.8
70,V1-RSC,5,50,5,5,0,0,1.0
70,V1-RSC,6,60,5,5,0,0,1.0
70,V1-RSC,7,70,5,5,0,0,1.0
70,V1-RSC,8,80,5,5,0,0,1.0
70,V1-RSC,9,90,5,5,0,0,1.0
70,V1-RSC,10,100,5,5,0,0,1.0
70,V1-RSC,11,110,5,5,0,0,1.0
70,V1-RSC,12,120,5,5,0,0,1.0
70,V1-RSC,13,130,5,5,0,0,1.0
70,V1-RSC,14,140,5,5,0,0,1.0
70,V1-RSC,15,150,5,5,0,0,1.0
70,V1-RSC,16,160,5,5,0,0,1.0
70,V1-RSC,17,170,5,5,0,0,1.0
70,V1-RSC,18,180,5,5,0,0,1.0
70,V1-RSC,19,190,5,5,0,0,1.0
70,V1-RSC,20,200,5,5,0,0,1.0
70,V1-RSC,21,210,5,5,0,0,1.0
70,V1-RSC,22,220,5,5,0,0,1.0
70,V1-RSC,23,230,5,5,0,0,1.0
70,V1-RSC,24,240,5,5,0,0,1.0
70,V1-RSC,25,250,5,5,0,0,1.0
71,CA1-CA3,1,10,5,4,1,1,0.8
71,CA1-CA3,2,20,5,3,2,1,0.6
71,CA1-CA3,3,30,5,2,3,1,0.4
71,CA1-CA3,4,40,5,2,3,1,0.4
71,CA1-CA3,5,50,5,1,4,1,0.2
71,CA1-CA3,6,60,5,1,4,1,0.2
71,CA1-CA3,7,70,5,1,4,1,0.2
71,CA1-CA3,8,80,5,1,4,1,0.2
71,CA1-CA3,9,90,5,2,3,1,0.4
71,CA1-CA3,10,100,5,2,3,1,0.4
71,CA1-CA3,11,110,5,1,4,1,0.2
71,CA1-CA3,12,120,5,1,4,1,0.2
71,CA1-CA3,13,130,5,1,4,1,0.2
71,CA1-CA3,14,140,5,2,3,1,0.4
71,CA1-CA3,15,150,5,1,4,1,0.2
71,CA1-CA3,16,160,5,1,4,1,0.2
71,CA1-CA3,17,170,5,1,4,1,0.2
71,CA1-CA3,18,180,5,1,4,1,0.2
71,CA1-CA3,19,190,5,1,4,1,0.2
71,CA1-CA3,20,200,5,1,4,1,0.2
71,CA1-CA3,21,210,5,1,4,1,0.2
71,CA1-CA3,22,220,5,1,4,1,0.2
71,CA1-CA3,23,230,5,1,4,1,0.2
71,CA1-CA3,24,240,5,1,4,1,0.2
71,CA1-CA3,25,250,5,1,4,1,0.2
71,CA1-DG,1,10,5,2,3,1,0.4
71,CA1-DG,2,20,5,1,4,1,0.2
71,CA1-DG,3,30,5,1,4,1,0.2
71,CA1-DG,4,40,5,1,4,1,0.2
71,CA1-DG,5,50,5,1,4,1,0.2
71,CA1-DG,6,60,5,2,3,1,0.4
71,CA1-DG,7,70,5,1,4,1,0.2
71,CA1-DG,8,80,5,1,4,1,0.2
71,CA1-DG,9,90,5,1,4,1,0.2
71,CA1-DG,10,100,5,1,4,1,0.2
71,CA1-DG,11,110,5,2,3,1,0.4
71,CA1-DG,12,120,5,2,3,1,0.4
71,CA1-DG,13,130,5,3,2,1,0.6
71,CA1-DG,14,140,5,3,2,1,0.6
71,CA1-DG,15,150,5,3,2,1,0.6
71,CA1-DG,16,160,5,1,4,1,0.2
71,CA1-DG,17,170,5,1,4,1,0.2
71,CA1-DG,18,180,5,1,4,1,0.2
71,CA1-DG,19,190,5,1,4,1,0.2
71,CA1-DG,20,200,5,2,3,1,0.4
71,CA1-DG,21,210,5,2,3,1,0.4
71,CA1-DG,22,220,5,2,3,1,0.4
71,CA1-DG,23,230,5,2,3,1,0.4
71,CA1-DG,24,240,5,2,3,1,0.4
71,CA1-DG,25,250,5,3,2,1,0.6
71,CA1-RSC,1,10,5,3,2,1,0.6
71,CA1-RSC,2,20,5,3,2,1,0.6
71,CA1-RSC,3,30,5,3,2,1,0.6
71,CA1-RSC,4,40,5,4,1,1,0.8
71,CA1-RSC,5,50,5,4,1,1,0.8
71,CA1-RSC,6,60,5,4,1,1,0.8
71,CA1-RSC,7,70,5,4,1,1,0.8
71,CA1-RSC,8,80,5,4,1,1,0.8
71,CA1-RSC,9,90,5,4,1,1,0.8
71,CA1-RSC,10,100,5,4,1,1,0.8
71,CA1-RSC,11,110,5,5,0,0,1.0
71,CA1-RSC,12,120,5,5,0,0,1.0
71,CA1-RSC,13,130,5,5,0,0,1.0
71,CA1-RSC,14,140,5,5,0,0,1.0
71,CA1-RSC,15,150,5,4,1,1,0.8
71,CA1-RSC,16,160,5,5,0,0,1.0
71,CA1-RSC,17,170,5,5,0,0,1.0
71,CA1-RSC,18,180,5,5,0,0,1.0
71,CA1-RSC,19,190,5,5,0,0,1.0
71,CA1-RSC,20,200,5,5,0,0,1.0
71,CA1-RSC,21,210,5,5,0,0,1.0
71,CA1-RSC,22,220,5,5,0,0,1.0
71,CA1-RSC,23,230,5,5,0,0,1.0
71,CA1-RSC,24,240,5,5,0,0,1.0
71,CA1-RSC,25,250,5,4,1,1,0.8
71,CA1-SUB,1,10,5,3,2,1,0.6
71,CA1-SUB,2,20,5,3,2,1,0.6
71,CA1-SUB,3,30,5,2,3,1,0.4
71,CA1-SUB,4,40,5,2,3,1,0.4
71,CA1-SUB,5,50,5,2,3,1,0.4
71,CA1-SUB,6,60,5,2,3,1,0.4
71,CA1-SUB,7,70,5,3,2,1,0.6
71,CA1-SUB,8,80,5,3,2,1,0.6
71,CA1-SUB,9,90,5,2,3,1,0.4
71,CA1-SUB,10,100,5,1,4,1,0.2
71,CA1-SUB,11,110,5,2,3,1,0.4
71,CA1-SUB,12,120,5,3,2,1,0.6
71,CA1-SUB,13,130,5,3,2,1,0.6
71,CA1-SUB,14,140,5,3,2,1,0.6
71,CA1-SUB,15,150,5,2,3,1,0.4
71,CA1-SUB,16,160,5,2,3,1,0.4
71,CA1-SUB,17,170,5,2,3,1,0.4
71,CA1-SUB,18,180,5,2,3,1,0.4
71,CA1-SUB,19,190,5,2,3,1,0.4
71,CA1-SUB,20,200,5,2,3,1,0.4
71,CA1-SUB,21,210,5,2,3,1,0.4
71,CA1-SUB,22,220,5,3,2,1,0.6
71,CA1-SUB,23,230,5,3,2,1,0.6
71,CA1-SUB,24,240,5,2,3,1,0.4
71,CA1-SUB,25,250,5,2,3,1,0.4
71,CA1-V1,1,10,5,3,2,1,0.6
71,CA1-V1,2,20,4,3,1,1,0.75
71,CA1-V1,3,30,5,3,2,1,0.6
71,CA1-V1,4,40,5,3,2,1,0.6
71,CA1-V1,5,50,5,3,2,1,0.6
71,CA1-V1,6,60,5,3,2,1,0.6
71,CA1-V1,7,70,5,3,2,1,0.6
71,CA1-V1,8,80,5,2,3,1,0.4
71,CA1-V1,9,90,5,1,4,1,0.2
71,CA1-V1,10,100,5,0,5,0,0.0
71,CA1-V1,11,110,5,0,5,0,0.0
71,CA1-V1,12,120,5,1,4,1,0.2
71,CA1-V1,13,130,5,1,4,1,0.2
71,CA1-V1,14,140,5,0,5,0,0.0
71,CA1-V1,15,150,5,0,5,0,0.0
71,CA1-V1,16,160,5,0,5,0,0.0
71,CA1-V1,17,170,5,0,5,0,0.0
71,CA1-V1,18,180,5,0,5,0,0.0
71,CA1-V1,19,190,5,0,5,0,0.0
71,CA1-V1,20,200,5,1,4,1,0.2
71,CA1-V1,21,210,5,1,4,1,0.2
71,CA1-V1,22,220,5,1,4,1,0.2
71,CA1-V1,23,230,5,1,4,1,0.2
71,CA1-V1,24,240,5,1,4,1,0.2
71,CA1-V1,25,250,5,1,4,1,0.2
71,CA3-DG,1,10,5,1,4,1,0.2
71,CA3-DG,2,20,5,1,4,1,0.2
71,CA3-DG,3,30,5,1,4,1,0.2
71,CA3-DG,4,40,5,1,4,1,0.2
71,CA3-DG,5,50,5,1,4,1,0.2
71,CA3-DG,6,60,5,1,4,1,0.2
71,CA3-DG,7,70,5,1,4,1,0.2
71,CA3-DG,8,80,5,1,4,1,0.2
71,CA3-DG,9,90,5,1,4,1,0.2
71,CA3-DG,10,100,5,1,4,1,0.2
71,CA3-DG,11,110,5,1,4,1,0.2
71,CA3-DG,12,120,5,1,4,1,0.2
71,CA3-DG,13,130,5,1,4,1,0.2
71,CA3-DG,14,140,5,2,3,1,0.4
71,CA3-DG,15,150,5,2,3,1,0.4
71,CA3-DG,16,160,5,1,4,1,0.2
71,CA3-DG,17,170,5,1,4,1,0.2
71,CA3-DG,18,180,5,1,4,1,0.2
71,CA3-DG,19,190,5,1,4,1,0.2
71,CA3-DG,20,200,5,1,4,1,0.2
71,CA3-DG,21,210,5,1,4,1,0.2
71,CA3-DG,22,220,5,1,4,1,0.2
71,CA3-DG,23,230,5,1,4,1,0.2
71,CA3-DG,24,240,5,1,4,1,0.2
71,CA3-DG,25,250,5,1,4,1,0.2
71,RSC-SUB,1,10,5,2,3,1,0.4
71,RSC-SUB,2,20,5,3,2,1,0.6
71,RSC-SUB,3,30,5,3,2,1,0.6
71,RSC-SUB,4,40,5,3,2,1,0.6
71,RSC-SUB,5,50,5,2,3,1,0.4
71,RSC-SUB,6,60,5,2,3,1,0.4
71,RSC-SUB,7,70,5,2,3,1,0.4
71,RSC-SUB,8,80,5,2,3,1,0.4
71,RSC-SUB,9,90,5,2,3,1,0.4
71,RSC-SUB,10,100,5,2,3,1,0.4
71,RSC-SUB,11,110,5,2,3,1,0.4
71,RSC-SUB,12,120,5,2,3,1,0.4
71,RSC-SUB,13,130,5,2,3,1,0.4
71,RSC-SUB,14,140,5,3,2,1,0.6
71,RSC-SUB,15,150,5,3,2,1,0.6
71,RSC-SUB,16,160,5,3,2,1,0.6
71,RSC-SUB,17,170,5,3,2,1,0.6
71,RSC-SUB,18,180,5,3,2,1,0.6
71,RSC-SUB,19,190,5,3,2,1,0.6
71,RSC-SUB,20,200,5,3,2,1,0.6
71,RSC-SUB,21,210,5,3,2,1,0.6
71,RSC-SUB,22,220,5,3,2,1,0.6
71,RSC-SUB,23,230,5,3,2,1,0.6
71,RSC-SUB,24,240,5,3,2,1,0.6
71,RSC-SUB,25,250,5,3,2,1,0.6
71,V1-RSC,1,10,5,5,0,0,1.0
71,V1-RSC,2,20,5,5,0,0,1.0
71,V1-RSC,3,30,5,5,0,0,1.0
71,V1-RSC,4,40,5,5,0,0,1.0
71,V1-RSC,5,50,5,5,0,0,1.0
71,V1-RSC,6,60,5,5,0,0,1.0
71,V1-RSC,7,70,5,5,0,0,1.0
71,V1-RSC,8,80,5,5,0,0,1.0
71,V1-RSC,9,90,5,5,0,0,1.0
71,V1-RSC,10,100,5,5,0,0,1.0
71,V1-RSC,11,110,5,5,0,0,1.0
71,V1-RSC,12,120,5,5,0,0,1.0
71,V1-RSC,13,130,5,5,0,0,1.0
71,V1-RSC,14,140,5,5,0,0,1.0
71,V1-RSC,15,150,5,5,0,0,1.0
71,V1-RSC,16,160,5,5,0,0,1.0
71,V1-RSC,17,170,5,5,0,0,1.0
71,V1-RSC,18,180,5,5,0,0,1.0
71,V1-RSC,19,190,5,5,0,0,1.0
71,V1-RSC,20,200,5,5,0,0,1.0
71,V1-RSC,21,210,5,5,0,0,1.0
71,V1-RSC,22,220,5,5,0,0,1.0
71,V1-RSC,23,230,5,5,0,0,1.0
71,V1-RSC,24,240,5,5,0,0,1.0
71,V1-RSC,25,250,5,5,0,0,1.0
73,CA1-DG,1,10,4,3,1,1,0.75
73,CA1-DG,2,20,5,3,2,1,0.6
73,CA1-DG,3,30,5,2,3,1,0.4
73,CA1-DG,4,40,5,2,3,1,0.4
73,CA1-DG,5,50,5,1,4,1,0.2
73,CA1-DG,6,60,5,1,4,1,0.2
73,CA1-DG,7,70,5,1,4,1,0.2
73,CA1-DG,8,80,5,1,4,1,0.2
73,CA1-DG,9,90,5,1,4,1,0.2
73,CA1-DG,10,100,5,1,4,1,0.2
73,CA1-DG,11,110,5,1,4,1,0.2
73,CA1-DG,12,120,5,1,4,1,0.2
73,CA1-DG,13,130,5,1,4,1,0.2
73,CA1-DG,14,140,5,1,4,1,0.2
73,CA1-DG,15,150,5,1,4,1,0.2
73,CA1-DG,16,160,5,1,4,1,0.2
73,CA1-DG,17,170,5,1,4,1,0.2
73,CA1-DG,18,180,5,1,4,1,0.2
73,CA1-DG,19,190,4,1,3,1,0.25
73,CA1-DG,20,200,5,2,3,1,0.4
73,CA1-DG,21,210,5,2,3,1,0.4
73,CA1-DG,22,220,5,2,3,1,0.4
73,CA1-DG,23,230,5,1,4,1,0.2
73,CA1-DG,24,240,5,2,3,1,0.4
73,CA1-DG,25,250,5,2,3,1,0.4
73,CA1-RSC,1,10,5,4,1,1,0.8
73,CA1-RSC,2,20,5,4,1,1,0.8
73,CA1-RSC,3,30,5,4,1,1,0.8
73,CA1-RSC,4,40,5,3,2,1,0.6
73,CA1-RSC,5,50,5,4,1,1,0.8
73,CA1-RSC,6,60,5,4,1,1,0.8
73,CA1-RSC,7,70,5,4,1,1,0.8
73,CA1-RSC,8,80,5,4,1,1,0.8
73,CA1-RSC,9,90,5,4,1,1,0.8
73,CA1-RSC,10,100,5,4,1,1,0.8
73,CA1-RSC,11,110,5,4,1,1,0.8
73,CA1-RSC,12,120,5,4,1,1,0.8
73,CA1-RSC,13,130,5,4,1,1,0.8
73,CA1-RSC,14,140,5,4,1,1,0.8
73,CA1-RSC,15,150,5,4,1,1,0.8
73,CA1-RSC,16,160,5,4,1,1,0.8
73,CA1-RSC,17,170,5,4,1,1,0.8
73,CA1-RSC,18,180,5,4,1,1,0.8
73,CA1-RSC,19,190,5,4,1,1,0.8
73,CA1-RSC,20,200,5,4,1,1,0.8
73,CA1-RSC,21,210,5,4,1,1,0.8
73,CA1-RSC,22,220,5,4,1,1,0.8
73,CA1-RSC,23,230,5,4,1,1,0.8
73,CA1-RSC,24,240,5,4,1,1,0.8
73,CA1-RSC,25,250,5,4,1,1,0.8
73,CA1-SUB,1,10,5,1,4,1,0.2
73,CA1-SUB,2,20,5,2,3,1,0.4
73,CA1-SUB,3,30,5,2,3,1,0.4
73,CA1-SUB,4,40,5,2,3,1,0.4
73,CA1-SUB,5,50,5,3,2,1,0.6
73,CA1-SUB,6,60,5,2,3,1,0.4
73,CA1-SUB,7,70,5,2,3,1,0.4
73,CA1-SUB,8,80,5,3,2,1,0.6
73,CA1-SUB,9,90,5,2,3,1,0.4
73,CA1-SUB,10,100,5,2,3,1,0.4
73,CA1-SUB,11,110,5,2,3,1,0.4
73,CA1-SUB,12,120,5,2,3,1,0.4
73,CA1-SUB,13,130,5,2,3,1,0.4
73,CA1-SUB,14,140,5,2,3,1,0.4
73,CA1-SUB,15,150,5,2,3,1,0.4
73,CA1-SUB,16,160,5,3,2,1,0.6
73,CA1-SUB,17,170,5,3,2,1,0.6
73,CA1-SUB,18,180,5,3,2,1,0.6
73,CA1-SUB,19,190,5,3,2,1,0.6
73,CA1-SUB,20,200,5,3,2,1,0.6
73,CA1-SUB,21,210,5,3,2,1,0.6
73,CA1-SUB,22,220,5,3,2,1,0.6
73,CA1-SUB,23,230,5,3,2,1,0.6
73,CA1-SUB,24,240,5,4,1,1,0.8
73,CA1-SUB,25,250,5,3,2,1,0.6
73,CA1-V1,1,10,5,3,2,1,0.6
73,CA1-V1,2,20,5,2,3,1,0.4
73,CA1-V1,3,30,5,3,2,1,0.6
73,CA1-V1,4,40,5,2,3,1,0.4
73,CA1-V1,5,50,5,2,3,1,0.4
73,CA1-V1,6,60,5,2,3,1,0.4
73,CA1-V1,7,70,5,1,4,1,0.2
73,CA1-V1,8,80,4,1,3,1,0.25
73,CA1-V1,9,90,5,1,4,1,0.2
73,CA1-V1,10,100,5,1,4,1,0.2
73,CA1-V1,11,110,5,1,4,1,0.2
73,CA1-V1,12,120,5,1,4,1,0.2
73,CA1-V1,13,130,5,1,4,1,0.2
73,CA1-V1,14,140,5,1,4,1,0.2
73,CA1-V1,15,150,5,1,4,1,0.2
73,CA1-V1,16,160,5,1,4,1,0.2
73,CA1-V1,17,170,5,1,4,1,0.2
73,CA1-V1,18,180,5,1,4,1,0.2
73,CA1-V1,19,190,5,2,3,1,0.4
73,CA1-V1,20,200,5,2,3,1,0.4
73,CA1-V1,21,210,5,1,4,1,0.2
73,CA1-V1,22,220,5,2,3,1,0.4
73,CA1-V1,23,230,5,2,3,1,0.4
73,CA1-V1,24,240,5,2,3,1,0.4
73,CA1-V1,25,250,5,1,4,1,0.2
73,RSC-SUB,1,10,5,3,2,1,0.6
73,RSC-SUB,2,20,5,3,2,1,0.6
73,RSC-SUB,3,30,5,3,2,1,0.6
73,RSC-SUB,4,40,5,2,3,1,0.4
73,RSC-SUB,5,50,5,2,3,1,0.4
73,RSC-SUB,6,60,5,2,3,1,0.4
73,RSC-SUB,7,70,5,2,3,1,0.4
73,RSC-SUB,8,80,5,1,4,1,0.2
73,RSC-SUB,9,90,5,1,4,1,0.2
73,RSC-SUB,10,100,5,1,4,1,0.2
73,RSC-SUB,11,110,5,1,4,1,0.2
73,RSC-SUB,12,120,5,1,4,1,0.2
73,RSC-SUB,13,130,5,1,4,1,0.2
73,RSC-SUB,14,140,5,1,4,1,0.2
73,RSC-SUB,15,150,5,1,4,1,0.2
73,RSC-SUB,16,160,5,1,4,1,0.2
73,RSC-SUB,17,170,5,1,4,1,0.2
73,RSC-SUB,18,180,5,1,4,1,0.2
73,RSC-SUB,19,190,5,1,4,1,0.2
73,RSC-SUB,20,200,5,1,4,1,0.2
73,RSC-SUB,21,210,5,1,4,1,0.2
73,RSC-SUB,22,220,5,1,4,1,0.2
73,RSC-SUB,23,230,5,1,4,1,0.2
73,RSC-SUB,24,240,5,1,4,1,0.2
73,RSC-SUB,25,250,5,1,4,1,0.2
73,V1-RSC,1,10,4,4,0,0,1.0
73,V1-RSC,2,20,5,5,0,0,1.0
73,V1-RSC,3,30,5,5,0,0,1.0
73,V1-RSC,4,40,5,5,0,0,1.0
73,V1-RSC,5,50,5,5,0,0,1.0
73,V1-RSC,6,60,5,5,0,0,1.0
73,V1-RSC,7,70,5,5,0,0,1.0
73,V1-RSC,8,80,5,5,0,0,1.0
73,V1-RSC,9,90,5,5,0,0,1.0
73,V1-RSC,10,100,5,5,0,0,1.0
73,V1-RSC,11,110,5,5,0,0,1.0
73,V1-RSC,12,120,5,5,0,0,1.0
73,V1-RSC,13,130,5,5,0,0,1.0
73,V1-RSC,14,140,5,5,0,0,1.0
73,V1-RSC,15,150,5,5,0,0,1.0
73,V1-RSC,16,160,5,5,0,0,1.0
73,V1-RSC,17,170,5,5,0,0,1.0
73,V1-RSC,18,180,5,5,0,0,1.0
73,V1-RSC,19,190,5,5,0,0,1.0
73,V1-RSC,20,200,5,5,0,0,1.0
73,V1-RSC,21,210,5,5,0,0,1.0
73,V1-RSC,22,220,5,5,0,0,1.0
73,V1-RSC,23,230,5,5,0,0,1.0
73,V1-RSC,24,240,5,5,0,0,1.0
73,V1-RSC,25,250,5,5,0,0,1.0
75,CA1-DG,1,10,5,1,4,1,0.2
75,CA1-DG,2,20,5,0,5,0,0.0
75,CA1-DG,3,30,5,1,4,1,0.2
75,CA1-DG,4,40,5,0,5,0,0.0
75,CA1-DG,5,50,5,0,5,0,0.0
75,CA1-DG,6,60,5,0,5,0,0.0
75,CA1-DG,7,70,5,0,5,0,0.0
75,CA1-DG,8,80,5,0,5,0,0.0
75,CA1-DG,9,90,5,0,5,0,0.0
75,CA1-DG,10,100,5,0,5,0,0.0
75,CA1-DG,11,110,5,0,5,0,0.0
75,CA1-DG,12,120,5,0,5,0,0.0
75,CA1-DG,13,130,5,0,5,0,0.0
75,CA1-DG,14,140,5,0,5,0,0.0
75,CA1-DG,15,150,5,0,5,0,0.0
75,CA1-DG,16,160,5,0,5,0,0.0
75,CA1-DG,17,170,5,1,4,1,0.2
75,CA1-DG,18,180,5,1,4,1,0.2
75,CA1-DG,19,190,5,1,4,1,0.2
75,CA1-DG,20,200,5,1,4,1,0.2
75,CA1-DG,21,210,5,1,4,1,0.2
75,CA1-DG,22,220,5,1,4,1,0.2
75,CA1-DG,23,230,5,1,4,1,0.2
75,CA1-DG,24,240,5,1,4,1,0.2
75,CA1-DG,25,250,5,1,4,1,0.2
75,CA1-RSC,1,10,5,4,1,1,0.8
75,CA1-RSC,2,20,5,4,1,1,0.8
75,CA1-RSC,3,30,5,4,1,1,0.8
75,CA1-RSC,4,40,5,4,1,1,0.8
75,CA1-RSC,5,50,5,4,1,1,0.8
75,CA1-RSC,6,60,5,4,1,1,0.8
75,CA1-RSC,7,70,5,4,1,1,0.8
75,CA1-RSC,8,80,5,4,1,1,0.8
75,CA1-RSC,9,90,5,4,1,1,0.8
75,CA1-RSC,10,100,5,4,1,1,0.8
75,CA1-RSC,11,110,5,4,1,1,0.8
75,CA1-RSC,12,120,5,4,1,1,0.8
75,CA1-RSC,13,130,5,4,1,1,0.8
75,CA1-RSC,14,140,5,4,1,1,0.8
75,CA1-RSC,15,150,5,4,1,1,0.8
75,CA1-RSC,16,160,5,4,1,1,0.8
75,CA1-RSC,17,170,5,4,1,1,0.8
75,CA1-RSC,18,180,5,4,1,1,0.8
75,CA1-RSC,19,190,5,4,1,1,0.8
75,CA1-RSC,20,200,5,4,1,1,0.8
75,CA1-RSC,21,210,5,4,1,1,0.8
75,CA1-RSC,22,220,5,4,1,1,0.8
75,CA1-RSC,23,230,5,4,1,1,0.8
75,CA1-RSC,24,240,5,4,1,1,0.8
75,CA1-RSC,25,250,5,4,1,1,0.8
75,CA1-SUB,1,10,5,0,5,0,0.0
75,CA1-SUB,2,20,5,0,5,0,0.0
75,CA1-SUB,3,30,5,0,5,0,0.0
75,CA1-SUB,4,40,5,0,5,0,0.0
75,CA1-SUB,5,50,5,0,5,0,0.0
75,CA1-SUB,6,60,5,0,5,0,0.0
75,CA1-SUB,7,70,5,0,5,0,0.0
75,CA1-SUB,8,80,5,0,5,0,0.0
75,CA1-SUB,9,90,5,0,5,0,0.0
75,CA1-SUB,10,100,5,0,5,0,0.0
75,CA1-SUB,11,110,5,0,5,0,0.0
75,CA1-SUB,12,120,5,2,3,1,0.4
75,CA1-SUB,13,130,5,2,3,1,0.4
75,CA1-SUB,14,140,5,2,3,1,0.4
75,CA1-SUB,15,150,5,1,4,1,0.2
75,CA1-SUB,16,160,5,1,4,1,0.2
75,CA1-SUB,17,170,5,1,4,1,0.2
75,CA1-SUB,18,180,5,1,4,1,0.2
75,CA1-SUB,19,190,5,1,4,1,0.2
75,CA1-SUB,20,200,5,1,4,1,0.2
75,CA1-SUB,21,210,5,1,4,1,0.2
75,CA1-SUB,22,220,5,1,4,1,0.2
75,CA1-SUB,23,230,5,1,4,1,0.2
75,CA1-SUB,24,240,5,1,4,1,0.2
75,CA1-SUB,25,250,5,1,4,1,0.2
75,CA1-V1,1,10,5,2,3,1,0.4
75,CA1-V1,2,20,5,3,2,1,0.6
75,CA1-V1,3,30,5,2,3,1,0.4
75,CA1-V1,4,40,5,2,3,1,0.4
75,CA1-V1,5,50,5,2,3,1,0.4
75,CA1-V1,6,60,5,2,3,1,0.4
75,CA1-V1,7,70,5,2,3,1,0.4
75,CA1-V1,8,80,5,2,3,1,0.4
75,CA1-V1,9,90,5,2,3,1,0.4
75,CA1-V1,10,100,5,2,3,1,0.4
75,CA1-V1,11,110,5,2,3,1,0.4
75,CA1-V1,12,120,5,2,3,1,0.4
75,CA1-V1,13,130,5,2,3,1,0.4
75,CA1-V1,14,140,5,2,3,1,0.4
75,CA1-V1,15,150,5,2,3,1,0.4
75,CA1-V1,16,160,5,2,3,1,0.4
75,CA1-V1,17,170,5,2,3,1,0.4
75,CA1-V1,18,180,5,2,3,1,0.4
75,CA1-V1,19,190,5,2,3,1,0.4
75,CA1-V1,20,200,5,2,3,1,0.4
75,CA1-V1,21,210,5,2,3,1,0.4
75,CA1-V1,22,220,5,2,3,1,0.4
75,CA1-V1,23,230,5,3,2,1,0.6
75,CA1-V1,24,240,5,2,3,1,0.4
75,CA1-V1,25,250,5,2,3,1,0.4
75,RSC-SUB,1,10,5,1,4,1,0.2
75,RSC-SUB,2,20,5,0,5,0,0.0
75,RSC-SUB,3,30,5,0,5,0,0.0
75,RSC-SUB,4,40,5,1,4,1,0.2
75,RSC-SUB,5,50,5,2,3,1,0.4
75,RSC-SUB,6,60,5,2,3,1,0.4
75,RSC-SUB,7,70,5,1,4,1,0.2
75,RSC-SUB,8,80,5,1,4,1,0.2
75,RSC-SUB,9,90,5,0,5,0,0.0
75,RSC-SUB,10,100,5,0,5,0,0.0
75,RSC-SUB,11,110,5,0,5,0,0.0
75,RSC-SUB,12,120,5,1,4,1,0.2
75,RSC-SUB,13,130,5,1,4,1,0.2
75,RSC-SUB,14,140,5,1,4,1,0.2
75,RSC-SUB,15,150,5,1,4,1,0.2
75,RSC-SUB,16,160,5,1,4,1,0.2
75,RSC-SUB,17,170,5,1,4,1,0.2
75,RSC-SUB,18,180,5,1,4,1,0.2
75,RSC-SUB,19,190,5,1,4,1,0.2
75,RSC-SUB,20,200,5,1,4,1,0.2
75,RSC-SUB,21,210,5,1,4,1,0.2
75,RSC-SUB,22,220,5,1,4,1,0.2
75,RSC-SUB,23,230,5,1,4,1,0.2
75,RSC-SUB,24,240,5,1,4,1,0.2
75,RSC-SUB,25,250,5,1,4,1,0.2
75,V1-RSC,1,10,5,4,1,1,0.8
75,V1-RSC,2,20,5,4,1,1,0.8
75,V1-RSC,3,30,5,4,1,1,0.8
75,V1-RSC,4,40,5,4,1,1,0.8
75,V1-RSC,5,50,5,4,1,1,0.8
75,V1-RSC,6,60,5,4,1,1,0.8
75,V1-RSC,7,70,5,4,1,1,0.8
75,V1-RSC,8,80,5,4,1,1,0.8
75,V1-RSC,9,90,5,4,1,1,0.8
75,V1-RSC,10,100,5,4,1,1,0.8
75,V1-RSC,11,110,5,4,1,1,0.8
75,V1-RSC,12,120,5,4,1,1,0.8
75,V1-RSC,13,130,5,4,1,1,0.8
75,V1-RSC,14,140,5,4,1,1,0.8
75,V1-RSC,15,150,5,4,1,1,0.8
75,V1-RSC,16,160,5,4,1,1,0.8
75,V1-RSC,17,170,5,4,1,1,0.8
75,V1-RSC,18,180,5,4,1,1,0.8
75,V1-RSC,19,190,5,4,1,1,0.8
75,V1-RSC,20,200,5,4,1,1,0.8
75,V1-RSC,21,210,5,4,1,1,0.8
75,V1-RSC,22,220,5,4,1,1,0.8
75,V1-RSC,23,230,5,4,1,1,0.8
75,V1-RSC,24,240,5,4,1,1,0.8
75,V1-RSC,25,250,5,4,1,1,0.8
77,CA1-DG,1,10,5,2,3,1,0.4
77,CA1-DG,2,20,5,3,2,1,0.6
77,CA1-DG,3,30,5,2,3,1,0.4
77,CA1-DG,4,40,5,2,3,1,0.4
77,CA1-DG,5,50,5,2,3,1,0.4
77,CA1-DG,6,60,5,3,2,1,0.6
77,CA1-DG,7,70,5,3,2,1,0.6
77,CA1-DG,8,80,5,3,2,1,0.6
77,CA1-DG,9,90,5,3,2,1,0.6
77,CA1-DG,10,100,5,2,3,1,0.4
77,CA1-DG,11,110,5,2,3,1,0.4
77,CA1-DG,12,120,5,2,3,1,0.4
77,CA1-DG,13,130,5,2,3,1,0.4
77,CA1-DG,14,140,5,2,3,1,0.4
77,CA1-DG,15,150,5,1,4,1,0.2
77,CA1-DG,16,160,5,1,4,1,0.2
77,CA1-DG,17,170,5,1,4,1,0.2
77,CA1-DG,18,180,5,1,4,1,0.2
77,CA1-DG,19,190,5,1,4,1,0.2
77,CA1-DG,20,200,5,1,4,1,0.2
77,CA1-DG,21,210,5,1,4,1,0.2
77,CA1-DG,22,220,5,1,4,1,0.2
77,CA1-DG,23,230,5,1,4,1,0.2
77,CA1-DG,24,240,5,2,3,1,0.4
77,CA1-DG,25,250,5,2,3,1,0.4
77,CA1-RSC,1,10,5,3,2,1,0.6
77,CA1-RSC,2,20,5,3,2,1,0.6
77,CA1-RSC,3,30,5,4,1,1,0.8
77,CA1-RSC,4,40,5,4,1,1,0.8
77,CA1-RSC,5,50,5,5,0,0,1.0
77,CA1-RSC,6,60,5,5,0,0,1.0
77,CA1-RSC,7,70,5,5,0,0,1.0
77,CA1-RSC,8,80,5,5,0,0,1.0
77,CA1-RSC,9,90,5,5,0,0,1.0
77,CA1-RSC,10,100,5,5,0,0,1.0
77,CA1-RSC,11,110,5,5,0,0,1.0
77,CA1-RSC,12,120,5,5,0,0,1.0
77,CA1-RSC,13,130,5,5,0,0,1.0
77,CA1-RSC,14,140,5,5,0,0,1.0
77,CA1-RSC,15,150,5,5,0,0,1.0
77,CA1-RSC,16,160,5,5,0,0,1.0
77,CA1-RSC,17,170,5,5,0,0,1.0
77,CA1-RSC,18,180,5,5,0,0,1.0
77,CA1-RSC,19,190,5,5,0,0,1.0
77,CA1-RSC,20,200,5,5,0,0,1.0
77,CA1-RSC,21,210,5,5,0,0,1.0
77,CA1-RSC,22,220,5,5,0,0,1.0
77,CA1-RSC,23,230,5,5,0,0,1.0
77,CA1-RSC,24,240,5,5,0,0,1.0
77,CA1-RSC,25,250,5,4,1,1,0.8
77,CA1-SUB,1,10,5,3,2,1,0.6
77,CA1-SUB,2,20,5,4,1,1,0.8
77,CA1-SUB,3,30,5,4,1,1,0.8
77,CA1-SUB,4,40,5,4,1,1,0.8
77,CA1-SUB,5,50,5,3,2,1,0.6
77,CA1-SUB,6,60,5,4,1,1,0.8
77,CA1-SUB,7,70,5,4,1,1,0.8
77,CA1-SUB,8,80,5,4,1,1,0.8
77,CA1-SUB,9,90,5,4,1,1,0.8
77,CA1-SUB,10,100,5,4,1,1,0.8
77,CA1-SUB,11,110,5,4,1,1,0.8
77,CA1-SUB,12,120,5,4,1,1,0.8
77,CA1-SUB,13,130,5,4,1,1,0.8
77,CA1-SUB,14,140,5,4,1,1,0.8
77,CA1-SUB,15,150,5,4,1,1,0.8
77,CA1-SUB,16,160,5,4,1,1,0.8
77,CA1-SUB,17,170,5,4,1,1,0.8
77,CA1-SUB,18,180,5,4,1,1,0.8
77,CA1-SUB,19,190,5,4,1,1,0.8
77,CA1-SUB,20,200,5,4,1,1,0.8
77,CA1-SUB,21,210,5,4,1,1,0.8
77,CA1-SUB,22,220,5,4,1,1,0.8
77,CA1-SUB,23,230,5,4,1,1,0.8
77,CA1-SUB,24,240,5,4,1,1,0.8
77,CA1-SUB,25,250,5,4,1,1,0.8
77,CA1-V1,1,10,5,1,4,1,0.2
77,CA1-V1,2,20,5,1,4,1,0.2
77,CA1-V1,3,30,5,3,2,1,0.6
77,CA1-V1,4,40,5,1,4,1,0.2
77,CA1-V1,5,50,5,1,4,1,0.2
77,CA1-V1,6,60,5,1,4,1,0.2
77,CA1-V1,7,70,5,1,4,1,0.2
77,CA1-V1,8,80,5,1,4,1,0.2
77,CA1-V1,9,90,5,1,4,1,0.2
77,CA1-V1,10,100,5,1,4,1,0.2
77,CA1-V1,11,110,5,1,4,1,0.2
77,CA1-V1,12,120,5,1,4,1,0.2
77,CA1-V1,13,130,5,0,5,0,0.0
77,CA1-V1,14,140,5,0,5,0,0.0
77,CA1-V1,15,150,5,0,5,0,0.0
77,CA1-V1,16,160,5,0,5,0,0.0
77,CA1-V1,17,170,5,0,5,0,0.0
77,CA1-V1,18,180,5,0,5,0,0.0
77,CA1-V1,19,190,5,0,5,0,0.0
77,CA1-V1,20,200,5,0,5,0,0.0
77,CA1-V1,21,210,5,0,5,0,0.0
77,CA1-V1,22,220,5,0,5,0,0.0
77,CA1-V1,23,230,5,0,5,0,0.0
77,CA1-V1,24,240,5,0,5,0,0.0
77,CA1-V1,25,250,5,0,5,0,0.0
77,RSC-SUB,1,10,5,1,4,1,0.2
77,RSC-SUB,2,20,5,1,4,1,0.2
77,RSC-SUB,3,30,5,1,4,1,0.2
77,RSC-SUB,4,40,5,1,4,1,0.2
77,RSC-SUB,5,50,5,1,4,1,0.2
77,RSC-SUB,6,60,5,1,4,1,0.2
77,RSC-SUB,7,70,5,1,4,1,0.2
77,RSC-SUB,8,80,5,1,4,1,0.2
77,RSC-SUB,9,90,5,2,3,1,0.4
77,RSC-SUB,10,100,5,2,3,1,0.4
77,RSC-SUB,11,110,5,2,3,1,0.4
77,RSC-SUB,12,120,5,2,3,1,0.4
77,RSC-SUB,13,130,5,2,3,1,0.4
77,RSC-SUB,14,140,5,2,3,1,0.4
77,RSC-SUB,15,150,5,2,3,1,0.4
77,RSC-SUB,16,160,5,2,3,1,0.4
77,RSC-SUB,17,170,5,2,3,1,0.4
77,RSC-SUB,18,180,5,2,3,1,0.4
77,RSC-SUB,19,190,5,2,3,1,0.4
77,RSC-SUB,20,200,5,2,3,1,0.4
77,RSC-SUB,21,210,5,2,3,1,0.4
77,RSC-SUB,22,220,5,2,3,1,0.4
77,RSC-SUB,23,230,5,2,3,1,0.4
77,RSC-SUB,24,240,5,2,3,1,0.4
77,RSC-SUB,25,250,5,2,3,1,0.4
77,V1-RSC,1,10,5,4,1,1,0.8
77,V1-RSC,2,20,5,4,1,1,0.8
77,V1-RSC,3,30,5,4,1,1,0.8
77,V1-RSC,4,40,5,4,1,1,0.8
77,V1-RSC,5,50,5,4,1,1,0.8
77,V1-RSC,6,60,5,4,1,1,0.8
77,V1-RSC,7,70,5,4,1,1,0.8
77,V1-RSC,8,80,5,4,1,1,0.8
77,V1-RSC,9,90,5,5,0,0,1.0
77,V1-RSC,10,100,5,5,0,0,1.0
77,V1-RSC,11,110,5,5,0,0,1.0
77,V1-RSC,12,120,5,5,0,0,1.0
77,V1-RSC,13,130,5,5,0,0,1.0
77,V1-RSC,14,140,5,5,0,0,1.0
77,V1-RSC,15,150,5,5,0,0,1.0
77,V1-RSC,16,160,5,5,0,0,1.0
77,V1-RSC,17,170,5,5,0,0,1.0
77,V1-RSC,18,180,5,4,1,1,0.8
77,V1-RSC,19,190,5,4,1,1,0.8
77,V1-RSC,20,200,5,4,1,1,0.8
77,V1-RSC,21,210,5,4,1,1,0.8
77,V1-RSC,22,220,5,4,1,1,0.8
77,V1-RSC,23,230,5,4,1,1,0.8
77,V1-RSC,24,240,5,4,1,1,0.8
77,V1-RSC,25,250,5,4,1,1,0.8
98,CA1-CA3,1,10,5,3,2,1,0.6
98,CA1-CA3,2,20,5,3,2,1,0.6
98,CA1-CA3,3,30,5,3,2,1,0.6
98,CA1-CA3,4,40,5,3,2,1,0.6
98,CA1-CA3,5,50,5,3,2,1,0.6
98,CA1-CA3,6,60,5,2,3,1,0.4
98,CA1-CA3,7,70,5,2,3,1,0.4
98,CA1-CA3,8,80,5,3,2,1,0.6
98,CA1-CA3,9,90,5,3,2,1,0.6
98,CA1-CA3,10,100,5,3,2,1,0.6
98,CA1-CA3,11,110,5,3,2,1,0.6
98,CA1-CA3,12,120,5,3,2,1,0.6
98,CA1-CA3,13,130,5,4,1,1,0.8
98,CA1-CA3,14,140,5,4,1,1,0.8
98,CA1-CA3,15,150,5,4,1,1,0.8
98,CA1-CA3,16,160,5,4,1,1,0.8
98,CA1-CA3,17,170,5,4,1,1,0.8
98,CA1-CA3,18,180,5,4,1,1,0.8
98,CA1-CA3,19,190,5,4,1,1,0.8
98,CA1-CA3,20,200,5,4,1,1,0.8
98,CA1-CA3,21,210,5,2,3,1,0.4
98,CA1-CA3,22,220,5,3,2,1,0.6
98,CA1-CA3,23,230,5,3,2,1,0.6
98,CA1-CA3,24,240,5,3,2,1,0.6
98,CA1-CA3,25,250,5,3,2,1,0.6
98,CA1-RSC,1,10,5,4,1,1,0.8
98,CA1-RSC,2,20,5,4,1,1,0.8
98,CA1-RSC,3,30,5,4,1,1,0.8
98,CA1-RSC,4,40,5,4,1,1,0.8
98,CA1-RSC,5,50,5,4,1,1,0.8
98,CA1-RSC,6,60,5,4,1,1,0.8
98,CA1-RSC,7,70,5,4,1,1,0.8
98,CA1-RSC,8,80,5,4,1,1,0.8
98,CA1-RSC,9,90,5,4,1,1,0.8
98,CA1-RSC,10,100,5,4,1,1,0.8
98,CA1-RSC,11,110,5,4,1,1,0.8
98,CA1-RSC,12,120,5,3,2,1,0.6
98,CA1-RSC,13,130,5,3,2,1,0.6
98,CA1-RSC,14,140,5,3,2,1,0.6
98,CA1-RSC,15,150,5,3,2,1,0.6
98,CA1-RSC,16,160,5,3,2,1,0.6
98,CA1-RSC,17,170,5,3,2,1,0.6
98,CA1-RSC,18,180,5,3,2,1,0.6
98,CA1-RSC,19,190,5,3,2,1,0.6
98,CA1-RSC,20,200,5,3,2,1,0.6
98,CA1-RSC,21,210,5,3,2,1,0.6
98,CA1-RSC,22,220,5,3,2,1,0.6
98,CA1-RSC,23,230,5,3,2,1,0.6
98,CA1-RSC,24,240,5,3,2,1,0.6
98,CA1-RSC,25,250,5,3,2,1,0.6
100,CA1-DG,1,10,5,1,4,1,0.2
100,CA1-DG,2,20,5,2,3,1,0.4
100,CA1-DG,3,30,5,2,3,1,0.4
100,CA1-DG,4,40,5,1,4,1,0.2
100,CA1-DG,5,50,5,1,4,1,0.2
100,CA1-DG,6,60,5,2,3,1,0.4
100,CA1-DG,7,70,5,2,3,1,0.4
100,CA1-DG,8,80,5,1,4,1,0.2
100,CA1-DG,9,90,5,1,4,1,0.2
100,CA1-DG,10,100,5,1,4,1,0.2
100,CA1-DG,11,110,5,1,4,1,0.2
100,CA1-DG,12,120,5,0,5,0,0.0
100,CA1-DG,13,130,5,0,5,0,0.0
100,CA1-DG,14,140,5,0,5,0,0.0
100,CA1-DG,15,150,5,1,4,1,0.2
100,CA1-DG,16,160,5,1,4,1,0.2
100,CA1-DG,17,170,5,2,3,1,0.4
100,CA1-DG,18,180,5,2,3,1,0.4
100,CA1-DG,19,190,5,2,3,1,0.4
100,CA1-DG,20,200,5,1,4,1,0.2
100,CA1-DG,21,210,5,1,4,1,0.2
100,CA1-DG,22,220,5,1,4,1,0.2
100,CA1-DG,23,230,5,1,4,1,0.2
100,CA1-DG,24,240,5,1,4,1,0.2
100,CA1-DG,25,250,5,1,4,1,0.2
100,CA1-RSC,1,10,5,2,3,1,0.4
100,CA1-RSC,2,20,5,3,2,1,0.6
100,CA1-RSC,3,30,5,5,0,0,1.0
100,CA1-RSC,4,40,5,5,0,0,1.0
100,CA1-RSC,5,50,5,5,0,0,1.0
100,CA1-RSC,6,60,5,5,0,0,1.0
100,CA1-RSC,7,70,5,5,0,0,1.0
100,CA1-RSC,8,80,5,5,0,0,1.0
100,CA1-RSC,9,90,5,5,0,0,1.0
100,CA1-RSC,10,100,5,5,0,0,1.0
100,CA1-RSC,11,110,5,5,0,0,1.0
100,CA1-RSC,12,120,5,5,0,0,1.0
100,CA1-RSC,13,130,5,5,0,0,1.0
100,CA1-RSC,14,140,5,5,0,0,1.0
100,CA1-RSC,15,150,5,5,0,0,1.0
100,CA1-RSC,16,160,5,5,0,0,1.0
100,CA1-RSC,17,170,5,5,0,0,1.0
100,CA1-RSC,18,180,5,5,0,0,1.0
100,CA1-RSC,19,190,5,5,0,0,1.0
100,CA1-RSC,20,200,5,5,0,0,1.0
100,CA1-RSC,21,210,5,5,0,0,1.0
100,CA1-RSC,22,220,5,5,0,0,1.0
100,CA1-RSC,23,230,5,5,0,0,1.0
100,CA1-RSC,24,240,5,5,0,0,1.0
100,CA1-RSC,25,250,5,5,0,0,1.0
100,CA1-SUB,1,10,5,1,4,1,0.2
100,CA1-SUB,2,20,5,1,4,1,0.2
100,CA1-SUB,3,30,5,2,3,1,0.4
100,CA1-SUB,4,40,5,3,2,1,0.6
100,CA1-SUB,5,50,5,3,2,1,0.6
100,CA1-SUB,6,60,5,4,1,1,0.8
100,CA1-SUB,7,70,5,4,1,1,0.8
100,CA1-SUB,8,80,5,4,1,1,0.8
100,CA1-SUB,9,90,5,4,1,1,0.8
100,CA1-SUB,10,100,5,3,2,1,0.6
100,CA1-SUB,11,110,5,2,3,1,0.4
100,CA1-SUB,12,120,5,3,2,1,0.6
100,CA1-SUB,13,130,5,4,1,1,0.8
100,CA1-SUB,14,140,5,4,1,1,0.8
100,CA1-SUB,15,150,5,3,2,1,0.6
100,CA1-SUB,16,160,5,3,2,1,0.6
100,CA1-SUB,17,170,5,3,2,1,0.6
100,CA1-SUB,18,180,5,3,2,1,0.6
100,CA1-SUB,19,190,5,3,2,1,0.6
100,CA1-SUB,20,200,5,3,2,1,0.6
100,CA1-SUB,21,210,5,3,2,1,0.6
100,CA1-SUB,22,220,5,3,2,1,0.6
100,CA1-SUB,23,230,5,3,2,1,0.6
100,CA1-SUB,24,240,5,3,2,1,0.6
100,CA1-SUB,25,250,5,3,2,1,0.6
100,CA1-V1,1,10,5,1,4,1,0.2
100,CA1-V1,2,20,5,0,5,0,0.0
100,CA1-V1,3,30,5,0,5,0,0.0
100,CA1-V1,4,40,5,0,5,0,0.0
100,CA1-V1,5,50,5,0,5,0,0.0
100,CA1-V1,6,60,5,0,5,0,0.0
100,CA1-V1,7,70,5,1,4,1,0.2
100,CA1-V1,8,80,5,1,4,1,0.2
100,CA1-V1,9,90,5,1,4,1,0.2
100,CA1-V1,10,100,5,1,4,1,0.2
100,CA1-V1,11,110,5,1,4,1,0.2
100,CA1-V1,12,120,5,0,5,0,0.0
100,CA1-V1,13,130,5,0,5,0,0.0
100,CA1-V1,14,140,5,0,5,0,0.0
100,CA1-V1,15,150,5,0,5,0,0.0
100,CA1-V1,16,160,5,0,5,0,0.0
100,CA1-V1,17,170,5,0,5,0,0.0
100,CA1-V1,18,180,5,0,5,0,0.0
100,CA1-V1,19,190,5,0,5,0,0.0
100,CA1-V1,20,200,5,0,5,0,0.0
100,CA1-V1,21,210,5,0,5,0,0.0
100,CA1-V1,22,220,5,0,5,0,0.0
100,CA1-V1,23,230,5,0,5,0,0.0
100,CA1-V1,24,240,5,0,5,0,0.0
100,CA1-V1,25,250,5,0,5,0,0.0
100,RSC-SUB,1,10,5,1,4,1,0.2
100,RSC-SUB,2,20,5,1,4,1,0.2
100,RSC-SUB,3,30,5,1,4,1,0.2
100,RSC-SUB,4,40,5,1,4,1,0.2
100,RSC-SUB,5,50,5,1,4,1,0.2
100,RSC-SUB,6,60,5,1,4,1,0.2
100,RSC-SUB,7,70,5,1,4,1,0.2
100,RSC-SUB,8,80,5,1,4,1,0.2
100,RSC-SUB,9,90,5,1,4,1,0.2
100,RSC-SUB,10,100,5,1,4,1,0.2
100,RSC-SUB,11,110,5,1,4,1,0.2
100,RSC-SUB,12,120,5,1,4,1,0.2
100,RSC-SUB,13,130,5,1,4,1,0.2
100,RSC-SUB,14,140,5,1,4,1,0.2
100,RSC-SUB,15,150,5,2,3,1,0.4
100,RSC-SUB,16,160,5,2,3,1,0.4
100,RSC-SUB,17,170,5,2,3,1,0.4
100,RSC-SUB,18,180,5,2,3,1,0.4
100,RSC-SUB,19,190,5,1,4,1,0.2
100,RSC-SUB,20,200,5,1,4,1,0.2
100,RSC-SUB,21,210,5,1,4,1,0.2
100,RSC-SUB,22,220,5,1,4,1,0.2
100,RSC-SUB,23,230,5,1,4,1,0.2
100,RSC-SUB,24,240,5,2,3,1,0.4
100,RSC-SUB,25,250,5,2,3,1,0.4
100,V1-RSC,1,10,5,4,1,1,0.8
100,V1-RSC,2,20,5,5,0,0,1.0
100,V1-RSC,3,30,5,5,0,0,1.0
100,V1-RSC,4,40,5,5,0,0,1.0
100,V1-RSC,5,50,5,5,0,0,1.0
100,V1-RSC,6,60,5,5,0,0,1.0
100,V1-RSC,7,70,5,5,0,0,1.0
100,V1-RSC,8,80,5,5,0,0,1.0
100,V1-RSC,9,90,5,5,0,0,1.0
100,V1-RSC,10,100,5,5,0,0,1.0
100,V1-RSC,11,110,5,5,0,0,1.0
100,V1-RSC,12,120,5,5,0,0,1.0
100,V1-RSC,13,130,5,5,0,0,1.0
100,V1-RSC,14,140,5,5,0,0,1.0
100,V1-RSC,15,150,5,5,0,0,1.0
100,V1-RSC,16,160,5,5,0,0,1.0
100,V1-RSC,17,170,5,5,0,0,1.0
100,V1-RSC,18,180,5,5,0,0,1.0
100,V1-RSC,19,190,5,5,0,0,1.0
100,V1-RSC,20,200,5,5,0,0,1.0
100,V1-RSC,21,210,5,5,0,0,1.0
100,V1-RSC,22,220,5,5,0,0,1.0
100,V1-RSC,23,230,5,5,0,0,1.0
100,V1-RSC,24,240,5,5,0,0,1.0
100,V1-RSC,25,250,5,5,0,0,1.0
