pair,dim,window_bins,window_ms,n_animals,mean_ifi,t,p
CA1-CA3,1,1,10,9,0.01173283403235656,0.5734207747012885,0.5821161612000965
CA1-CA3,1,2,20,9,0.029000450478409847,1.2207387516573776,0.25694127750276946
CA1-CA3,1,3,30,9,0.03295551580103381,1.7390493679533763,0.12021793852620553
CA1-CA3,1,4,40,9,0.025047918254371013,2.355608248716488,0.04627436897294965
CA1-CA3,1,5,50,9,0.012201066330494637,1.797914133604253,0.1099027918607823
CA1-CA3,1,6,60,9,0.0024598720271080546,0.24960729053118502,0.8091807301844769
CA1-CA3,1,7,70,9,0.0025469455562094137,0.25580382376471056,0.8045567852375362
CA1-CA3,1,8,80,9,0.0076709777186956245,0.9977507554331919,0.34761854899403705
CA1-CA3,1,9,90,9,0.014565951458690385,1.8246158757222402,0.10550371728871734
CA1-CA3,1,10,100,9,0.018892246456311348,1.9848783521490625,0.08242399067617336
CA1-CA3,1,11,110,9,0.018483482085229104,1.837876698507074,0.10338141818855169
CA1-CA3,1,12,120,9,0.014792462466330845,1.418273263516787,0.19386822047359148
CA1-CA3,1,13,130,9,0.010629030092151347,0.9904705808081228,0.35095212646926593
CA1-CA3,1,14,140,9,0.0077043163752382555,0.7234290263079163,0.49002522358490386
CA1-CA3,1,15,150,9,0.006582447318242355,0.6343600824477468,0.5435554484497402
CA1-CA3,1,16,160,9,0.007697467349410013,0.7713761319829004,0.4626572048091594
CA1-CA3,1,17,170,9,0.008902605132572537,0.9270834916691622,0.3810018410221617
CA1-CA3,1,18,180,9,0.007756672868312107,0.8408960831492275,0.424824983504991
CA1-CA3,1,19,190,9,0.0038047468804101505,0.4220074611806037,0.684131750632875
CA1-CA3,1,20,200,9,0.0001496849903676423,0.016206297968104123,0.9874666980936844
CA1-CA3,1,21,210,9,-0.001368277594881331,-0.14705612005142119,0.8867261985123247
CA1-CA3,1,22,220,9,-0.0010733059351667146,-0.1180423709695103,0.9089440941288904
CA1-CA3,1,23,230,9,0.0008221384728997704,0.09184868779820722,0.9290765724845496
CA1-CA3,1,24,240,9,0.003174932099846396,0.33840623778156176,0.7437672037100712
CA1-CA3,1,25,250,9,0.0036460937818166652,0.37456582981884934,0.7177174345278136
CA1-CA3,2,1,10,9,-0.020446905514832473,-1.2898170483207816,0.23314859884452252
CA1-CA3,2,2,20,9,-0.023240704047456998,-1.4295041044680137,0.19072508015151127
CA1-CA3,2,3,30,9,-0.026777959204615634,-1.751367440062666,0.11798705735846725
CA1-CA3,2,4,40,9,-0.026224323639424348,-1.7433740324177542,0.11943025990970561
CA1-CA3,2,5,50,9,-0.016624031758834746,-1.0890051224897912,0.3078660474728805
CA1-CA3,2,6,60,9,-0.013780294634716294,-0.838662283108131,0.42600623229372325
CA1-CA3,2,7,70,9,-0.014623651093407738,-0.9596687800699171,0.3653241270222613
CA1-CA3,2,8,80,9,-0.014275380231238406,-1.0964242555669774,0.30479783137716887
CA1-CA3,2,9,90,9,-0.01633903245273797,-1.3884667496475493,0.20243103099347304
CA1-CA3,2,10,100,9,-0.015319769682327403,-1.311121371692865,0.2261970800871382
CA1-CA3,2,11,110,9,-0.012497523871077033,-1.057645793314249,0.321104998376137
CA1-CA3,2,12,120,9,-0.007965213096938826,-0.6454103805001865,0.5367285095874725
CA1-CA3,2,13,130,9,-0.004744271957990996,-0.3730847519074536,0.7187770229326648
CA1-CA3,2,14,140,9,-0.004939724202343272,-0.40153161991410724,0.6985413103794071
CA1-CA3,2,15,150,9,-0.008357134673518847,-0.7380529621966702,0.4815687719590387
CA1-CA3,2,16,160,9,-0.013495394210533742,-1.2771589696541914,0.23736404695205132
CA1-CA3,2,17,170,9,-0.018086027457018743,-1.7993555114133108,0.10966097204365338
CA1-CA3,2,18,180,9,-0.020477240623896404,-2.078554317895845,0.07127517329358934
CA1-CA3,2,19,190,9,-0.01993257728047736,-2.0495080727965607,0.07456510354157363
CA1-CA3,2,20,200,9,-0.017933179336488116,-1.7821491886980478,0.11258067767129665
CA1-CA3,2,21,210,9,-0.01770262140661152,-1.738845447655763,0.12025519939891517
CA1-CA3,2,22,220,9,-0.01763800749575066,-1.6881299029496255,0.12986365305629333
CA1-CA3,2,23,230,9,-0.019191728444678764,-1.86296689481643,0.0994762440773052
CA1-CA3,2,24,240,9,-0.021395089993308813,-2.0814026479982837,0.07096028996162008
CA1-CA3,2,25,250,9,-0.02139343576704242,-2.0666871114534913,0.07260184402261263
CA1-CA3,3,1,10,9,-0.0826096097410953,-1.7741201849840187,0.11396798946814209
CA1-CA3,3,2,20,9,-0.04535629129517335,-1.3013683203699709,0.2293572703208755
CA1-CA3,3,3,30,9,-0.02784916478383699,-0.7751723295713463,0.4605345520922315
CA1-CA3,3,4,40,9,-0.01453100312532992,-0.35685956683143855,0.7304267483575186
CA1-CA3,3,5,50,9,-0.005870804444019356,-0.1389056714563676,0.8929577397785622
CA1-CA3,3,6,60,9,0.0008940898476363029,0.022720162274863204,0.9824299715461422
CA1-CA3,3,7,70,9,-0.003213356439545931,-0.08931713658757744,0.9310254574912606
CA1-CA3,3,8,80,9,-0.008568942947092413,-0.2537228797787861,0.8061087141419654
CA1-CA3,3,9,90,9,-0.015401201247874212,-0.5023462050334156,0.6289571817142767
CA1-CA3,3,10,100,9,-0.020442171536231568,-0.7545122476947573,0.47216537322039265
CA1-CA3,3,11,110,9,-0.021563015709667486,-0.8095832693286316,0.4415921262038466
CA1-CA3,3,12,120,9,-0.02251105026834336,-0.8206747965359494,0.43560156094092517
CA1-CA3,3,13,130,9,-0.022135986502534264,-0.8260363051730452,0.4327259784965165
CA1-CA3,3,14,140,9,-0.020159366045245656,-0.7732045334751224,0.46163403566245265
CA1-CA3,3,15,150,9,-0.017525971277329164,-0.6575106459829149,0.5293124014570733
CA1-CA3,3,16,160,9,-0.01351739065515293,-0.5138745306870299,0.6212287052870813
CA1-CA3,3,17,170,9,-0.010678775925354758,-0.42090738167611,0.6849024932606202
CA1-CA3,3,18,180,9,-0.009113409483051695,-0.3534377265508111,0.7328933014516954
CA1-CA3,3,19,190,9,-0.0073654234521189094,-0.28550212272276715,0.7825120428158344
CA1-CA3,3,20,200,9,-0.00551735620006793,-0.22015961253786234,0.8312611130647374
CA1-CA3,3,21,210,9,-0.003960221341374954,-0.16175385976135548,0.8755103036180399
CA1-CA3,3,22,220,9,-0.0051760183636095575,-0.2125632865327352,0.8369838409656231
CA1-CA3,3,23,230,9,-0.005807664745331311,-0.23942803527977974,0.8167939013301455
CA1-CA3,3,24,240,9,-0.006179676662877696,-0.25712915001077724,0.8035688617776917
CA1-CA3,3,25,250,9,-0.006450077615727415,-0.26746986322115024,0.7958737307527857
CA1-CA3,4,1,10,9,0.08361959838166384,2.1968292175789976,0.059286319045142234
CA1-CA3,4,2,20,9,0.09707111883695979,3.5377064255098385,0.007645425724272995
CA1-CA3,4,3,30,9,0.08754996766990741,2.094350716182345,0.06954593591713691
CA1-CA3,4,4,40,9,0.09704286124952834,1.785950603322006,0.1119293939221235
CA1-CA3,4,5,50,9,0.10112318139581146,1.7663294741819004,0.11532946502257418
CA1-CA3,4,6,60,9,0.08144252333448586,1.729925325101276,0.12189570170860241
CA1-CA3,4,7,70,9,0.06320475328073503,1.945308880066173,0.08762491075829465
CA1-CA3,4,8,80,9,0.05475839658092702,2.0051338932658687,0.07987831589862734
CA1-CA3,4,9,90,9,0.05173477844357653,1.923521601151904,0.09062196378591782
CA1-CA3,4,10,100,9,0.04852446744030888,1.7130327674973134,0.1250597423431111
CA1-CA3,4,11,110,9,0.04695537653956789,1.5719308457369772,0.15461009109473178
CA1-CA3,4,12,120,9,0.03633550577068289,1.4306901371189646,0.19039577739876531
CA1-CA3,4,13,130,9,0.02988278478165159,1.2190739994795043,0.25753877522685115
CA1-CA3,4,14,140,9,0.03303345517136061,1.2149380227796365,0.2590282092945521
CA1-CA3,4,15,150,9,0.033812799556672386,1.285648264897356,0.23452985275095733
CA1-CA3,4,16,160,9,0.0369453184584885,1.3645873356256877,0.20952689353858112
CA1-CA3,4,17,170,9,0.038036169846727766,1.4408886837801673,0.18758473226218048
CA1-CA3,4,18,180,9,0.0341523799909366,1.6533700336297488,0.13685512703266028
CA1-CA3,4,19,190,9,0.03345535318970035,1.9064867291244405,0.09303353498058521
CA1-CA3,4,20,200,9,0.03374246915486042,2.0192733578208397,0.07814660786559016
CA1-CA3,4,21,210,9,0.033624056270428,1.9342626772134173,0.08913232371487145
CA1-CA3,4,22,220,9,0.03540195853914306,1.8171790743314957,0.10671190702865233
CA1-CA3,4,23,230,9,0.03667981212058538,1.634250636818129,0.14084702373303343
CA1-CA3,4,24,240,9,0.03820326561622805,1.4970402958693636,0.17275516643818864
CA1-CA3,4,25,250,9,0.03718672980730557,1.3760949647197984,0.2060808693588214
CA1-CA3,5,1,10,9,0.005645945780272533,0.15900460172152223,0.8776060801960623
CA1-CA3,5,2,20,9,-0.042079452355395265,-0.6805983476449987,0.5153366058378259
CA1-CA3,5,3,30,9,-0.044520146366479475,-0.5835829906452753,0.5755803609988044
CA1-CA3,5,4,40,9,-0.031830558770960575,-0.4189893916697555,0.6862472231959091
CA1-CA3,5,5,50,9,-0.010083567147399565,-0.16775764175002963,0.8709372387143558
CA1-CA3,5,6,60,9,0.020977582836662328,0.5254569951897297,0.6135139866081805
CA1-CA3,5,7,70,9,0.026049675245082816,0.6804546569477613,0.5154228739444674
CA1-CA3,5,8,80,9,0.01747082927184548,0.4297100654439546,0.678746189392141
CA1-CA3,5,9,90,9,0.007236948941650463,0.18592940605717648,0.8571280300365878
CA1-CA3,5,10,100,9,-0.005503054832678945,-0.14940335300949087,0.8849331214935459
CA1-CA3,5,11,110,9,-0.001723625872393235,-0.0660736784332692,0.9489405390296908
CA1-CA3,5,12,120,9,0.0049460163447627055,0.25728144479822496,0.8034553623636669
CA1-CA3,5,13,130,9,0.012808221720617791,0.8635821090409717,0.41295835288647986
CA1-CA3,5,14,140,9,0.009528462530582524,0.654192650325844,0.5313397427535265
CA1-CA3,5,15,150,9,0.014532866594919267,0.9473082964487572,0.3712136850218984
CA1-CA3,5,16,160,9,0.019356059519904933,1.1883545149717185,0.26877218680970444
CA1-CA3,5,17,170,9,0.012722789172359387,0.872999106131376,0.4081020377246892
CA1-CA3,5,18,180,9,0.013813318365976315,0.8429610653729921,0.42373504478703106
CA1-CA3,5,19,190,9,0.011904405207068659,0.665284519362851,0.5245809404438473
CA1-CA3,5,20,200,9,0.004741904582761154,0.26142516756612416,0.8003691192005165
CA1-CA3,5,21,210,9,-0.0009091571470499109,-0.05270146348862032,0.9592620053841867
CA1-CA3,5,22,220,9,-0.001166565043691216,-0.06411009081093634,0.9504555595036405
CA1-CA3,5,23,230,9,-0.0077287545547405695,-0.37566655502488006,0.7169303776726939
CA1-CA3,5,24,240,9,-0.015106334695697114,-0.6487025570689365,0.5347045933068827
CA1-CA3,5,25,250,9,-0.01830533578930582,-0.7899111527696328,0.45235522627152613
CA1-CA3,6,1,10,8,-0.04180837061839103,-0.5695590140609816,0.5867809478034007
CA1-CA3,6,2,20,8,-0.023875697573537615,-0.5518853794543693,0.5981960166008635
CA1-CA3,6,3,30,8,-0.012708584476428385,-0.37986837614225916,0.7153057326998642
CA1-CA3,6,4,40,8,-0.014240304670976731,-0.48448373762322655,0.6428339254614795
CA1-CA3,6,5,50,8,-0.017618511808489546,-0.696026125534806,0.5088553361964057
CA1-CA3,6,6,60,8,-0.02370907122206426,-0.8361185265245115,0.4307010188021456
CA1-CA3,6,7,70,8,-0.02219764056160617,-0.7452993289204634,0.4803617392275745
CA1-CA3,6,8,80,8,-0.0226676534046584,-0.7583426363206113,0.47300016825213775
CA1-CA3,6,9,90,8,-0.027081263162615256,-0.7951876282968952,0.45261927447649963
CA1-CA3,6,10,100,8,-0.03366296713289338,-1.0207382430723606,0.3413533430016556
CA1-CA3,6,11,110,8,-0.037535196821966876,-1.1470322814818337,0.2890572573906608
CA1-CA3,6,12,120,8,-0.039340140838329936,-1.213577382210544,0.2642632871708012
CA1-CA3,6,13,130,8,-0.03385091373561973,-0.998588396555607,0.3512542395478402
CA1-CA3,6,14,140,8,-0.02941178449272302,-0.901224161470187,0.39741557622416435
CA1-CA3,6,15,150,8,-0.0304431149005977,-0.938520921437992,0.37922206587212265
CA1-CA3,6,16,160,8,-0.03387807199673172,-1.0805277434576048,0.315722667308925
CA1-CA3,6,17,170,8,-0.037749794456601315,-1.2333534171502156,0.2572490227116067
CA1-CA3,6,18,180,8,-0.04117396808804197,-1.3585886073498878,0.21643053882862145
CA1-CA3,6,19,190,8,-0.037998865608647014,-1.2915617494023617,0.23751723834064556
CA1-CA3,6,20,200,8,-0.03937906430986683,-1.29404324471099,0.2367058247527035
CA1-CA3,6,21,210,8,-0.04000346345991469,-1.2817674885261172,0.24074332892664618
CA1-CA3,6,22,220,8,-0.03644776377749332,-1.2131930122934513,0.2644012037845484
CA1-CA3,6,23,230,8,-0.0360985711314991,-1.2272937220010125,0.2593813405054739
CA1-CA3,6,24,240,8,-0.04079229999146668,-1.3837148257518173,0.20896005294548367
CA1-CA3,6,25,250,8,-0.042367693964267476,-1.5189985100324488,0.17255963202265487
CA1-DG,1,1,10,11,0.010251716735787487,0.21816771850728037,0.8316861287299944
CA1-DG,1,2,20,11,-7.735212068186136e-05,-0.0021741179980943786,0.9983080663846124
CA1-DG,1,3,30,11,-0.005733585432161212,-0.1953754016236847,0.8490117446496283
CA1-DG,1,4,40,11,-0.011375125161701184,-0.4997417306274784,0.6280690835993028
CA1-DG,1,5,50,11,-0.011595350854716406,-0.6264339166707148,0.5450639660247679
CA1-DG,1,6,60,11,-0.010047408432847455,-0.5599277571721193,0.5878510836479189
CA1-DG,1,7,70,11,-0.007227472481432736,-0.40189833084550486,0.6962141587906931
CA1-DG,1,8,80,11,-0.006070629085336058,-0.34362859342098684,0.738241010330847
CA1-DG,1,9,90,11,-0.006767714312935388,-0.4002712876078548,0.6973739503514487
CA1-DG,1,10,100,11,-0.007020603140745984,-0.4418070230176751,0.6680296793190528
CA1-DG,1,11,110,11,-0.006745820263199234,-0.464751189934251,0.6520640653431374
CA1-DG,1,12,120,11,-0.007576000047611964,-0.5353082342150287,0.6041363461049332
CA1-DG,1,13,130,11,-0.007229890807975366,-0.4978931225976939,0.6293258060871103
CA1-DG,1,14,140,11,-0.0052107216822531366,-0.3579264655243915,0.7278380434433573
CA1-DG,1,15,150,11,-0.0028421198461376484,-0.19699106449100942,0.8477806948016962
CA1-DG,1,16,160,11,-0.002079185435618584,-0.14421976035420053,0.8881920078042106
CA1-DG,1,17,170,11,-0.003345259494411129,-0.2284780068180925,0.8238790915902812
CA1-DG,1,18,180,11,-0.0048439340963188655,-0.3234876956428038,0.7529893554802807
CA1-DG,1,19,190,11,-0.005695592985088871,-0.3790083840337437,0.7126048200322828
CA1-DG,1,20,200,11,-0.005005522995114605,-0.3368563540125738,0.7431879784137205
CA1-DG,1,21,210,11,-0.003907501351839181,-0.26458827635555104,0.7967000718319268
CA1-DG,1,22,220,11,-0.00335825619905933,-0.22463304538217205,0.826788224014177
CA1-DG,1,23,230,11,-0.003540090314830984,-0.23159977082711625,0.8215191908897899
CA1-DG,1,24,240,11,-0.004551426397760861,-0.2912892871207227,0.776782589777955
CA1-DG,1,25,250,11,-0.005201701294430421,-0.3282737458481253,0.7494750098428089
CA1-DG,2,1,10,11,-0.026896405825174517,-0.8143177847488726,0.4344260611418437
CA1-DG,2,2,20,11,-0.03758869377325386,-1.5082752913932713,0.16240976618649913
CA1-DG,2,3,30,11,-0.03875126447600187,-1.7900090457863946,0.10372552467682544
CA1-DG,2,4,40,11,-0.04678708951721216,-2.0202033408417717,0.0709562003813861
CA1-DG,2,5,50,11,-0.045558635917241366,-1.8857956716399265,0.08867381417361045
CA1-DG,2,6,60,11,-0.04906151764269342,-1.9528838754010647,0.079367835658792
CA1-DG,2,7,70,11,-0.046952489085913894,-1.975710481899503,0.07641575239189413
CA1-DG,2,8,80,11,-0.042837508930079614,-2.065317090465336,0.06579830508178033
CA1-DG,2,9,90,11,-0.03822800618254671,-2.1786000309842315,0.05437400913206518
CA1-DG,2,10,100,11,-0.03425905082633709,-2.3982935279613873,0.03742460463937511
CA1-DG,2,11,110,11,-0.034078951742963555,-2.8696293013688634,0.016679332536587686
CA1-DG,2,12,120,11,-0.033427036091310876,-2.9416812000533668,0.01474303776676646
CA1-DG,2,13,130,11,-0.030670774808584964,-2.7398322028182256,0.020838750516038475
CA1-DG,2,14,140,11,-0.028680645885067736,-2.6564744127548803,0.024044356454058856
CA1-DG,2,15,150,11,-0.02649882568763725,-2.455924214260658,0.03391221315671068
CA1-DG,2,16,160,11,-0.023698086831925834,-2.167831216317743,0.05537243415485919
CA1-DG,2,17,170,11,-0.021276962735621945,-1.937408778101425,0.08142964838981405
CA1-DG,2,18,180,11,-0.018662117956577066,-1.7078841665666704,0.11845932871914183
CA1-DG,2,19,190,11,-0.016686299652129755,-1.4824013552243278,0.16904649125637067
CA1-DG,2,20,200,11,-0.014608512136019098,-1.2689833497095775,0.23318739197106528
CA1-DG,2,21,210,11,-0.014777651817890303,-1.260465641227223,0.23611830267139292
CA1-DG,2,22,220,11,-0.014673836893150377,-1.2817650118773807,0.22884524580313167
CA1-DG,2,23,230,11,-0.015022330137916984,-1.3590299758706366,0.20399670025037497
CA1-DG,2,24,240,11,-0.01500678348872004,-1.4349308577292619,0.1818340881544486
CA1-DG,2,25,250,11,-0.01621226842126243,-1.5830971859527387,0.14448154320783663
CA1-DG,3,1,10,11,-0.04109075685215725,-0.872216438575867,0.4035463495435918
CA1-DG,3,2,20,11,-0.05870226747440041,-1.6993985791523114,0.12008524431964668
CA1-DG,3,3,30,11,-0.05559262524751915,-1.6659639168784752,0.12668943607048339
CA1-DG,3,4,40,11,-0.055655392265931865,-1.9163021187045666,0.08432264211131209
CA1-DG,3,5,50,11,-0.05291573414989691,-1.8143388463096484,0.09969406509654596
CA1-DG,3,6,60,11,-0.041005551859011696,-1.5771452961253394,0.14584100211857295
CA1-DG,3,7,70,11,-0.042982516914344134,-1.7595992301806918,0.1089743858399071
CA1-DG,3,8,80,11,-0.04373874466152941,-2.0759654668057492,0.06463385741718532
CA1-DG,3,9,90,11,-0.04301920877117997,-2.4978063106848496,0.03156525427625781
CA1-DG,3,10,100,11,-0.04193125174620447,-2.7833242455135663,0.01934002925546527
CA1-DG,3,11,110,11,-0.033000582232741764,-2.2839842039328193,0.0454765943796557
CA1-DG,3,12,120,11,-0.02787670749270831,-1.809701395328153,0.1004512059995496
CA1-DG,3,13,130,11,-0.024988964856541094,-1.5831372078887875,0.14447243993260137
CA1-DG,3,14,140,11,-0.02549365570981166,-1.8869193351484008,0.0885099061446375
CA1-DG,3,15,150,11,-0.026974003998891237,-2.353239784052555,0.040416683470407284
CA1-DG,3,16,160,11,-0.02497923864973577,-2.2813159417218025,0.04568339011189195
CA1-DG,3,17,170,11,-0.021993395571125618,-2.019110018236827,0.07108582926658372
CA1-DG,3,18,180,11,-0.020839627267062698,-1.9255980297063007,0.08303685774603943
CA1-DG,3,19,190,11,-0.020413666428277154,-1.817740627942242,0.09914200985814654
CA1-DG,3,20,200,11,-0.02122305160100897,-1.9197598888764733,0.0838422170581385
CA1-DG,3,21,210,11,-0.02062089544364406,-1.7983469410742887,0.10232737559809225
CA1-DG,3,22,220,11,-0.020561095759245508,-1.8056950558294684,0.10110956034562343
CA1-DG,3,23,230,11,-0.02106417559546322,-1.894103801386241,0.0874685535621215
CA1-DG,3,24,240,11,-0.02043907300968761,-1.8626102077763158,0.09211941266664792
CA1-DG,3,25,250,11,-0.019124589673292093,-1.8197270814177622,0.09882094265809921
CA1-DG,4,1,10,11,0.09274336575501904,0.9250447114958841,0.3767257477098426
CA1-DG,4,2,20,11,0.08229095210315686,0.8519052301369368,0.41420278129917076
CA1-DG,4,3,30,11,0.04312982493768374,0.5065516582340881,0.6234503201451932
CA1-DG,4,4,40,11,0.006453677218159104,0.11349437181954614,0.9118848304041081
CA1-DG,4,5,50,11,-0.011524177722277366,-0.2562997401929189,0.8029149070724035
CA1-DG,4,6,60,11,-0.011758406685374829,-0.3225979647294643,0.7536433311297125
CA1-DG,4,7,70,11,-0.008608694241953164,-0.21172327539018404,0.8365757455154146
CA1-DG,4,8,80,11,-0.005982763140303739,-0.13837791602285893,0.8926886226778323
CA1-DG,4,9,90,11,-0.0008955541421291009,-0.02027153839899317,0.9842255373189888
CA1-DG,4,10,100,11,0.003140240706349137,0.07275782705841717,0.9434335340192819
CA1-DG,4,11,110,11,0.0051891662411164725,0.12156631040508252,0.9056506416614793
CA1-DG,4,12,120,11,0.0010941489522213017,0.03318012450896953,0.9741838812861627
CA1-DG,4,13,130,11,0.0024208690943170355,0.08185172270530583,0.9363797542099828
CA1-DG,4,14,140,11,0.008635077716188561,0.3039520736681765,0.7673948229794825
CA1-DG,4,15,150,11,0.011324456555367395,0.3714696602966342,0.71803731438745
CA1-DG,4,16,160,11,0.01949773093198586,0.5574567648629021,0.5894749646045132
CA1-DG,4,17,170,11,0.0226901636419376,0.6433597231477417,0.5344652473082845
CA1-DG,4,18,180,11,0.02073965413067397,0.5991241363201822,0.5624164620222287
CA1-DG,4,19,190,11,0.015424502970353802,0.5181773015242347,0.6156048431832675
CA1-DG,4,20,200,11,0.01183014031899287,0.46204192300021596,0.6539399359711789
CA1-DG,4,21,210,11,0.009402862880706044,0.37079039424767835,0.7185276176197142
CA1-DG,4,22,220,11,0.0012843832522349532,0.06739737755636571,0.947593870844734
CA1-DG,4,23,230,11,-0.0012087485722300157,-0.07332944702889443,0.9429899928949312
CA1-DG,4,24,240,11,-0.001801067062602074,-0.1264835792745614,0.9018561581295834
CA1-DG,4,25,250,11,-0.0032316515744834754,-0.25146432453746403,0.8065472535811951
CA1-DG,5,1,10,11,-0.08350588605095248,-2.874499019150886,0.016540713416667747
CA1-DG,5,2,20,11,-0.060673872129260314,-2.063543399981907,0.06599419296264154
CA1-DG,5,3,30,11,-0.062266766891330434,-2.4298055756994996,0.035461984218363364
CA1-DG,5,4,40,11,-0.04064933085881927,-1.439756992271343,0.1804971521584041
CA1-DG,5,5,50,11,-0.04040098783795408,-1.5809322868646396,0.14497472145252782
CA1-DG,5,6,60,11,-0.03289658938880888,-1.1891009736072768,0.26186890861592893
CA1-DG,5,7,70,11,-0.029701478532741354,-0.9944453486607464,0.3434594033470796
CA1-DG,5,8,80,11,-0.03650903771849066,-1.2985385600908277,0.22324808681158093
CA1-DG,5,9,90,11,-0.04267808988266953,-1.7825688214943156,0.10498791035745395
CA1-DG,5,10,100,11,-0.04143033895488247,-1.8312604727490265,0.096975666778939
CA1-DG,5,11,110,11,-0.0458329341316105,-2.125095138933873,0.05951087731074274
CA1-DG,5,12,120,11,-0.0476858239376571,-1.9904095709260319,0.07456973912047483
CA1-DG,5,13,130,11,-0.04857706838305095,-1.7964767172748297,0.10263947338627784
CA1-DG,5,14,140,11,-0.044069611682252964,-1.8184377587783505,0.09902922453816794
CA1-DG,5,15,150,11,-0.041005938455710794,-1.8752013563686774,0.09023312273371535
CA1-DG,5,16,160,11,-0.040540332204936046,-1.8972725524165723,0.0870128908719816
CA1-DG,5,17,170,11,-0.03845333623866945,-1.6610019999554566,0.12769689930153094
CA1-DG,5,18,180,11,-0.040073431780802846,-1.5299466091551226,0.15702676797483564
CA1-DG,5,19,190,11,-0.04305919670925683,-1.566938684765838,0.14819858635774913
CA1-DG,5,20,200,11,-0.04199181362566986,-1.5249352584680214,0.15825749933105945
CA1-DG,5,21,210,11,-0.04162389520470195,-1.6442340341538573,0.13115483988396118
CA1-DG,5,22,220,11,-0.038701066872519896,-1.7824090065252731,0.10501517995241859
CA1-DG,5,23,230,11,-0.03516804900847851,-1.5009394419012123,0.16426802394087164
CA1-DG,5,24,240,11,-0.03024920012976664,-1.4076664073342868,0.18954702006307342
CA1-DG,5,25,250,11,-0.025282780705640127,-1.1729850768774144,0.26798477131057796
CA1-DG,6,1,10,10,-0.02969148942235609,-1.3546600557882424,0.20855210626740997
CA1-DG,6,2,20,10,-0.05040368249143294,-1.082940894065454,0.30699362154250803
CA1-DG,6,3,30,10,-0.06611606863817518,-1.2135208261330286,0.2558160183660482
CA1-DG,6,4,40,10,-0.0632654920609831,-1.1846935265283978,0.2664787820576864
CA1-DG,6,5,50,10,-0.06648482313723489,-1.2945465860788787,0.22770248204153168
CA1-DG,6,6,60,10,-0.06395924265152217,-1.7317315554137576,0.11736561163723973
CA1-DG,6,7,70,10,-0.06621750808304319,-1.8015115475337198,0.10513881959000469
CA1-DG,6,8,80,10,-0.057285297274474026,-1.7921886942082825,0.10670113526731614
CA1-DG,6,9,90,10,-0.05575700843348445,-1.8149402125709568,0.10292579775900144
CA1-DG,6,10,100,10,-0.04721336534031821,-1.681580258943465,0.12694688053689857
CA1-DG,6,11,110,10,-0.047368317851066724,-1.7575656449233605,0.11269354061694487
CA1-DG,6,12,120,10,-0.04820903440926143,-1.7286337146525277,0.11793766591479324
CA1-DG,6,13,130,10,-0.03796442019979,-1.5979678008705906,0.1445145520100949
CA1-DG,6,14,140,10,-0.03506645589757532,-1.5448940711686079,0.15677089004839825
CA1-DG,6,15,150,10,-0.029961395209456426,-1.4537285088410468,0.1799858072000543
CA1-DG,6,16,160,10,-0.028258382118517573,-1.5724684165288332,0.15029195707883514
CA1-DG,6,17,170,10,-0.03430476095968127,-1.8680113168690318,0.09459804485297693
CA1-DG,6,18,180,10,-0.036135089638212284,-1.983696301812899,0.0785904989239839
CA1-DG,6,19,190,10,-0.03457842595724435,-1.8320646373248468,0.10016664374360792
CA1-DG,6,20,200,10,-0.03516720324153162,-1.7714618637464798,0.11025198734905536
CA1-DG,6,21,210,10,-0.03882591803265888,-1.8418425980016755,0.09862229884116705
CA1-DG,6,22,220,10,-0.04492388310336542,-2.05181474771337,0.07040672222011812
CA1-DG,6,23,230,10,-0.04520675235630822,-1.9459481001941072,0.08350826730234316
CA1-DG,6,24,240,10,-0.04863925104872973,-1.961707512156039,0.08142062838606513
CA1-DG,6,25,250,10,-0.0492866277337872,-2.1049448274853737,0.0645977596393552
CA1-RSC,1,1,10,12,0.06451359954611698,3.5990276867450945,0.004177035148953241
CA1-RSC,1,2,20,12,0.0866199626595525,3.4664568972455614,0.005272794603345905
CA1-RSC,1,3,30,12,0.11219372847378124,3.9446732016489974,0.0022935626776489134
CA1-RSC,1,4,40,12,0.12972301515715604,4.436393628468934,0.001000969692576379
CA1-RSC,1,5,50,12,0.1397833437235493,4.736834600521197,0.0006125617036953736
CA1-RSC,1,6,60,12,0.14235840611798142,4.798708198888552,0.0005544949595008908
CA1-RSC,1,7,70,12,0.13652263922935873,4.715430524487361,0.0006341120453438712
CA1-RSC,1,8,80,12,0.12630381668689747,4.442814508169664,0.0009903929942322955
CA1-RSC,1,9,90,12,0.11556283729252399,4.144547723336796,0.001631434084795086
CA1-RSC,1,10,100,12,0.10496772711302403,3.941760675515699,0.0023050554439519293
CA1-RSC,1,11,110,12,0.09593209742538207,3.8306028578985742,0.002791491092719709
CA1-RSC,1,12,120,12,0.08954475744814006,3.807114823408964,0.0029072462352442174
CA1-RSC,1,13,130,12,0.08465230995290567,3.883945640115293,0.002545996371179767
CA1-RSC,1,14,140,12,0.08122925421697563,3.8884602984305237,0.002526273713707644
CA1-RSC,1,15,150,12,0.07778744001896325,3.9425609985935255,0.0023018914392741916
CA1-RSC,1,16,160,12,0.07675043423116988,3.9543744809058348,0.0022557090411576765
CA1-RSC,1,17,170,12,0.07561073159280839,3.982102550761654,0.0021510536079322176
CA1-RSC,1,18,180,12,0.07577740751896038,3.943605417268276,0.0022977692070618974
CA1-RSC,1,19,190,12,0.07538811551487418,3.9722344479779474,0.002187708595587067
CA1-RSC,1,20,200,12,0.07421029988579199,4.042467927143611,0.0019402996176122282
CA1-RSC,1,21,210,12,0.07199111624908329,4.122350626827576,0.001693934116423758
CA1-RSC,1,22,220,12,0.06949243232043599,4.1621621422879835,0.0015835510165751988
CA1-RSC,1,23,230,12,0.06613157498554854,4.141652867906275,0.001639446846548868
CA1-RSC,1,24,240,12,0.062168471943436866,4.085016720798105,0.0018047464188947853
CA1-RSC,1,25,250,12,0.059325854195217874,3.98467717044094,0.002141595605083273
CA1-RSC,2,1,10,12,0.020354408327914183,1.5603478759537763,0.14696785604337725
CA1-RSC,2,2,20,12,0.028358477367308413,1.4924291084978742,0.16370124540942557
CA1-RSC,2,3,30,12,0.03861015550730256,1.958936502322832,0.07595204208781661
CA1-RSC,2,4,40,12,0.04011379706767144,2.142501009595338,0.05536412682041423
CA1-RSC,2,5,50,12,0.039108223517767764,2.285650494711919,0.04310600479030604
CA1-RSC,2,6,60,12,0.0370582155289362,2.2092093037895584,0.04928663660052769
CA1-RSC,2,7,70,12,0.03355258887611715,1.954882298429625,0.07647877136289358
CA1-RSC,2,8,80,12,0.03127262382102513,1.8281684138184973,0.0947463713369502
CA1-RSC,2,9,90,12,0.025947641222900924,1.4170802286491098,0.184154579886829
CA1-RSC,2,10,100,12,0.02168805910224277,1.1935736266058272,0.25775118295423
CA1-RSC,2,11,110,12,0.018800952064921935,1.086964013705802,0.3002969184707179
CA1-RSC,2,12,120,12,0.01385272262162067,0.8119717914394924,0.43402765670172627
CA1-RSC,2,13,130,12,0.012398387348890635,0.7905299707679442,0.4459272680247849
CA1-RSC,2,14,140,12,0.01062536450070505,0.6732357390536685,0.5146930354283035
CA1-RSC,2,15,150,12,0.01227157842258847,0.8413714854600867,0.41805537885145816
CA1-RSC,2,16,160,12,0.013374875215658841,0.9356420555626419,0.369543828611018
CA1-RSC,2,17,170,12,0.014941443763261725,1.075183088021157,0.3053105242599843
CA1-RSC,2,18,180,12,0.014657247947658424,1.0443644193160806,0.3187249387468899
CA1-RSC,2,19,190,12,0.014363543498141442,1.0356631636491107,0.3225909995221896
CA1-RSC,2,20,200,12,0.013997820339762782,1.0350779182029886,0.3228522780281916
CA1-RSC,2,21,210,12,0.012863795971815117,0.975363726280407,0.35034188585499315
CA1-RSC,2,22,220,12,0.011719205480798177,0.8856303695962208,0.3947649767832211
CA1-RSC,2,23,230,12,0.010156015973983837,0.755482376055972,0.4658292426433299
CA1-RSC,2,24,240,12,0.00945316726150657,0.7124758284170909,0.4910068710918776
CA1-RSC,2,25,250,12,0.008701914945971853,0.6549025750819697,0.5259882022056872
CA1-RSC,3,1,10,12,0.01690388151722194,1.0361641895744271,0.32236744522650473
CA1-RSC,3,2,20,12,0.03419775644998748,1.7302574845217784,0.11150249248933769
CA1-RSC,3,3,30,12,0.03960454189212022,1.7993964181225397,0.0994159655523212
CA1-RSC,3,4,40,12,0.043461294074672245,2.0080296872552394,0.06983611892111373
CA1-RSC,3,5,50,12,0.04579130776132267,2.225403770494396,0.047910248596460744
CA1-RSC,3,6,60,12,0.04284537979201053,2.231367405250739,0.04741271341025287
CA1-RSC,3,7,70,12,0.04147662769604544,2.4085155242930605,0.034705540226007574
CA1-RSC,3,8,80,12,0.04140630084385215,2.6459950507077576,0.022748451070016617
CA1-RSC,3,9,90,12,0.04322664926660453,3.4548713183944546,0.005381611481284425
CA1-RSC,3,10,100,12,0.04014540066367984,3.9183772055803954,0.0023995214420691057
CA1-RSC,3,11,110,12,0.03784239591509587,4.715301866214431,0.0006342439706604687
CA1-RSC,3,12,120,12,0.038308765076666744,5.050873377221811,0.0003715658162400535
CA1-RSC,3,13,130,12,0.038619751390047787,4.665794328507446,0.0006872180429741385
CA1-RSC,3,14,140,12,0.036481256132917174,4.619217139548315,0.0007413180575333748
CA1-RSC,3,15,150,12,0.03466499518960599,4.311104667811296,0.001232857019108385
CA1-RSC,3,16,160,12,0.03511888315346612,4.077039809761294,0.0018293872537840801
CA1-RSC,3,17,170,12,0.03355978858893605,3.9165232740024942,0.002407181003518274
CA1-RSC,3,18,180,12,0.0332449258234031,3.801589241122764,0.002935192832690344
CA1-RSC,3,19,190,12,0.031763243931369416,3.673397155798729,0.0036678228454662385
CA1-RSC,3,20,200,12,0.0308509550237637,3.5518878500242033,0.0045370011844054646
CA1-RSC,3,21,210,12,0.030012320953451962,3.2955773164179005,0.007133758684600942
CA1-RSC,3,22,220,12,0.028412243790227887,3.0963776511770975,0.01016966015190035
CA1-RSC,3,23,230,12,0.02643827788058538,2.78531884589238,0.01773440119212304
CA1-RSC,3,24,240,12,0.023667187021715632,2.5232847343341276,0.02830962010329635
CA1-RSC,3,25,250,12,0.02184726798379727,2.340271837519657,0.03915351658833016
CA1-RSC,4,1,10,12,0.04922609948344797,0.8866758118857699,0.39422583530277977
CA1-RSC,4,2,20,12,0.0511472879678607,1.40124511186588,0.18871773525714064
CA1-RSC,4,3,30,12,0.06502734555193812,2.172723064532748,0.052527274573969655
CA1-RSC,4,4,40,12,0.07930959728266408,2.8933969737505794,0.014616752081212223
CA1-RSC,4,5,50,12,0.07803572249867968,2.932159711558531,0.013637638164255048
CA1-RSC,4,6,60,12,0.07941623376711954,3.002970771090979,0.012015870726830802
CA1-RSC,4,7,70,12,0.07478426076366067,3.0892069268799682,0.010300634697908201
CA1-RSC,4,8,80,12,0.07316666243340265,3.066945091202697,0.010718217532794878
CA1-RSC,4,9,90,12,0.07027029413772735,3.034429700253721,0.011359064340605301
CA1-RSC,4,10,100,12,0.06818224516116261,2.864005557319251,0.015405850538044333
CA1-RSC,4,11,110,12,0.0632896230205975,2.5498186361684434,0.02700380828238609
CA1-RSC,4,12,120,12,0.05278631982189993,2.214113188122107,0.048865909777294055
CA1-RSC,4,13,130,12,0.04983284644235927,2.1586421093350263,0.05383137918568084
CA1-RSC,4,14,140,12,0.04908636070747243,2.150578861098708,0.054591952002920004
CA1-RSC,4,15,150,12,0.05093598287487905,2.3623029407888967,0.03766041236077298
CA1-RSC,4,16,160,12,0.0506867240764386,2.4330051928623164,0.03323223007881329
CA1-RSC,4,17,170,12,0.05144306796656617,2.5369406498215854,0.02763001891845467
CA1-RSC,4,18,180,12,0.05077670820240737,2.561726359427127,0.02643718987838269
CA1-RSC,4,19,190,12,0.04969932981587356,2.526842208379265,0.028131016168656504
CA1-RSC,4,20,200,12,0.047759413719034256,2.4318419647475307,0.03330081249354693
CA1-RSC,4,21,210,12,0.04688430062560178,2.411978309506153,0.034493426288530055
CA1-RSC,4,22,220,12,0.04526981178946021,2.360403549496521,0.037786937610363426
CA1-RSC,4,23,230,12,0.04363362896617665,2.331160537323298,0.03978759950586705
CA1-RSC,4,24,240,12,0.04085476128553637,2.2151878398162954,0.04877416993658079
CA1-RSC,4,25,250,12,0.037942187684075195,2.1047138046766354,0.05911578843726785
CA1-RSC,5,1,10,12,0.02113326473516718,0.5489633785275224,0.5939984544377377
CA1-RSC,5,2,20,12,0.04360440659694189,2.1959611468201157,0.050440620981974896
CA1-RSC,5,3,30,12,0.07728058902527103,2.6729444000478932,0.02167969888737573
CA1-RSC,5,4,40,12,0.08280126024073248,3.1636653850457193,0.00901983667175931
CA1-RSC,5,5,50,12,0.08439202030030178,3.0540039050908545,0.010968784698545562
CA1-RSC,5,6,60,12,0.08755164327953141,2.8337517347630334,0.01626263957577548
CA1-RSC,5,7,70,12,0.08688558129958268,2.81109250848264,0.016935382965990207
CA1-RSC,5,8,80,12,0.08764741716885244,2.9278409398442014,0.013743386176708615
CA1-RSC,5,9,90,12,0.080346600560905,2.8830381350695986,0.0148901373004008
CA1-RSC,5,10,100,12,0.07032346495244189,2.7518793970271167,0.018827281336285678
CA1-RSC,5,11,110,12,0.05872692047624822,3.1690177936123334,0.008934234437445935
CA1-RSC,5,12,120,12,0.05134057578465892,2.9852169730157416,0.012403293613095088
CA1-RSC,5,13,130,12,0.039597458735498636,2.4390291418544643,0.03287926037093508
CA1-RSC,5,14,140,12,0.04055007013811192,2.508084895830798,0.029085329026567526
CA1-RSC,5,15,150,12,0.03978252557092629,2.475316496094622,0.030829063573909205
CA1-RSC,5,16,160,12,0.037360902757022696,2.2910203850731445,0.042701004870880986
CA1-RSC,5,17,170,12,0.03487648656584907,2.111012860414105,0.058474118637909224
CA1-RSC,5,18,180,12,0.03312580648014792,1.894485622845834,0.08473730814149069
CA1-RSC,5,19,190,12,0.034599562506948046,1.8823895651347236,0.08648720099695223
CA1-RSC,5,20,200,12,0.03473122188683112,1.8803431539975588,0.08678651598212116
CA1-RSC,5,21,210,12,0.030532237306922724,1.5775182139677653,0.1429807757215386
CA1-RSC,5,22,220,12,0.02793093850846111,1.4870382305903185,0.16509712331588958
CA1-RSC,5,23,230,12,0.027011789656916516,1.5119944358237802,0.15872004194869038
CA1-RSC,5,24,240,12,0.02577041171634074,1.4244078062540355,0.1820747281221153
CA1-RSC,5,25,250,12,0.023652864384349024,1.3000239289616708,0.22017334521863824
CA1-RSC,6,1,10,12,0.046701116448956,1.3937735990833466,0.19090358437044883
CA1-RSC,6,2,20,12,0.07867712063745123,2.249064254368931,0.04596524976656403
CA1-RSC,6,3,30,12,0.07852121331467336,2.6752090658304484,0.021592183305118633
CA1-RSC,6,4,40,12,0.057016484599252015,2.0242184265178937,0.06792234699553898
CA1-RSC,6,5,50,12,0.05848838218720767,1.9427909739260956,0.07806990591686604
CA1-RSC,6,6,60,12,0.052681538020848094,2.0311633577521087,0.06711648900417598
CA1-RSC,6,7,70,12,0.050171106116773445,2.0559420895037026,0.06431376047322127
CA1-RSC,6,8,80,12,0.04487484068704481,2.0538928739352897,0.06454131182286975
CA1-RSC,6,9,90,12,0.046950421228793886,2.109926389030914,0.058584322894519904
CA1-RSC,6,10,100,12,0.04477750869418828,2.1571052978351495,0.05397555931571133
CA1-RSC,6,11,110,12,0.050578071785776495,2.544163579144155,0.027277059249297343
CA1-RSC,6,12,120,12,0.04804411276318837,2.5180029103172514,0.02857684712965428
CA1-RSC,6,13,130,12,0.054014648867834254,2.6413828912156077,0.022936508024032746
CA1-RSC,6,14,140,12,0.049208088929097844,2.5299458048111205,0.027976101839997967
CA1-RSC,6,15,150,12,0.04398271277236915,2.39948866580921,0.035264458640622796
CA1-RSC,6,16,160,12,0.042064331444651694,2.3464065777414187,0.038732094164311885
CA1-RSC,6,17,170,12,0.04113581587009119,2.3191369642271886,0.04063954777049788
CA1-RSC,6,18,180,12,0.040260305911566846,2.3539770165696123,0.038218090280146444
CA1-RSC,6,19,190,12,0.03747077764504904,2.1570188264439647,0.05398368275805883
CA1-RSC,6,20,200,12,0.03367834717703822,2.0144950153369066,0.06906584026316613
CA1-RSC,6,21,210,12,0.03516071640452394,2.078957374140371,0.06180937327251055
CA1-RSC,6,22,220,12,0.03356753950158322,2.0306900193150463,0.06717112725802746
CA1-RSC,6,23,230,12,0.033482997737041796,2.066142040921048,0.06319230391518124
CA1-RSC,6,24,240,12,0.03261974546664922,1.9687296116423414,0.07469358052645163
CA1-RSC,6,25,250,12,0.03215647561330459,1.9656317627811988,0.07508955680040287
CA1-SUB,1,1,10,7,-0.0942491737394293,-3.7727818181588737,0.00925843829300471
CA1-SUB,1,2,20,7,-0.10741744083597991,-3.233580517808938,0.017830075446885186
CA1-SUB,1,3,30,7,-0.09991634110789709,-3.0194292274019077,0.023414314321822408
CA1-SUB,1,4,40,7,-0.07586942841311414,-3.030531346635699,0.0230821365819373
CA1-SUB,1,5,50,7,-0.05206673068163264,-2.311478982161234,0.06014683701298448
CA1-SUB,1,6,60,7,-0.03456178287999145,-1.421154170624644,0.20509851445343202
CA1-SUB,1,7,70,7,-0.022679765445511316,-0.9142922721714286,0.39581834269891775
CA1-SUB,1,8,80,7,-0.018010077375436192,-0.8589504571648008,0.4233505179875298
CA1-SUB,1,9,90,7,-0.014544775193702895,-0.749696624814472,0.48178753905820726
CA1-SUB,1,10,100,7,-0.006217782370699504,-0.34331379466952355,0.7430721595906975
CA1-SUB,1,11,110,7,0.0026783342560666524,0.15271473430132457,0.8836294727117822
CA1-SUB,1,12,120,7,0.009872847075780986,0.5802749102313028,0.5828493174477479
CA1-SUB,1,13,130,7,0.01700651250118675,0.9594501714551132,0.3743826801358008
CA1-SUB,1,14,140,7,0.02137513736958856,1.1904796116221075,0.27881809777750294
CA1-SUB,1,15,150,7,0.02081271347122716,1.1680961124572171,0.28707819890617076
CA1-SUB,1,16,160,7,0.01451131414699346,0.8458548460446587,0.43006941971976587
CA1-SUB,1,17,170,7,0.009917759009669319,0.5786095634610062,0.583902893201045
CA1-SUB,1,18,180,7,0.00792255541898287,0.41360114435066203,0.6935427696226542
CA1-SUB,1,19,190,7,0.010347453464571249,0.4837859836435982,0.6456873454742724
CA1-SUB,1,20,200,7,0.013929257007307152,0.6105422103518673,0.5638983208443797
CA1-SUB,1,21,210,7,0.015194032436376598,0.6335814109781316,0.5497277370507521
CA1-SUB,1,22,220,7,0.013116076809225616,0.563049053508408,0.59380120367184
CA1-SUB,1,23,230,7,0.011321102768846441,0.5112806529452882,0.6274184559864472
CA1-SUB,1,24,240,7,0.011936829597475824,0.5325345211672308,0.613490981862999
CA1-SUB,1,25,250,7,0.012223892331896932,0.5331531047307577,0.6130882226190191
CA1-SUB,2,1,10,7,-0.047887639585310185,-1.9043307084829675,0.10553423087506056
CA1-SUB,2,2,20,7,-0.020621668039784293,-0.6502541505988547,0.5396126756205655
CA1-SUB,2,3,30,7,-0.040904524755464945,-1.6767702677589684,0.14460109261465554
CA1-SUB,2,4,40,7,-0.04746415648096242,-1.829152779223971,0.1171255504677688
CA1-SUB,2,5,50,7,-0.03795468917956966,-1.5895911475919493,0.16302892384442882
CA1-SUB,2,6,60,7,-0.044547738961395016,-2.0207974424951005,0.08980116555824914
CA1-SUB,2,7,70,7,-0.04918672329292671,-1.9702377076941249,0.0963184786251376
CA1-SUB,2,8,80,7,-0.03762592294891588,-1.8646716048409584,0.11149937656827218
CA1-SUB,2,9,90,7,-0.03183878796569242,-1.433730238059691,0.20163862384460382
CA1-SUB,2,10,100,7,-0.02234958009504564,-1.1529981044224942,0.2927669780171361
CA1-SUB,2,11,110,7,-0.007597655618696573,-0.5144558845401045,0.6253268318503709
CA1-SUB,2,12,120,7,0.005479837845918628,0.40853726190072076,0.6970599285606461
CA1-SUB,2,13,130,7,0.017039427375651065,1.7393371101028707,0.1326318846476993
CA1-SUB,2,14,140,7,0.01388629879181191,0.9868010326472842,0.3618471014282705
CA1-SUB,2,15,150,7,0.014716494556955725,1.0539531285625205,0.33248516877766726
CA1-SUB,2,16,160,7,0.01156969221880151,0.6817458649662673,0.5208322996946628
CA1-SUB,2,17,170,7,0.015139479132274676,1.1110986371079539,0.3090562386078927
CA1-SUB,2,18,180,7,0.01783048565593881,1.4780030515595335,0.189882288318289
CA1-SUB,2,19,190,7,0.015565504558773872,1.1059614841247696,0.3111047475137001
CA1-SUB,2,20,200,7,0.013519706648647692,0.844590740106842,0.4307221186523871
CA1-SUB,2,21,210,7,0.01585195424535032,0.9769195568491762,0.36633725058718103
CA1-SUB,2,22,220,7,0.016885341927681236,1.1005652404280704,0.3132687529477609
CA1-SUB,2,23,230,7,0.01873925487612821,1.3088780768455837,0.23846889199190674
CA1-SUB,2,24,240,7,0.021181462781347825,1.7229048196882257,0.13567876852174554
CA1-SUB,2,25,250,7,0.027075823700255575,2.727951955353484,0.034279036529604276
CA1-SUB,3,1,10,7,0.004046096097324203,0.07509451318201452,0.9425806874762012
CA1-SUB,3,2,20,7,-0.04662960045316737,-1.303990874957382,0.24002651407032632
CA1-SUB,3,3,30,7,-0.04112442373639326,-0.9163385670638348,0.3948270192991062
CA1-SUB,3,4,40,7,-0.025068797063771936,-0.5480263790420555,0.6034490179519065
CA1-SUB,3,5,50,7,-0.0215327161044165,-0.48688757476580197,0.6436125403017028
CA1-SUB,3,6,60,7,-0.006348289332988152,-0.1417407667343707,0.891924262733609
CA1-SUB,3,7,70,7,-0.007330997755908084,-0.20724195078729882,0.8426755556254938
CA1-SUB,3,8,80,7,-0.00524304803852213,-0.18810316918397602,0.8569963046568126
CA1-SUB,3,9,90,7,-0.004673758554121699,-0.22648200859156925,0.8283451997813039
CA1-SUB,3,10,100,7,0.0013559412691776993,0.1045980622162571,0.9201036994163064
CA1-SUB,3,11,110,7,0.014661906903664004,0.8630253238663179,0.42127576880269224
CA1-SUB,3,12,120,7,0.029166870943725887,1.0566927657651248,0.33132955601980246
CA1-SUB,3,13,130,7,0.025425169729162905,1.0867790211074655,0.31885419750109995
CA1-SUB,3,14,140,7,0.02371595472057586,1.0047628083139493,0.35379717535552613
CA1-SUB,3,15,150,7,0.021661656768717952,1.1178949448653992,0.3063634513814431
CA1-SUB,3,16,160,7,0.02521553994506876,1.3771796067159492,0.21762829825948457
CA1-SUB,3,17,170,7,0.022741804362349814,1.3620711461373243,0.2220913697363388
CA1-SUB,3,18,180,7,0.02495639871280772,1.5785955030176273,0.16550658003232707
CA1-SUB,3,19,190,7,0.031846020091015184,1.7694359501752488,0.12722326419299215
CA1-SUB,3,20,200,7,0.035085909392283454,1.8461153291816217,0.11440443134952417
CA1-SUB,3,21,210,7,0.02890064401696803,1.6980706276444812,0.1404131418636538
CA1-SUB,3,22,220,7,0.03462710711683283,2.2175548662097473,0.06842784402224222
CA1-SUB,3,23,230,7,0.03513523972775212,2.2823069667300744,0.06260124933649512
CA1-SUB,3,24,240,7,0.03772315093170965,2.4212817830773856,0.051772746600858184
CA1-SUB,3,25,250,7,0.038725403951416944,2.4424747063847487,0.050302274443419545
CA1-SUB,4,1,10,7,0.18919658123196775,1.3539141479828447,0.2245352342689311
CA1-SUB,4,2,20,7,0.11736334395493733,1.3040325540664774,0.24001319212145053
CA1-SUB,4,3,30,7,0.05655126743661696,1.0463375011959828,0.33571482621357357
CA1-SUB,4,4,40,7,0.055632464889712144,0.7626537347419716,0.47457535049900645
CA1-SUB,4,5,50,7,0.044182183423697736,0.6634604442276314,0.5316849109599954
CA1-SUB,4,6,60,7,0.012209446744860455,0.2591598125089971,0.8041742498972977
CA1-SUB,4,7,70,7,0.02447428287620054,0.4606521781087285,0.6612720169740007
CA1-SUB,4,8,80,7,0.02065572334582481,0.39609495357856406,0.705736788558434
CA1-SUB,4,9,90,7,0.018967060382834678,0.4179357973158995,0.6905387294918119
CA1-SUB,4,10,100,7,0.017963115587944223,0.4094156046928862,0.696449273829987
CA1-SUB,4,11,110,7,0.014166668595645379,0.36389685313157766,0.7284140710930939
CA1-SUB,4,12,120,7,0.01829714069496809,0.42807670929991637,0.6835349420174133
CA1-SUB,4,13,130,7,0.019322429867410628,0.4500606462854533,0.6684704921534741
CA1-SUB,4,14,140,7,0.018493857168340205,0.43951275259753764,0.6756778993628222
CA1-SUB,4,15,150,7,0.01741352331135956,0.405800390895027,0.6989642907846554
CA1-SUB,4,16,160,7,0.015000963352690784,0.3572330637813558,0.7331462605338257
CA1-SUB,4,17,170,7,0.020659592078635138,0.4403365373572386,0.6751136332095633
CA1-SUB,4,18,180,7,0.025033545189914335,0.5062004543546264,0.6307728379143336
CA1-SUB,4,19,190,7,0.02575543820422351,0.508532010247421,0.6292321414207717
CA1-SUB,4,20,200,7,0.024348709179708584,0.5281319135304217,0.6163617802385846
CA1-SUB,4,21,210,7,0.031212020272598142,0.6950951013862459,0.5130011782235921
CA1-SUB,4,22,220,7,0.03236967743149895,0.7174822713982503,0.5000435690727031
CA1-SUB,4,23,230,7,0.026650043400115713,0.6408960514691816,0.5452755242361749
CA1-SUB,4,24,240,7,0.01998795203480299,0.5186493805953386,0.6225702927073149
CA1-SUB,4,25,250,7,0.014513446899124762,0.40548509628920976,0.6991838328330033
CA1-SUB,5,1,10,7,-0.2094522432250627,-1.4693576275266087,0.19212691027992085
CA1-SUB,5,2,20,7,0.04400376361045336,0.2817614252250851,0.7875922774601796
CA1-SUB,5,3,30,7,-0.030792085662578215,-0.4815391135950909,0.6471925723223149
CA1-SUB,5,4,40,7,-0.013428795977192222,-0.24659433519598423,0.8134422746723171
CA1-SUB,5,5,50,7,0.012307532371454905,0.1904031214541216,0.8552720651964283
CA1-SUB,5,6,60,7,0.011779063179301033,0.16337458959579815,0.8755875503778461
CA1-SUB,5,7,70,7,0.028519104347843525,0.38994666598879524,0.7100424753490376
CA1-SUB,5,8,80,7,0.03290782488864118,0.4642038933604111,0.658866918683088
CA1-SUB,5,9,90,7,0.029655950146763314,0.4399025371309908,0.6754108806459943
CA1-SUB,5,10,100,7,0.029116542174800253,0.4652057949304177,0.6581892715145282
CA1-SUB,5,11,110,7,0.037787867090193675,0.564392251006317,0.5929429436212474
CA1-SUB,5,12,120,7,0.03269216837940501,0.5825465737500466,0.581413970369336
CA1-SUB,5,13,130,7,0.03536628895582495,0.6711113494413796,0.5271263958769007
CA1-SUB,5,14,140,7,0.0336728571869935,0.6915118557462919,0.5150955892325224
CA1-SUB,5,15,150,7,0.04057276725939463,0.749185855149148,0.48207338470612904
CA1-SUB,5,16,160,7,0.04365902840552861,0.8078782986356354,0.44999482294895854
CA1-SUB,5,17,170,7,0.05388227657974661,0.8472279645251614,0.42936125788925106
CA1-SUB,5,18,180,7,0.04484650092084429,0.7308343528860086,0.49242085222944765
CA1-SUB,5,19,190,7,0.03028509190550304,0.5592281192237276,0.5962465896175884
CA1-SUB,5,20,200,7,0.029506930175767217,0.5351925130269485,0.6117614139554632
CA1-SUB,5,21,210,7,0.027293578485752906,0.50833360109031,0.6293631711625947
CA1-SUB,5,22,220,7,0.021169956963877554,0.4144947019022214,0.6929230063802371
CA1-SUB,5,23,230,7,0.019259697793745652,0.37802164490905305,0.7184270471525259
CA1-SUB,5,24,240,7,0.01998971819486457,0.3914115882400886,0.7090155077910193
CA1-SUB,5,25,250,7,0.015296754327332998,0.29397665816140156,0.7786802907332735
CA1-SUB,6,1,10,7,0.143797909532355,0.9771124443332055,0.36624918318016025
CA1-SUB,6,2,20,7,0.1364356674804312,0.9226737459041018,0.39177000306396387
CA1-SUB,6,3,30,7,0.11018246223419471,0.7130681138083058,0.5025809834902313
CA1-SUB,6,4,40,7,0.11983253724577585,0.7679162969301276,0.47166761886073316
CA1-SUB,6,5,50,7,0.10145718833644336,0.7192655297092438,0.4990209326576637
CA1-SUB,6,6,60,7,0.07206725379658845,0.6396469126515786,0.5460342329012997
CA1-SUB,6,7,70,7,0.07076753306375873,0.6417812266629203,0.5447382830624947
CA1-SUB,6,8,80,7,0.06750687854391908,0.6197985501737888,0.5581783456294325
CA1-SUB,6,9,90,7,0.07518019054683224,0.6586537702037191,0.5345617003050713
CA1-SUB,6,10,100,7,0.030675660104960974,0.4978259279041502,0.6363234872460846
CA1-SUB,6,11,110,7,0.0586872174579221,0.731608073052156,0.49198156076974653
CA1-SUB,6,12,120,7,0.05452644751563944,0.7707127319827227,0.4701275670962436
CA1-SUB,6,13,130,7,0.04236657342038909,0.9221523620772718,0.3920209072437336
CA1-SUB,6,14,140,7,0.04412602449463399,0.9575487914316193,0.3752666420305149
CA1-SUB,6,15,150,7,0.03406084903093544,0.8550586514576545,0.4253391167619138
CA1-SUB,6,16,160,7,0.03442840934262973,0.7965039534103833,0.45609004313408696
CA1-SUB,6,17,170,7,0.03282296595266362,0.7883236436186152,0.46050985993792914
CA1-SUB,6,18,180,7,0.02067673566722896,0.5619483925127443,0.5945050271356322
CA1-SUB,6,19,190,7,0.02081980497900795,0.5912514977980458,0.5759332178227976
CA1-SUB,6,20,200,7,0.01223901123291377,0.37438889990020957,0.7209898877788136
CA1-SUB,6,21,210,7,0.004116169090525513,0.1378647567921931,0.8948576325377965
CA1-SUB,6,22,220,7,0.0028396172666500497,0.1034587562013958,0.9209703157571298
CA1-SUB,6,23,230,7,0.005586499939580103,0.21475239805938137,0.8370734227803565
CA1-SUB,6,24,240,7,0.004526859578638346,0.17423096088410056,0.8674140830800776
CA1-SUB,6,25,250,7,0.007133336875053518,0.29000512319216176,0.7815738772448928
CA1-V1,1,1,10,13,-0.001248182348935334,-0.2992076597497001,0.7699003721413324
CA1-V1,1,2,20,13,-0.0007468650736255868,-0.20169027571774828,0.8435374644568845
CA1-V1,1,3,30,13,-0.003044429207284564,-0.6245581981242655,0.5439534433665799
CA1-V1,1,4,40,13,-0.0038252979292384163,-0.9490265468280747,0.36132894296175777
CA1-V1,1,5,50,13,-0.005600909322326657,-1.4025577357970045,0.1860866316773139
CA1-V1,1,6,60,13,-0.008197407039286444,-2.0319862614591084,0.06490099075361844
CA1-V1,1,7,70,13,-0.009905578097367869,-2.252418411913045,0.04380579323750964
CA1-V1,1,8,80,13,-0.011605192767932957,-2.7225370084218863,0.018520622926210314
CA1-V1,1,9,90,13,-0.014082828571111424,-3.063377027464618,0.009837118991557373
CA1-V1,1,10,100,13,-0.015259734892167405,-3.131381760599998,0.008669579533618132
CA1-V1,1,11,110,13,-0.016631252293879857,-3.2763326650732076,0.00662499904461123
CA1-V1,1,12,120,13,-0.017470626740311444,-3.356301801938794,0.005713142884563873
CA1-V1,1,13,130,13,-0.01785086768351061,-3.503680852746489,0.0043522617751010455
CA1-V1,1,14,140,13,-0.01909414312638423,-3.4975340923435687,0.004401819128673661
CA1-V1,1,15,150,13,-0.019959378100167516,-3.4887684083175907,0.004473487241187485
CA1-V1,1,16,160,13,-0.020934754471582422,-3.5431390680702997,0.004047390725036924
CA1-V1,1,17,170,13,-0.021112164221616103,-3.514458485711216,0.004266736437029246
CA1-V1,1,18,180,13,-0.021630379987440936,-3.50617145219241,0.004332343827001094
CA1-V1,1,19,190,13,-0.022358777875158005,-3.3950590996298406,0.005318046286269162
CA1-V1,1,20,200,13,-0.022864512410325496,-3.3879468591401323,0.005388414077419466
CA1-V1,1,21,210,13,-0.022840453284136305,-3.393544010170198,0.005332957830316316
CA1-V1,1,22,220,13,-0.02397517571823465,-3.392233635044623,0.005345888795487505
CA1-V1,1,23,230,13,-0.024594441099910627,-3.4538802453228237,0.004770706896826503
CA1-V1,1,24,240,13,-0.025219492177667537,-3.4870952446978136,0.004487301483104689
CA1-V1,1,25,250,13,-0.025533253363528494,-3.463118374966253,0.004690101799247893
CA1-V1,2,1,10,13,-0.009826247343035029,-1.7955809553527788,0.09776546934486686
CA1-V1,2,2,20,13,-0.009736893844674034,-1.797744832911359,0.0974060219035904
CA1-V1,2,3,30,13,-0.006437090195213736,-1.191514667036999,0.25648473155973056
CA1-V1,2,4,40,13,-0.007406807950282411,-1.4655275273936226,0.16848330175795534
CA1-V1,2,5,50,13,-0.006949804521056452,-1.2724334148756,0.22732207748819616
CA1-V1,2,6,60,13,-0.007053462890879112,-1.428866865074866,0.1785528462731515
CA1-V1,2,7,70,13,-0.006984344996045041,-1.4745502701167923,0.16608000333560843
CA1-V1,2,8,80,13,-0.008281697351557777,-1.8809933522245181,0.08445264777904977
CA1-V1,2,9,90,13,-0.008316221669365426,-1.5818714210361629,0.13966386597837646
CA1-V1,2,10,100,13,-0.008035049757099625,-1.399747118939599,0.18690693528757474
CA1-V1,2,11,110,13,-0.007685130386868037,-1.3566927896372494,0.19985300173997295
CA1-V1,2,12,120,13,-0.007928128006812212,-1.4375445338217507,0.17612472785465005
CA1-V1,2,13,130,13,-0.0081474958191602,-1.3785169936300918,0.19320087393362417
CA1-V1,2,14,140,13,-0.009029530749938043,-1.4720996612423918,0.166729854796677
CA1-V1,2,15,150,13,-0.00928875884063889,-1.4643470135140169,0.16879991195671729
CA1-V1,2,16,160,13,-0.010005522936386995,-1.554103144871817,0.14612534053888632
CA1-V1,2,17,170,13,-0.01089837500887396,-1.6452350962180022,0.1258425725409953
CA1-V1,2,18,180,13,-0.011802431186975835,-1.812850235939954,0.0949298374624823
CA1-V1,2,19,190,13,-0.012716489278202677,-1.9352792812475372,0.07687277458702348
CA1-V1,2,20,200,13,-0.014353205603453009,-2.2500066474641143,0.04399666239653385
CA1-V1,2,21,210,13,-0.016516698043930637,-2.5709913433235037,0.024500822218584913
CA1-V1,2,22,220,13,-0.01681357748399432,-2.622104835741788,0.022298161873842173
CA1-V1,2,23,230,13,-0.017364638135160385,-2.602115564232991,0.02313550689976146
CA1-V1,2,24,240,13,-0.01902117433479489,-2.6095000101431616,0.02282265239112192
CA1-V1,2,25,250,13,-0.020101374641282685,-2.6668867865699406,0.020528522912996047
CA1-V1,3,1,10,13,0.014242550515004901,0.8851241993746588,0.3934801843494896
CA1-V1,3,2,20,13,0.020230372835197373,2.461972547073875,0.02993020606906365
CA1-V1,3,3,30,13,0.03012063932824808,2.83855188594319,0.014936801317758552
CA1-V1,3,4,40,13,0.024186161961171345,2.2250727970166637,0.04601683460954231
CA1-V1,3,5,50,13,0.018847344301068027,1.666332489782227,0.12151466086557859
CA1-V1,3,6,60,13,0.012865469107434246,1.384715849946284,0.19134521899352303
CA1-V1,3,7,70,13,0.01172222521147129,1.1640762690901238,0.2670155708903148
CA1-V1,3,8,80,13,0.01441177199161154,1.2722897612335544,0.22737139184286148
CA1-V1,3,9,90,13,0.010177948864801957,0.9056780396245058,0.38293087476481436
CA1-V1,3,10,100,13,0.0037248905746434615,0.35518788899498716,0.7286135488032695
CA1-V1,3,11,110,13,8.162706097065292e-05,0.0075962351796548646,0.9940639640342128
CA1-V1,3,12,120,13,-0.0038518262065396097,-0.35865912896617275,0.7260808915057818
CA1-V1,3,13,130,13,-0.005679856802909481,-0.5520078135555188,0.5910754729194229
CA1-V1,3,14,140,13,-0.0061870919849744835,-0.6081058933064375,0.5544525238750027
CA1-V1,3,15,150,13,-0.0057301454123876916,-0.5280131482552874,0.6071164575504733
CA1-V1,3,16,160,13,-0.005969714730743278,-0.5220249800519449,0.6111537126617492
CA1-V1,3,17,170,13,-0.0049350658657848784,-0.4255201685121663,0.6779891535952408
CA1-V1,3,18,180,13,-0.004038175294695686,-0.34032595795440623,0.7394945178753998
CA1-V1,3,19,190,13,-0.004440125741572826,-0.37168140351084666,0.7166100124916842
CA1-V1,3,20,200,13,-0.0063912720270492785,-0.5200565838330897,0.6124837452385177
CA1-V1,3,21,210,13,-0.005287513528092014,-0.4166155935458961,0.684314897910856
CA1-V1,3,22,220,13,-0.005242676983013002,-0.40576599495414756,0.6920562667329142
CA1-V1,3,23,230,13,-0.006896894721774627,-0.528100602914479,0.6070575948678448
CA1-V1,3,24,240,13,-0.007384974531855212,-0.5637112192310281,0.5833319746305021
CA1-V1,3,25,250,13,-0.008270177723843832,-0.6416252773421083,0.5331810337240817
CA1-V1,4,1,10,13,-0.03439860683380855,-1.6296418952184715,0.12912784780315673
CA1-V1,4,2,20,13,-0.024053822616350584,-2.1844964232413986,0.04949360586079184
CA1-V1,4,3,30,13,-0.017381948649021685,-1.1367689906134202,0.27782623513550664
CA1-V1,4,4,40,13,-0.015460437316214343,-1.242917634618383,0.23763625252783735
CA1-V1,4,5,50,13,-0.02411264132234849,-1.8298965673828955,0.09220388258415509
CA1-V1,4,6,60,13,-0.031844480432469055,-2.1453475735200644,0.05308224271080752
CA1-V1,4,7,70,13,-0.031936237803675036,-2.3471680787164915,0.03690205305769879
CA1-V1,4,8,80,13,-0.03043719258396491,-2.370423280145088,0.03537417367310786
CA1-V1,4,9,90,13,-0.02961904449733526,-2.2978229274435105,0.04035628356238725
CA1-V1,4,10,100,13,-0.030240300714940146,-2.1984095325702384,0.04827436597353332
CA1-V1,4,11,110,13,-0.030876101652983292,-2.2295128254172165,0.04565076749304925
CA1-V1,4,12,120,13,-0.029710063124171186,-2.3249775226431133,0.038418868524645294
CA1-V1,4,13,130,13,-0.027854943020563683,-2.5442382058182247,0.025736966188610842
CA1-V1,4,14,140,13,-0.02690207572454201,-2.317737490474892,0.038926545506500966
CA1-V1,4,15,150,13,-0.025736433480304386,-2.0888970720643965,0.05868999362785921
CA1-V1,4,16,160,13,-0.022978153225644917,-1.7310163764862179,0.10905398314679088
CA1-V1,4,17,170,13,-0.020790036887447925,-1.488675759740323,0.16237598339856935
CA1-V1,4,18,180,13,-0.020287781708339076,-1.5080158515518933,0.15741881358006046
CA1-V1,4,19,190,13,-0.018290175262159696,-1.2640692327354672,0.2302077463298367
CA1-V1,4,20,200,13,-0.016840672580267554,-1.1167376575956343,0.2859680930395878
CA1-V1,4,21,210,13,-0.016395044209429017,-1.096756210176247,0.29426970197923885
CA1-V1,4,22,220,13,-0.015632451642029276,-1.0310823434655485,0.32283649953289106
CA1-V1,4,23,230,13,-0.014886445611206544,-0.9623880205458132,0.35484742785535783
CA1-V1,4,24,240,13,-0.01574134512394138,-1.0005971115596548,0.3367718059087077
CA1-V1,4,25,250,13,-0.015177111069178894,-0.9906290668566332,0.34142189062585615
CA1-V1,5,1,10,13,-0.008541631343891612,-0.2092727512410153,0.8377458791759995
CA1-V1,5,2,20,13,-0.009514705906351291,-0.3244834448485184,0.7511585522239097
CA1-V1,5,3,30,13,-0.016948062321590913,-0.7479247453770742,0.46891017019342696
CA1-V1,5,4,40,13,-0.013212464675815109,-0.6199562755024808,0.5468788985150296
CA1-V1,5,5,50,13,-0.01229096833551976,-0.46953738299927794,0.6471024904251772
CA1-V1,5,6,60,13,-0.017253958262333915,-0.6658522389832817,0.5181007907248241
CA1-V1,5,7,70,13,-0.012504274023016942,-0.5619785100945441,0.5844750408526085
CA1-V1,5,8,80,13,-0.022530500898265263,-1.147663444119655,0.2734734918161112
CA1-V1,5,9,90,13,-0.02960431593816523,-1.5038659706359496,0.15847146530880507
CA1-V1,5,10,100,13,-0.031079967240898062,-1.7636399149096582,0.1032119140821418
CA1-V1,5,11,110,13,-0.030436452961021394,-1.9834231161532418,0.07067876982977746
CA1-V1,5,12,120,13,-0.033447817535104875,-1.9800396831569331,0.07109855002629184
CA1-V1,5,13,130,13,-0.0383732340147052,-2.2667842793704254,0.04268508974567417
CA1-V1,5,14,140,13,-0.04226772538740027,-2.599175769135959,0.02326121973757396
CA1-V1,5,15,150,13,-0.04386036871824027,-2.6735798149442056,0.020276153272711463
CA1-V1,5,16,160,13,-0.04568930209055789,-2.7213306864252385,0.018562026192940298
CA1-V1,5,17,170,13,-0.04826684561733203,-2.9210772989077207,0.012814649296972814
CA1-V1,5,18,180,13,-0.04997607925082058,-3.0305170246705337,0.010456536475103148
CA1-V1,5,19,190,13,-0.04775083714482093,-3.204287469651497,0.007572051339598718
CA1-V1,5,20,200,13,-0.043954860070685026,-3.0832260028868235,0.009480914200687113
CA1-V1,5,21,210,13,-0.04419071233582388,-3.098238067341749,0.009220128363670772
CA1-V1,5,22,220,13,-0.042291782326207956,-3.2180521248551472,0.007381106980509532
CA1-V1,5,23,230,13,-0.04575353891246297,-3.3557365481120565,0.005719120300960619
CA1-V1,5,24,240,13,-0.047550916910967536,-3.3330279924046193,0.005964574119614038
CA1-V1,5,25,250,13,-0.048305447458868674,-3.2292145295013,0.007229832288264191
CA1-V1,6,1,10,13,-0.029177738363405918,-0.280834259313974,0.7836208280276572
CA1-V1,6,2,20,13,-0.041820124340313375,-0.6655817422827999,0.5182677801328879
CA1-V1,6,3,30,13,-0.05234698950536714,-0.844930742538817,0.41467837705027477
CA1-V1,6,4,40,13,-0.045050039556985104,-1.199135720164051,0.25361821789619554
CA1-V1,6,5,50,13,-0.03494587094886839,-1.1873596932421198,0.2580582076368213
CA1-V1,6,6,60,13,-0.021466685948409947,-0.7680312406333265,0.457316574537574
CA1-V1,6,7,70,13,-0.031711896383841656,-1.0326757375664761,0.3221199577428491
CA1-V1,6,8,80,13,-0.034061665598395706,-0.9699319418933244,0.35122473795693765
CA1-V1,6,9,90,13,-0.042767793452119146,-1.2943149263467641,0.21991046309508533
CA1-V1,6,10,100,13,-0.04307462159880781,-1.2901131544603146,0.22131831148721215
CA1-V1,6,11,110,13,-0.04124078109637629,-1.20881947645656,0.25001224317528814
CA1-V1,6,12,120,13,-0.036203698839729126,-1.2110771720010138,0.24917737143451982
CA1-V1,6,13,130,13,-0.03126583236231901,-1.0432130845616352,0.31741084855776236
CA1-V1,6,14,140,13,-0.029087195820029558,-1.0092861598946299,0.33275601784319175
CA1-V1,6,15,150,13,-0.032648271313173605,-1.167708619305886,0.265602469190833
CA1-V1,6,16,160,13,-0.03278168676799484,-1.200499426008555,0.25310795008274706
CA1-V1,6,17,170,13,-0.03041462038163781,-1.1899634747214165,0.25707128197615964
CA1-V1,6,18,180,13,-0.02804458401664213,-1.0640726688263225,0.30823944417340254
CA1-V1,6,19,190,13,-0.027449474967323785,-1.0526967396319253,0.31321635674596987
CA1-V1,6,20,200,13,-0.027119048839756077,-1.0770785964774765,0.3026220351886175
CA1-V1,6,21,210,13,-0.023703953392047165,-0.941389473367356,0.365071042272768
CA1-V1,6,22,220,13,-0.026212040354579677,-1.0471676304072988,0.31565677714069634
CA1-V1,6,23,230,13,-0.028432119070591323,-1.146983293287693,0.2737436897231342
CA1-V1,6,24,240,13,-0.030067728133325724,-1.2714009104480135,0.22767671366704698
CA1-V1,6,25,250,13,-0.030555329379233425,-1.384772888721544,0.1913282130982283
CA3-DG,1,1,10,5,-0.025762804604619986,-1.0261714140628424,0.3628114272474348
CA3-DG,1,2,20,5,-0.009426281473548303,-0.34715939235838733,0.7459675291871473
CA3-DG,1,3,30,5,-0.009823804400463054,-0.28797903381964046,0.7876679180065103
CA3-DG,1,4,40,5,-0.020723933947073635,-0.6142983120502783,0.5722385306939699
CA3-DG,1,5,50,5,-0.02715648370711323,-0.9412102779295501,0.3998882332206492
CA3-DG,1,6,60,5,-0.02608991744355251,-1.0663567175856272,0.34634864925646053
CA3-DG,1,7,70,5,-0.020490151932729767,-0.9547257987559659,0.39378084648709205
CA3-DG,1,8,80,5,-0.012744843787708788,-0.6186001807650287,0.5696670659765715
CA3-DG,1,9,90,5,-0.005555901859875178,-0.25126983674802705,0.8139860214900543
CA3-DG,1,10,100,5,-0.0018127253377028813,-0.07720661164434267,0.9421668379705306
CA3-DG,1,11,110,5,-0.0010770230164580494,-0.04841492849791224,0.9637065247305499
CA3-DG,1,12,120,5,0.0008700800345111455,0.044657596721109756,0.9665207109105122
CA3-DG,1,13,130,5,0.0022314229155464297,0.12410022125784075,0.9072222646538349
CA3-DG,1,14,140,5,0.00278324991484811,0.16370703413866114,0.8779004591432888
CA3-DG,1,15,150,5,0.003628782091152675,0.2212878577812585,0.8357057641627271
CA3-DG,1,16,160,5,0.005224207808673355,0.3303515136929276,0.7577126942588088
CA3-DG,1,17,170,5,0.006352467807383489,0.41161960277765114,0.701718718730963
CA3-DG,1,18,180,5,0.0049638485820176865,0.35161419354637785,0.7428683226543744
CA3-DG,1,19,190,5,0.003492885417424335,0.27821931606295747,0.7946335038215898
CA3-DG,1,20,200,5,0.0025322492465221615,0.22309418469075906,0.8343919341376681
CA3-DG,1,21,210,5,0.0028871136160938085,0.2701576521546818,0.8004047269161019
CA3-DG,1,22,220,5,0.0044534876605617744,0.42265258234098824,0.6942796183403316
CA3-DG,1,23,230,5,0.007298324329226313,0.6765411185516669,0.5357999483416408
CA3-DG,1,24,240,5,0.009461976808439082,0.8493756844952045,0.44351878682120305
CA3-DG,1,25,250,5,0.010853914631962055,1.024908599426768,0.3633398117108319
CA3-DG,2,1,10,5,-0.045421297750709154,-3.044285820423587,0.03824141736424829
CA3-DG,2,2,20,5,-0.05795816766323806,-2.8045426590049405,0.04858613884180452
CA3-DG,2,3,30,5,-0.06304595743639721,-2.5311638453711804,0.06458465070607254
CA3-DG,2,4,40,5,-0.03955609656465557,-1.6599357455099752,0.17226505803233602
CA3-DG,2,5,50,5,-0.022614072220649324,-1.16610025298154,0.30836069845751457
CA3-DG,2,6,60,5,-0.015642405334045296,-0.8527837059144224,0.4418327716393847
CA3-DG,2,7,70,5,-0.009405621625265755,-0.5067061594106242,0.6390162318092696
CA3-DG,2,8,80,5,-0.0033738030634542573,-0.16761214210880626,0.8750212684611001
CA3-DG,2,9,90,5,-0.001174538565123534,-0.055814937586910245,0.9581659434667913
CA3-DG,2,10,100,5,0.00026114069291221094,0.013141860480821173,0.9901439592656458
CA3-DG,2,11,110,5,0.0057164205241494286,0.2970575202084937,0.7812100033148074
CA3-DG,2,12,120,5,0.008690303382892062,0.4252729192064839,0.6925188835331396
CA3-DG,2,13,130,5,0.010694060125480909,0.5123737139728421,0.6353839743331808
CA3-DG,2,14,140,5,0.010121961856850523,0.5239430511773792,0.6280077699265646
CA3-DG,2,15,150,5,0.0068894246036146165,0.41587259766160095,0.698846238987521
CA3-DG,2,16,160,5,0.0034019993967955493,0.23884662570339452,0.8229626369386983
CA3-DG,2,17,170,5,0.0009274921549409454,0.07187624735480455,0.9461507557081088
CA3-DG,2,18,180,5,0.002526297337375717,0.1944988055054245,0.8552642576281337
CA3-DG,2,19,190,5,0.003434407869456809,0.26050205431574097,0.8073373227755735
CA3-DG,2,20,200,5,0.0038373889787163794,0.2890158789971104,0.7869293077799331
CA3-DG,2,21,210,5,0.0038713243565899787,0.28540963550808873,0.7894994248494392
CA3-DG,2,22,220,5,0.004258657732502108,0.306989854772904,0.7741690882516976
CA3-DG,2,23,230,5,0.004631636792935654,0.31843570125336773,0.7660877610050625
CA3-DG,2,24,240,5,0.0055592658211731085,0.378440226867625,0.7243318256036708
CA3-DG,2,25,250,5,0.00694647108789474,0.4902791954355567,0.6496130964475886
CA3-DG,3,1,10,5,-0.07220998153281358,-2.714724271524709,0.05327643295993774
CA3-DG,3,2,20,5,-0.03674556878132856,-1.8318620094706768,0.14092267844865253
CA3-DG,3,3,30,5,-0.022887268267728668,-1.3534040643077352,0.24735424998896752
CA3-DG,3,4,40,5,-0.019063429780101677,-1.172201833961116,0.30616616357036736
CA3-DG,3,5,50,5,-0.017682876484245404,-1.0095582981029778,0.36981693602612664
CA3-DG,3,6,60,5,-0.02027378604309039,-1.0353102219180648,0.3590077414733158
CA3-DG,3,7,70,5,-0.01778367609738788,-0.8534881405953497,0.4414849193729425
CA3-DG,3,8,80,5,-0.014594833645858549,-0.8024160809634902,0.46727809873767473
CA3-DG,3,9,90,5,-0.008890439770340168,-0.5658346722663754,0.6017395748093666
CA3-DG,3,10,100,5,-0.0032138364143597443,-0.19165669449566602,0.8573469743201362
CA3-DG,3,11,110,5,0.001335856902596934,0.07764612414121705,0.9418384354354745
CA3-DG,3,12,120,5,0.006614301690830987,0.4175379060661921,0.697723141235072
CA3-DG,3,13,130,5,0.01057020344663985,0.6577465179261861,0.5466278181511286
CA3-DG,3,14,140,5,0.010005781709441289,0.6538630797589675,0.5488841274405261
CA3-DG,3,15,150,5,0.00760728539415779,0.5316641395605314,0.6231140310594238
CA3-DG,3,16,160,5,0.004732905511742923,0.34355020971980593,0.7484827101770682
CA3-DG,3,17,170,5,0.00434625260738279,0.339077461333577,0.7516049505901248
CA3-DG,3,18,180,5,0.004081048106283554,0.3481878818357124,0.745251489725584
CA3-DG,3,19,190,5,0.002903673496028833,0.25788750965920454,0.8092182551064269
CA3-DG,3,20,200,5,0.002170099374635358,0.1925084578940366,0.8567226483884871
CA3-DG,3,21,210,5,0.002821397971765618,0.24498491486193313,0.8185230993580336
CA3-DG,3,22,220,5,0.0031646086475488277,0.2752411297197242,0.7967637172451885
CA3-DG,3,23,230,5,0.004374268327325463,0.3751674288215633,0.7265814498411592
CA3-DG,3,24,240,5,0.004921555587695358,0.42954913897780406,0.6896505190508415
CA3-DG,3,25,250,5,0.005818853146003951,0.5176427479959825,0.632018200818099
CA3-DG,4,1,10,5,-0.04140443209874475,-0.9692154671038349,0.38732177794960365
CA3-DG,4,2,20,5,-0.043690674381172516,-1.2091027201069149,0.29320216373652436
CA3-DG,4,3,30,5,-0.06660964907081839,-2.0058163851922006,0.11534816903830947
CA3-DG,4,4,40,5,-0.0663354084498172,-2.445387610581849,0.0707961103245651
CA3-DG,4,5,50,5,-0.060461059510397874,-2.5629757511164226,0.062441052499624936
CA3-DG,4,6,60,5,-0.05503105862400315,-2.4563543633759886,0.06996519238540018
CA3-DG,4,7,70,5,-0.05132205745868509,-2.432454008570302,0.07179050687409823
CA3-DG,4,8,80,5,-0.04564543987255214,-2.3044151114686673,0.08253731339390175
CA3-DG,4,9,90,5,-0.04040207011676024,-2.149084985139193,0.09808225099418427
CA3-DG,4,10,100,5,-0.0317207409339749,-2.0574759594323506,0.10876349916891984
CA3-DG,4,11,110,5,-0.021360534410108826,-1.5248898736730727,0.20197364782434835
CA3-DG,4,12,120,5,-0.018990109458849297,-1.4891124439416783,0.21069326937223315
CA3-DG,4,13,130,5,-0.021559597700853465,-1.864056664213349,0.1357614625291575
CA3-DG,4,14,140,5,-0.02016211707578046,-1.6157899929248982,0.18144384105873548
CA3-DG,4,15,150,5,-0.019010309273269042,-1.4479445844573995,0.22119975758950672
CA3-DG,4,16,160,5,-0.017340910929880087,-1.1798334792154002,0.3034417959311771
CA3-DG,4,17,170,5,-0.018239830471422858,-1.080629326782657,0.3406641083859382
CA3-DG,4,18,180,5,-0.02038993615675268,-1.117417924682146,0.32639843233068994
CA3-DG,4,19,190,5,-0.019468304840743026,-1.094944904719194,0.33504703080617415
CA3-DG,4,20,200,5,-0.017687114668063365,-1.016231665206309,0.36698873781336705
CA3-DG,4,21,210,5,-0.016182868922038136,-0.9423308861733538,0.39937881513558987
CA3-DG,4,22,220,5,-0.013918665319220761,-0.7871331393199746,0.4752227482996842
CA3-DG,4,23,230,5,-0.010509175703105153,-0.586630841350491,0.5889617126193718
CA3-DG,4,24,240,5,-0.006475941260904711,-0.3778284074743554,0.7247521174115377
CA3-DG,4,25,250,5,-0.0017966713860642614,-0.10267586732761079,0.9231617645326686
CA3-DG,5,1,10,5,-0.11386859300256584,-2.6551058344095786,0.05667892812767578
CA3-DG,5,2,20,5,-0.12387361876864596,-2.570696489184868,0.06193316148929621
CA3-DG,5,3,30,5,-0.14218591113173673,-3.3616420917027057,0.028261769055766897
CA3-DG,5,4,40,5,-0.1327162026024324,-4.953424888635446,0.007742281495155581
CA3-DG,5,5,50,5,-0.1270978223502784,-5.6678233097978605,0.0047789685981980135
CA3-DG,5,6,60,5,-0.11750753371147393,-5.492814455542873,0.005353321043533408
CA3-DG,5,7,70,5,-0.11269823490491224,-4.897295513391875,0.008059642346960043
CA3-DG,5,8,80,5,-0.09933025847327295,-4.315090611427527,0.01249571331368975
CA3-DG,5,9,90,5,-0.0848380190339357,-3.5399868836696937,0.02401370177437284
CA3-DG,5,10,100,5,-0.07390446160773528,-3.0700118840313735,0.03729253725406901
CA3-DG,5,11,110,5,-0.06373688985614537,-2.566257253340841,0.06222460552031453
CA3-DG,5,12,120,5,-0.054237117702904014,-2.0733449130539583,0.10682467375317292
CA3-DG,5,13,130,5,-0.046496422821320146,-1.7648735308475239,0.1523479250922682
CA3-DG,5,14,140,5,-0.044280878286022354,-1.7529412892047136,0.15448463962858083
CA3-DG,5,15,150,5,-0.04042977497769864,-1.6410656074165706,0.17612784922952457
CA3-DG,5,16,160,5,-0.03890759582288768,-1.5616924871282931,0.19338802525113805
CA3-DG,5,17,170,5,-0.040180019284948375,-1.8303000583738593,0.1411783829240865
CA3-DG,5,18,180,5,-0.04007383990268111,-2.2026135412417047,0.09238314213491837
CA3-DG,5,19,190,5,-0.038122229590729036,-2.393104787701173,0.07491476749663946
CA3-DG,5,20,200,5,-0.03902566662839886,-2.6232523158731413,0.05859914180998122
CA3-DG,5,21,210,5,-0.03762618417837859,-2.5180649701776017,0.06549167367907571
CA3-DG,5,22,220,5,-0.034752534872709864,-2.2869847887104005,0.08413612858099104
CA3-DG,5,23,230,5,-0.035590719566376605,-2.3045567765152537,0.08252445983741175
CA3-DG,5,24,240,5,-0.038366543747151906,-2.2688319690220795,0.08583832648656234
CA3-DG,5,25,250,5,-0.04202383528305356,-2.4647822295977497,0.06933417557722799
CA3-DG,6,1,10,5,-0.1805985622854444,-3.4342964783815604,0.026431386866913105
CA3-DG,6,2,20,5,-0.18169724876890725,-3.5728796699401806,0.0233156013006253
CA3-DG,6,3,30,5,-0.12373983885966049,-4.006706025438231,0.01604042002696932
CA3-DG,6,4,40,5,-0.10317385466320879,-2.2840447769039613,0.08440922249791862
CA3-DG,6,5,50,5,-0.09056268163049659,-1.51359039417104,0.20468713476959235
CA3-DG,6,6,60,5,-0.08425891230380562,-1.3847949416165846,0.2383464559895444
CA3-DG,6,7,70,5,-0.0675591294379668,-1.08562906864161,0.33869274155988127
CA3-DG,6,8,80,5,-0.05393554801962093,-0.8935121399508292,0.42208350496707775
CA3-DG,6,9,90,5,-0.0454295339612703,-0.8710355263028384,0.4328912624953071
CA3-DG,6,10,100,5,-0.025444334626457298,-0.5452675802344844,0.6145490083358083
CA3-DG,6,11,110,5,-0.02079448828329419,-0.56282511294496,0.6036033337347413
CA3-DG,6,12,120,5,-0.01508216734149847,-0.4601941746880567,0.6692812802674626
CA3-DG,6,13,130,5,-0.01252972497621368,-0.4464066906047265,0.6784046298026081
CA3-DG,6,14,140,5,-0.009223627634391676,-0.32030844692232996,0.7647688933106036
CA3-DG,6,15,150,5,-0.0052492506993845394,-0.18522527894241833,0.8620651148475494
CA3-DG,6,16,160,5,-0.006736218440647241,-0.23612239490409756,0.8249355291223586
CA3-DG,6,17,170,5,-0.007550342688081586,-0.2732037837985468,0.7982222096142586
CA3-DG,6,18,180,5,-0.013200045026866924,-0.5429222660119302,0.6160204451197892
CA3-DG,6,19,190,5,-0.016879468024588794,-0.729439261594152,0.5061510295385521
CA3-DG,6,20,200,5,-0.01732848825237438,-0.7622772105345686,0.4883660938615683
CA3-DG,6,21,210,5,-0.015260912614243075,-0.604310468244358,0.5782387562480644
CA3-DG,6,22,220,5,-0.013110893041307674,-0.535936380054207,0.6204162656830097
CA3-DG,6,23,230,5,-0.013282600616159917,-0.5554773108611779,0.6081690359223495
CA3-DG,6,24,240,5,-0.010844394443622927,-0.4404594581991891,0.6823607838044108
CA3-DG,6,25,250,5,-0.005638150520141849,-0.21418626552792722,0.8408773423188554
RSC-SUB,1,1,10,7,8.955224938051395e-05,0.007002384531259442,0.9946399670150683
RSC-SUB,1,2,20,7,0.008498760049867559,0.47876542026739854,0.6490532533885254
RSC-SUB,1,3,30,7,0.008189156715589648,0.4462254910649835,0.6710866432721748
RSC-SUB,1,4,40,7,0.004817370888904392,0.2943535126850891,0.7784059225197062
RSC-SUB,1,5,50,7,0.0006215946933506003,0.04714438278456278,0.9639281874823789
RSC-SUB,1,6,60,7,-0.0003078986400884028,-0.0263007553764953,0.979870385398221
RSC-SUB,1,7,70,7,-0.0015827697565921701,-0.1588356878984567,0.8790098247353224
RSC-SUB,1,8,80,7,-0.0009156874654246114,-0.1041629059527376,0.9204346881339626
RSC-SUB,1,9,90,7,-0.004159877119227105,-0.7594635984547693,0.47634405805492386
RSC-SUB,1,10,100,7,-0.003930884038577939,-0.7966157931000168,0.45602982593745367
RSC-SUB,1,11,110,7,-0.002407245906011583,-0.4266251883616446,0.6845353385646769
RSC-SUB,1,12,120,7,-0.0013898890283605726,-0.21550487239401891,0.8365127135215493
RSC-SUB,1,13,130,7,-0.001296969834764461,-0.17529331982181087,0.8666152075607004
RSC-SUB,1,14,140,7,-0.0003167390294198711,-0.03847383631593974,0.9705580776300327
RSC-SUB,1,15,150,7,0.00018257378838507503,0.01924609999937613,0.9852688345768512
RSC-SUB,1,16,160,7,0.0008117925784707758,0.07412572888162314,0.943319855415824
RSC-SUB,1,17,170,7,0.0007715956404163154,0.06373188195449618,0.9512539344158158
RSC-SUB,1,18,180,7,0.0015797872969539747,0.12402503928635798,0.9053460811377175
RSC-SUB,1,19,190,7,0.002549395883441399,0.19126076495777297,0.8546293263687315
RSC-SUB,1,20,200,7,0.002794968288818037,0.20259656572431126,0.8461456863227028
RSC-SUB,1,21,210,7,0.002848667546454394,0.19801850720988498,0.8495692285001618
RSC-SUB,1,22,220,7,0.0031745911459920327,0.21201131618173574,0.8391168355158314
RSC-SUB,1,23,230,7,0.0034007695689865615,0.21748763736739618,0.8350357532442865
RSC-SUB,1,24,240,7,0.003255438951738678,0.20242770826682102,0.8462718956738134
RSC-SUB,1,25,250,7,0.0033168589469758426,0.20018706423392923,0.8479470949397396
RSC-SUB,2,1,10,7,-0.008838795375276834,-0.2613561873965111,0.8025577768141868
RSC-SUB,2,2,20,7,-0.012849158658999951,-0.7904941988172045,0.45933416133668226
RSC-SUB,2,3,30,7,-0.013494273048030378,-1.0728649017332652,0.32457477986723604
RSC-SUB,2,4,40,7,-0.007345790828812043,-0.5378102086179424,0.6100607425230055
RSC-SUB,2,5,50,7,-0.0021524544880171365,-0.15715966178149257,0.8802742563224739
RSC-SUB,2,6,60,7,9.364624474241712e-06,0.0007267481522458024,0.9994436993869709
RSC-SUB,2,7,70,7,-0.00048821130200764985,-0.042220425490101576,0.9676929163477597
RSC-SUB,2,8,80,7,-0.0010753341958481145,-0.0854752690013536,0.9346644226607841
RSC-SUB,2,9,90,7,-0.0004567132404343227,-0.030766378628300842,0.9764537309173048
RSC-SUB,2,10,100,7,-0.00032318063939388534,-0.0209831732804424,0.9839394788021062
RSC-SUB,2,11,110,7,-0.002261263391224283,-0.15450369620668342,0.8822787671849497
RSC-SUB,2,12,120,7,-0.0021725665763078265,-0.15294299138007175,0.8834571096311603
RSC-SUB,2,13,130,7,-0.0031933268174362322,-0.21592538271090558,0.8361994144016198
RSC-SUB,2,14,140,7,-0.005798352589930791,-0.4138788628170533,0.6933501188139005
RSC-SUB,2,15,150,7,-0.003910683063618828,-0.298325090300145,0.7755165586702979
RSC-SUB,2,16,160,7,-0.0025864810398649025,-0.21509455632963415,0.8368184491502331
RSC-SUB,2,17,170,7,-0.0013728969474089037,-0.11240030441857597,0.9141722010123738
RSC-SUB,2,18,180,7,-0.0014629234139399404,-0.11262331263201444,0.9140027504967073
RSC-SUB,2,19,190,7,-0.002278651502017938,-0.17279555627282275,0.8684937549640525
RSC-SUB,2,20,200,7,-0.0029763260126654013,-0.22516766666575996,0.8293219175881353
RSC-SUB,2,21,210,7,-0.00217290398474368,-0.15141909126394873,0.8846079797472362
RSC-SUB,2,22,220,7,-0.002473034074397486,-0.17846840799098357,0.8642286293616893
RSC-SUB,2,23,230,7,-0.001746794936230764,-0.12353223612015264,0.9057199528800767
RSC-SUB,2,24,240,7,-0.002122766815240005,-0.15177861759961944,0.8843364326298415
RSC-SUB,2,25,250,7,-0.0017759620037485345,-0.12659547100194612,0.9033964219927828
RSC-SUB,3,1,10,7,-0.008250811351869086,-0.6043436242533206,0.5677486783120296
RSC-SUB,3,2,20,7,-0.012212088169041128,-0.7904532331860525,0.45935633098479745
RSC-SUB,3,3,30,7,-0.008825930107231804,-0.5138376340493555,0.625733794162479
RSC-SUB,3,4,40,7,-0.0008711831480389041,-0.06077592331566879,0.9535115100443644
RSC-SUB,3,5,50,7,0.004151960930900365,0.3041659550995232,0.7712744270704535
RSC-SUB,3,6,60,7,0.004836534987250681,0.4331308387580335,0.6800571074562303
RSC-SUB,3,7,70,7,0.0017306375932120079,0.18412529661726512,0.8599804925587207
RSC-SUB,3,8,80,7,0.0003909231201968738,0.04481441125493747,0.9657095022045397
RSC-SUB,3,9,90,7,0.001981691083952728,0.23855506741114718,0.8193893914698286
RSC-SUB,3,10,100,7,-0.0018024654606198127,-0.26596279461696487,0.7991709224995986
RSC-SUB,3,11,110,7,-0.004267507671247807,-0.5445782361048712,0.6056760330412883
RSC-SUB,3,12,120,7,-0.006024502272089731,-0.5985631299025869,0.5713536553362502
RSC-SUB,3,13,130,7,-0.00748714174046601,-0.6204312875231238,0.5577886511536082
RSC-SUB,3,14,140,7,-0.008462413056348681,-0.6665044562745475,0.5298682193239184
RSC-SUB,3,15,150,7,-0.010016918851205264,-0.8285098988920647,0.43908860930044147
RSC-SUB,3,16,160,7,-0.01448983521927632,-1.1249867168509942,0.3035745799597942
RSC-SUB,3,17,170,7,-0.017644187822457847,-1.338994869159693,0.22906792532756662
RSC-SUB,3,18,180,7,-0.017802309115884866,-1.3911345911988158,0.21357844993828415
RSC-SUB,3,19,190,7,-0.0182763689438201,-1.3648432910748318,0.22126631536316455
RSC-SUB,3,20,200,7,-0.019954999232660055,-1.3819956442868366,0.2162228236886813
RSC-SUB,3,21,210,7,-0.02386616105366326,-1.513941620960453,0.18081075780364408
RSC-SUB,3,22,220,7,-0.025741860190841077,-1.5823636784427284,0.16465349364313336
RSC-SUB,3,23,230,7,-0.028705409998385927,-1.6054854465346902,0.15950973213167424
RSC-SUB,3,24,240,7,-0.030595360118277636,-1.5765427027425496,0.16597308183667833
RSC-SUB,3,25,250,7,-0.0309871027282557,-1.5029357817234323,0.18354490422957193
RSC-SUB,4,1,10,7,-0.027396023753692048,-1.1168041794718415,0.3067942994653728
RSC-SUB,4,2,20,7,-0.04654034994932393,-1.3783278157423051,0.21729246280536496
RSC-SUB,4,3,30,7,-0.058601399240685824,-1.487208123098789,0.18751917679755187
RSC-SUB,4,4,40,7,-0.06308700815373977,-1.5941413353376672,0.1620139757624419
RSC-SUB,4,5,50,7,-0.06144754553295706,-1.609779821222829,0.1585714013332503
RSC-SUB,4,6,60,7,-0.05847867221090906,-1.627761830479028,0.1546992513070339
RSC-SUB,4,7,70,7,-0.049903345847299704,-1.7634304766477271,0.1282848953870413
RSC-SUB,4,8,80,7,-0.046274098123566795,-1.8270895662589817,0.11746086725193405
RSC-SUB,4,9,90,7,-0.04059446158737741,-1.8508320147645478,0.11365897528827461
RSC-SUB,4,10,100,7,-0.039856235869128155,-2.0007182275057422,0.0923343727543476
RSC-SUB,4,11,110,7,-0.03838518048491592,-2.0044330737732277,0.09186031626526976
RSC-SUB,4,12,120,7,-0.034428792241767744,-1.9920334025764044,0.09345232105453465
RSC-SUB,4,13,130,7,-0.03113774110704257,-1.9111636557727716,0.10453911444495163
RSC-SUB,4,14,140,7,-0.03387685907564603,-2.1953320948826,0.07055447454468385
RSC-SUB,4,15,150,7,-0.03735822320963147,-2.395341677392714,0.053634271832213185
RSC-SUB,4,16,160,7,-0.040983732491799395,-2.566315692736112,0.04254541521888726
RSC-SUB,4,17,170,7,-0.042405350767640085,-2.74284972989308,0.03360853847843133
RSC-SUB,4,18,180,7,-0.04349131974038345,-2.8632116808405796,0.028680804534274587
RSC-SUB,4,19,190,7,-0.04248123111026271,-2.967439133405004,0.025040423363195355
RSC-SUB,4,20,200,7,-0.04322588792294626,-3.0053529131392054,0.023842962646287776
RSC-SUB,4,21,210,7,-0.04562141914361828,-3.041490007876016,0.022759265395430765
RSC-SUB,4,22,220,7,-0.04745968915227467,-3.1584081034784144,0.019604544657398373
RSC-SUB,4,23,230,7,-0.047111182290331524,-3.150030215061102,0.01981396346190252
RSC-SUB,4,24,240,7,-0.04581198848534683,-2.960668689867445,0.025261038808036797
RSC-SUB,4,25,250,7,-0.04433106399624875,-2.5526763666663776,0.0433340543287059
RSC-SUB,5,1,10,7,-0.020781386951876254,-0.4625843746223668,0.6599630485873874
RSC-SUB,5,2,20,7,-0.058277439638302286,-1.0030647002127522,0.35455205052079675
RSC-SUB,5,3,30,7,-0.06577556477909433,-1.0097014272008258,0.35160906829951194
RSC-SUB,5,4,40,7,-0.06151723973238343,-0.9304487174197247,0.3880430966475049
RSC-SUB,5,5,50,7,-0.05857851465087142,-0.953517600415105,0.37714615748734714
RSC-SUB,5,6,60,7,-0.05350001869718289,-0.9467874626175761,0.3803003837907528
RSC-SUB,5,7,70,7,-0.04751729167441412,-0.8968688551698736,0.40433612492867127
RSC-SUB,5,8,80,7,-0.0401622642369099,-0.8241976665424493,0.44135215228722663
RSC-SUB,5,9,90,7,-0.0409398369271757,-0.9297344016792252,0.3883843585295998
RSC-SUB,5,10,100,7,-0.03707899162355669,-0.8836832312157824,0.41087392515679855
RSC-SUB,5,11,110,7,-0.034247496877351846,-0.9574566353472699,0.37530952731128764
RSC-SUB,5,12,120,7,-0.033694092566557,-1.066505302504828,0.3272174435448505
RSC-SUB,5,13,130,7,-0.02841321342465778,-1.067316914490891,0.32687920597869063
RSC-SUB,5,14,140,7,-0.021163671267194324,-0.8423364158136815,0.4318879037517721
RSC-SUB,5,15,150,7,-0.02082389882679455,-0.8074712474461224,0.45021193996042685
RSC-SUB,5,16,160,7,-0.017235680990213678,-0.6956076594761802,0.5127020470767404
RSC-SUB,5,17,170,7,-0.015624583113937216,-0.6393360537153823,0.5462231470299217
RSC-SUB,5,18,180,7,-0.016232094832854132,-0.6410863731648344,0.5451599838038765
RSC-SUB,5,19,190,7,-0.01728002165773433,-0.6999794798955454,0.5101553148266171
RSC-SUB,5,20,200,7,-0.016657588757273172,-0.6884195460361667,0.5169075618972275
RSC-SUB,5,21,210,7,-0.01070290456068847,-0.46431306635755776,0.6587930610781512
RSC-SUB,5,22,220,7,-0.007506778979359269,-0.3342004971068998,0.7496004893334969
RSC-SUB,5,23,230,7,-0.006111695901279918,-0.28392849238392726,0.7860086082893591
RSC-SUB,5,24,240,7,-0.00365749559346465,-0.18427404257613791,0.8598688578140984
RSC-SUB,5,25,250,7,-0.0027738702406025655,-0.14417588038410561,0.8900823202701152
RSC-SUB,6,1,10,7,-0.0030872044093521655,-0.091388539318466,0.9301586136093043
RSC-SUB,6,2,20,7,-0.004119987547146637,-0.09978154314887445,0.9237682033947009
RSC-SUB,6,3,30,7,-0.0167434108483814,-0.44454002234279416,0.6722379882468172
RSC-SUB,6,4,40,7,-0.00198898936887144,-0.05952331372973002,0.9544683185966553
RSC-SUB,6,5,50,7,0.010524065731222861,0.3284237573788731,0.7537505151070761
RSC-SUB,6,6,60,7,0.00911949227529674,0.3718006892611298,0.7228182547305935
RSC-SUB,6,7,70,7,0.03287278939602155,1.5195258248061145,0.17943812126812614
RSC-SUB,6,8,80,7,0.043917883648697774,1.738428473999265,0.13279860803103546
RSC-SUB,6,9,90,7,0.04692140180392966,1.9443120234918407,0.09984321497539077
RSC-SUB,6,10,100,7,0.0399171725232987,1.6537643212186153,0.14925985779711404
RSC-SUB,6,11,110,7,0.04249786795903599,1.7998207460125923,0.12198269923356461
RSC-SUB,6,12,120,7,0.04035479833997357,2.344293912488215,0.057505280155414486
RSC-SUB,6,13,130,7,0.041925387509624046,2.453726797133672,0.04953945719724294
RSC-SUB,6,14,140,7,0.04368595414940102,2.724586773017873,0.03443246643748117
RSC-SUB,6,15,150,7,0.053043646875176646,2.42890530454764,0.05123865316804465
RSC-SUB,6,16,160,7,0.04957225732596747,2.315556733367041,0.05981181437430399
RSC-SUB,6,17,170,7,0.046368264176449285,2.533561932746821,0.04446543237824973
RSC-SUB,6,18,180,7,0.049417749085782156,2.5177686142094586,0.04542381750488409
RSC-SUB,6,19,190,7,0.04831241445017586,2.6710802602704953,0.036973262255917225
RSC-SUB,6,20,200,7,0.045761882934509036,3.0115013876831003,0.023654692251693796
RSC-SUB,6,21,210,7,0.03539401507267831,4.217759203486678,0.005575063225067286
RSC-SUB,6,22,220,7,0.027374813082173505,3.0839089646539652,0.021555001433439646
RSC-SUB,6,23,230,7,0.030108561567148494,3.585621684095085,0.01156460901006478
RSC-SUB,6,24,240,7,0.0389573646630334,4.21381685283988,0.005599437133546276
RSC-SUB,6,25,250,7,0.042657541437729825,3.9350256355507964,0.007668320702326794
V1-RSC,1,1,10,9,0.021949956325680812,3.148850478529138,0.013622077834145502
V1-RSC,1,2,20,9,0.022975677938314155,2.682919310845339,0.02779995227606168
V1-RSC,1,3,30,9,0.023510009578909082,2.7281997652375902,0.025917862170158925
V1-RSC,1,4,40,9,0.024056336469716482,3.0306082353976134,0.01629433429398514
V1-RSC,1,5,50,9,0.023735877915172315,3.384143632210216,0.009582672088693364
V1-RSC,1,6,60,9,0.022837307483678057,3.5319340566975357,0.007710177594028874
V1-RSC,1,7,70,9,0.022489401758648803,3.7580646959854502,0.005559699289714558
V1-RSC,1,8,80,9,0.02121648518190017,3.821601234644889,0.0050781518473262495
V1-RSC,1,9,90,9,0.019919388648747354,3.958068213719646,0.00418835966865823
V1-RSC,1,10,100,9,0.01896857302179212,4.134731257283291,0.0032770478827701794
V1-RSC,1,11,110,9,0.018281189085673152,4.448999344530285,0.0021421479963069823
V1-RSC,1,12,120,9,0.017392589367427658,4.630646407890804,0.0016866288774514079
V1-RSC,1,13,130,9,0.016905658425667,5.211777748642322,0.000810668588518839
V1-RSC,1,14,140,9,0.016299794483745546,5.585515848417145,0.0005189452838541414
V1-RSC,1,15,150,9,0.015846668895934238,5.848040865473957,0.0003836287503860447
V1-RSC,1,16,160,9,0.015526924150388557,6.1924921352719675,0.00026156007100791996
V1-RSC,1,17,170,9,0.015230044556140597,6.296930808082031,0.00023355833289622215
V1-RSC,1,18,180,9,0.015104716568456418,6.6049858207927095,0.00016850878483745378
V1-RSC,1,19,190,9,0.014923489066705828,6.740653423957781,0.00014645133559565096
V1-RSC,1,20,200,9,0.014785310425582794,6.590949808616437,0.0001709928655001731
V1-RSC,1,21,210,9,0.014690802284359388,6.054428564608738,0.00030441738934737104
V1-RSC,1,22,220,9,0.014672654697320224,5.538882087389072,0.0005480789132014307
V1-RSC,1,23,230,9,0.014632105235134855,5.025511476655911,0.0010198492494863215
V1-RSC,1,24,240,9,0.014643000000648375,4.601594262951777,0.00175179822931954
V1-RSC,1,25,250,9,0.014753164044895998,4.339371840850484,0.002480482783179153
V1-RSC,2,1,10,9,0.014512043231498259,2.4055487566509073,0.042804481463859304
V1-RSC,2,2,20,9,0.020312721811447592,2.7019735881006017,0.02699142175839727
V1-RSC,2,3,30,9,0.02302323700304715,2.5081341692964814,0.03647680737283256
V1-RSC,2,4,40,9,0.02539138369608562,2.5242289689151276,0.035573703774180856
V1-RSC,2,5,50,9,0.02668794258949402,2.431461271926412,0.04110842618584492
V1-RSC,2,6,60,9,0.02771859903756163,2.4932695695697245,0.0373315250747784
V1-RSC,2,7,70,9,0.02790699146357617,2.65717355224459,0.02893203571605509
V1-RSC,2,8,80,9,0.02664300463567213,2.9173246818654217,0.019370490621200304
V1-RSC,2,9,90,9,0.025585596016547887,3.1592025105804336,0.013411079500219691
V1-RSC,2,10,100,9,0.0238493504935373,3.240857498466814,0.011862382485921207
V1-RSC,2,11,110,9,0.02190204757688935,3.173862173721108,0.013118128975830706
V1-RSC,2,12,120,9,0.020947873223028074,3.1843660834490324,0.012912359940832998
V1-RSC,2,13,130,9,0.019906008642025297,3.0976341708053474,0.014718389198450577
V1-RSC,2,14,140,9,0.018568484667170402,2.9501869996969647,0.018420422658803618
V1-RSC,2,15,150,9,0.017654044048363165,2.784305752732409,0.023766148465273126
V1-RSC,2,16,160,9,0.016761778308403304,2.545729399005414,0.03440258039675968
V1-RSC,2,17,170,9,0.01604970563287868,2.381743169279209,0.044424645415403835
V1-RSC,2,18,180,9,0.01538852793751481,2.209147020921629,0.058158334277215305
V1-RSC,2,19,190,9,0.01490171322429588,2.046382412494424,0.07492783023388343
V1-RSC,2,20,200,9,0.014507158566781315,1.8868593937734186,0.0958882634828089
V1-RSC,2,21,210,9,0.014040128816566922,1.7514747637112988,0.11796779165769526
V1-RSC,2,22,220,9,0.01371087863378498,1.652565174957281,0.13702105121693
V1-RSC,2,23,230,9,0.013733607515132596,1.5933330028878623,0.14975109880683588
V1-RSC,2,24,240,9,0.01371160994480964,1.5446429524010266,0.1610124970975974
V1-RSC,2,25,250,9,0.01380838487066603,1.4966409180333837,0.1728568476409634
V1-RSC,3,1,10,9,0.0272443614392394,1.2851497199556814,0.23469549979242588
V1-RSC,3,2,20,9,0.035013231947236545,1.3997442384615828,0.199153172980354
V1-RSC,3,3,30,9,0.041444194849669214,1.505428568267787,0.17063183167581067
V1-RSC,3,4,40,9,0.045680602432445185,1.5798985259652358,0.15278467523941947
V1-RSC,3,5,50,9,0.04815713860057415,1.6052104422056137,0.14711490053695847
V1-RSC,3,6,60,9,0.04908700755420279,1.5790191323806442,0.15298518153827598
V1-RSC,3,7,70,9,0.049459349168503766,1.566939285071239,0.1557637259043834
V1-RSC,3,8,80,9,0.05072321655285234,1.6055952948809633,0.14703019487727442
V1-RSC,3,9,90,9,0.05205864487815769,1.6631893153545052,0.13484570102189494
V1-RSC,3,10,100,9,0.053825753686215706,1.7369023351848967,0.12061079175221158
V1-RSC,3,11,110,9,0.05489391816775616,1.7886235249391385,0.11147357576124234
V1-RSC,3,12,120,9,0.05564514895147916,1.8491689754100755,0.10160614207977915
V1-RSC,3,13,130,9,0.05639710779830647,1.9247114310832982,0.09045578137487117
V1-RSC,3,14,140,9,0.05723465323448137,1.9950599776537772,0.08113472546838756
V1-RSC,3,15,150,9,0.05778068533801704,2.0483222537960892,0.07470251377873909
V1-RSC,3,16,160,9,0.0580170909565154,2.0947493796203385,0.06950282922165497
V1-RSC,3,17,170,9,0.05841317989201641,2.15934853051585,0.06285316428887248
V1-RSC,3,18,180,9,0.05859009865714335,2.2093183529476192,0.05814279547310404
V1-RSC,3,19,190,9,0.05874510421676303,2.2551687434698584,0.05412894114400728
V1-RSC,3,20,200,9,0.05930339028479606,2.334846249233478,0.047798703124574515
V1-RSC,3,21,210,9,0.05979892067526901,2.4086681235711502,0.04259663403456285
V1-RSC,3,22,220,9,0.06049101954836786,2.485147368951407,0.03780709652928799
V1-RSC,3,23,230,9,0.0609021884161782,2.5482734693009563,0.03426662227629456
V1-RSC,3,24,240,9,0.06144430247635056,2.6067610758351547,0.031287358665433154
V1-RSC,3,25,250,9,0.061713714166789196,2.6662913313099814,0.02852580732648568
V1-RSC,4,1,10,9,0.015721458232998416,1.5151935624496373,0.16818943867327346
V1-RSC,4,2,20,9,0.02423264142310752,2.4538364296004533,0.03969849830367361
V1-RSC,4,3,30,9,0.030164319664911936,3.4668110929797185,0.008482406887426942
V1-RSC,4,4,40,9,0.03413881048679733,4.04131713913947,0.0037289140728475937
V1-RSC,4,5,50,9,0.03573879902884008,3.9614969245858465,0.004168281143483534
V1-RSC,4,6,60,9,0.03569533914919051,3.489793150939606,0.008200908281656857
V1-RSC,4,7,70,9,0.0350614562756635,3.254655586205959,0.01161982931044952
V1-RSC,4,8,80,9,0.03482525815032739,3.114409023129792,0.014349479769373126
V1-RSC,4,9,90,9,0.03460976353689051,3.0874820952989444,0.014946460981324688
V1-RSC,4,10,100,9,0.03412671660201935,2.947698847227698,0.018490632562587705
V1-RSC,4,11,110,9,0.033901533180958246,2.884051142384619,0.020384388425066808
V1-RSC,4,12,120,9,0.03353731647728458,2.7599153974087103,0.024677997840578444
V1-RSC,4,13,130,9,0.033286472245046335,2.6923264183147575,0.027397720530242947
V1-RSC,4,14,140,9,0.033666050684780846,2.7205286981426635,0.02622725694859033
V1-RSC,4,15,150,9,0.034326719406770664,2.752403969023249,0.024966017037907153
V1-RSC,4,16,160,9,0.035092849681384784,2.796593978557497,0.023319974657992324
V1-RSC,4,17,170,9,0.035725445084344436,2.794032217005445,0.023412271528322443
V1-RSC,4,18,180,9,0.036178459342382605,2.7713664889703167,0.024245484051970644
V1-RSC,4,19,190,9,0.03571271501443066,2.6565107525820206,0.028961795675652935
V1-RSC,4,20,200,9,0.03564789739882465,2.648584947954917,0.029320104459619845
V1-RSC,4,21,210,9,0.03571181376405603,2.6204890989154244,0.030627193336356412
V1-RSC,4,22,220,9,0.03594315509620881,2.6101286882830097,0.03112408099428751
V1-RSC,4,23,230,9,0.035423100577847706,2.5486097872569236,0.03424868997132785
V1-RSC,4,24,240,9,0.03503181944575209,2.490914404031258,0.03746879787219233
V1-RSC,4,25,250,9,0.0353743974237215,2.515230948826493,0.03607576402753616
V1-RSC,5,1,10,9,0.020747936175423053,1.9247376420198201,0.09045212381137052
V1-RSC,5,2,20,9,0.025886538193634123,2.2206574040482705,0.0571234967717207
V1-RSC,5,3,30,9,0.02866044586489772,2.242745794070723,0.055188494007979
V1-RSC,5,4,40,9,0.03666520527007869,2.679580281880958,0.02794417525183274
V1-RSC,5,5,50,9,0.04054529885608018,2.853031034272293,0.021379196816060583
V1-RSC,5,6,60,9,0.04037865392296087,2.89974906676912,0.019899358990821705
V1-RSC,5,7,70,9,0.04055111453315923,2.948903919636953,0.018456593530155066
V1-RSC,5,8,80,9,0.04007842809860631,2.8750013388929823,0.02066955954328499
V1-RSC,5,9,90,9,0.03918985155956925,2.81976400746497,0.02250205676953037
V1-RSC,5,10,100,9,0.038504858954984574,2.8695990810036633,0.020841758878595608
V1-RSC,5,11,110,9,0.03772186013277812,2.8478763360896786,0.021549315990620124
V1-RSC,5,12,120,9,0.03839274858258286,2.8026398782415356,0.02310363457498299
V1-RSC,5,13,130,9,0.03935437338381434,2.752960887969755,0.024944544165774303
V1-RSC,5,14,140,9,0.03916294617449064,2.63300073413103,0.030037917578933575
V1-RSC,5,15,150,9,0.038846580735913926,2.5636324701822075,0.03345734617842265
V1-RSC,5,16,160,9,0.03874514761773652,2.5386953867931576,0.03478134699294118
V1-RSC,5,17,170,9,0.03918978039240148,2.5061010133339066,0.036592533232847044
V1-RSC,5,18,180,9,0.04003796106926706,2.4744267293826168,0.03844421523857956
V1-RSC,5,19,190,9,0.04070154929671279,2.470005690599697,0.03871010706522317
V1-RSC,5,20,200,9,0.041413495964473926,2.5180935251087826,0.03591526655424706
V1-RSC,5,21,210,9,0.042608719400512494,2.62462203109148,0.03043124430006855
V1-RSC,5,22,220,9,0.04313305713779905,2.662650003153665,0.028687335882280184
V1-RSC,5,23,230,9,0.0437740102204032,2.6952238442766006,0.027275037836626433
V1-RSC,5,24,240,9,0.043994283488247014,2.6839094791194604,0.027757330723280727
V1-RSC,5,25,250,9,0.0437864781367599,2.635552920759266,0.02991914405386885
V1-RSC,6,1,10,9,0.009393185804128089,0.806438451565486,0.44330088218514696
V1-RSC,6,2,20,9,0.019649210406453097,1.5666932249764292,0.15582079582397224
V1-RSC,6,3,30,9,0.020810677709593713,1.5614388861616229,0.1570439889959196
V1-RSC,6,4,40,9,0.02426845461165485,1.5113406754712537,0.16914934693659509
V1-RSC,6,5,50,9,0.02188508615199468,1.2219350246213032,0.25651263250937073
V1-RSC,6,6,60,9,0.023571043899659125,1.1492344659529654,0.2836559578333577
V1-RSC,6,7,70,9,0.02461408559725759,1.1048776004513803,0.3013315414411483
V1-RSC,6,8,80,9,0.026554851548779734,1.2876746080781682,0.2338575961293537
V1-RSC,6,9,90,9,0.0289093079144348,1.5000033379466602,0.17200244564272846
V1-RSC,6,10,100,9,0.028158662716466738,1.4382135013953716,0.1883185381455348
V1-RSC,6,11,110,9,0.029667737839332575,1.5084749479838735,0.16986649360664538
V1-RSC,6,12,120,9,0.030652266546413082,1.6015663345889979,0.1479191747618448
V1-RSC,6,13,130,9,0.030614052510184578,1.6538044079146645,0.13676565627549217
V1-RSC,6,14,140,9,0.030482154832699677,1.6709844280694022,0.13326991739844266
V1-RSC,6,15,150,9,0.030790064687251324,1.590545448113054,0.15037600024001951
V1-RSC,6,16,160,9,0.031148740617848485,1.574405046931719,0.15404113777049672
V1-RSC,6,17,170,9,0.030140515511038538,1.5554168498775287,0.15845658170643792
V1-RSC,6,18,180,9,0.029061030008474795,1.5368952273400958,0.16287343255407125
V1-RSC,6,19,190,9,0.028056836705644447,1.5459114754853915,0.1607096419560441
V1-RSC,6,20,200,9,0.027686756033716366,1.5437819705887847,0.1612183464518588
V1-RSC,6,21,210,9,0.02658943432690154,1.4831427273596067,0.17632502334575742
V1-RSC,6,22,220,9,0.026543394514065673,1.4369267170997062,0.1886724047859403
V1-RSC,6,23,230,9,0.026835614186482625,1.4304818820668335,0.1904535633357179
V1-RSC,6,24,240,9,0.026708178929954966,1.4017622015984144,0.19857155155042452
V1-RSC,6,25,250,9,0.027612016524846492,1.4663469047674895,0.1807268713464287
