animal,area,epoch,partner1,partner2,n_units,rho_conn,rho_intr,rho_resid,jaccard,jaccard_excess
28,CA1,expert,CA1-CA3,CA1-DG,30,0.8602892102335928,0.8327030033370411,0.22283479946846738,0.45454545454545453,0.30069930069930073
28,CA1,expert,CA1-CA3,CA1-V1,30,0.7308120133481646,0.7810901001112347,-0.3051521034384094,0.23076923076923078,0.07692307692307696
28,CA1,expert,CA1-DG,CA1-V1,30,0.7735261401557285,0.8295884315906562,0.13329360074945446,0.45454545454545453,0.30069930069930073
28,CA1,intermediate,CA1-CA3,CA1-DG,30,0.6943270300333704,0.7735261401557285,0.10861375130578196,0.3333333333333333,0.1794871794871795
28,CA1,intermediate,CA1-CA3,CA1-V1,30,0.5741935483870967,0.8246941045606229,-0.1931045753735739,0.14285714285714285,-0.010989010989010978
28,CA1,intermediate,CA1-DG,CA1-V1,30,0.4166852057842047,0.9016685205784205,-0.10650279906092813,0.06666666666666667,-0.08717948717948716
28,CA1,naive,CA1-CA3,CA1-DG,30,0.8731924360400445,0.850500556173526,0.7030837938980983,0.6,0.4461538461538461
28,CA1,naive,CA1-CA3,CA1-V1,30,0.4629588431590656,0.8540600667408231,0.1382633511624972,0.23076923076923078,0.07692307692307696
28,CA1,naive,CA1-DG,CA1-V1,30,0.5911012235817574,0.9608453837597329,0.38486806534459406,0.3333333333333333,0.1794871794871795
28,CA3,expert,CA1-CA3,CA3-DG,15,0.8214285714285712,0.8749999999999999,0.8001637314139971,0.6,0.4461538461538461
28,CA3,intermediate,CA1-CA3,CA3-DG,15,0.6749999999999999,0.982142857142857,0.038316707489308655,0.6,0.4461538461538461
28,CA3,naive,CA1-CA3,CA3-DG,15,0.92128801431127,0.9928443649373881,0.8761040066502984,0.6,0.4461538461538461
28,DG,expert,CA1-DG,CA3-DG,13,0.1868131868131868,0.9945054945054945,0.3120890979194672,0.14285714285714285,-0.038961038961038974
28,DG,intermediate,CA1-DG,CA3-DG,13,0.6153846153846153,0.989010989010989,0.2924111510122442,0.3333333333333333,0.1515151515151515
28,DG,naive,CA1-DG,CA3-DG,13,0.8296703296703297,0.989010989010989,0.7718185266496206,1.0,0.8181818181818181
34,CA1,expert,CA1-CA3,CA1-V1,27,0.6853915512611783,0.9481074481074481,0.3172991305080479,0.16666666666666666,0.017730496453900707
34,CA1,intermediate,CA1-CA3,CA1-V1,27,0.6538461538461537,0.8333333333333333,0.07572100394403887,0.2727272727272727,0.12379110251450676
34,CA1,naive,CA1-CA3,CA1-V1,27,0.749084249084249,0.905982905982906,0.1878164776884895,0.2727272727272727,0.12379110251450676
36,CA1,expert,CA1-CA3,CA1-V1,39,0.541497975708502,0.9080971659919028,-0.027927418462477753,0.1111111111111111,-0.03594771241830069
36,CA1,intermediate,CA1-CA3,CA1-V1,39,0.7892712550607287,0.9473684210526316,0.3601565740178173,0.25,0.1029411764705882
36,CA1,naive,CA1-CA3,CA1-V1,39,0.7637651821862348,0.9410931174089069,0.09193633793407649,0.25,0.1029411764705882
41,CA1,expert,CA1-CA3,CA1-V1,22,0.3269339356295879,0.9672501411631848,0.2790260829755406,0.2,0.04210526315789473
41,CA1,intermediate,CA1-CA3,CA1-V1,22,0.3777526821005082,0.9909655561829477,0.3237065771767499,0.09090909090909091,-0.06698564593301437
41,CA1,naive,CA1-CA3,CA1-V1,22,0.43647656691134956,0.9853190287972897,0.3090303072553586,0.2,0.04210526315789473
52,CA1,expert,CA1-CA3,CA1-DG,57,0.8305677988073632,0.9985092040445944,-0.11878199655022476,0.42857142857142855,0.27705627705627706
52,CA1,expert,CA1-CA3,CA1-RSC,57,0.9108115115374644,0.9463961628208453,0.039841691918004365,0.5789473684210527,0.42743221690590116
52,CA1,expert,CA1-CA3,CA1-V1,57,0.9263676432460461,0.995851698211045,0.13562654073393982,0.7647058823529411,0.6131907308377896
52,CA1,expert,CA1-DG,CA1-RSC,57,0.8110578169561836,0.9449053668654395,-0.09207506579286011,0.36363636363636365,0.21212121212121215
52,CA1,expert,CA1-DG,CA1-V1,57,0.85908737360643,0.9963702359346644,-0.011623692749888701,0.5,0.3484848484848485
52,CA1,expert,CA1-RSC,CA1-V1,57,0.919626652838994,0.9436090225563911,0.052772831340359774,0.5789473684210527,0.42743221690590116
52,CA1,intermediate,CA1-CA3,CA1-DG,57,0.8524112004148303,0.9997407311381903,0.8107729244228554,0.6666666666666666,0.5151515151515151
52,CA1,intermediate,CA1-CA3,CA1-RSC,57,0.7037853253824217,0.9414700544464611,0.42141755943662274,0.25,0.09848484848484851
52,CA1,intermediate,CA1-CA3,CA1-V1,57,0.6385143894218306,0.9979258491055225,0.3920786631178028,0.30434782608695654,0.15283267457180505
52,CA1,intermediate,CA1-DG,CA1-RSC,57,0.5204174228675137,0.9418589577391756,0.30181336372554207,0.15384615384615385,0.002331002331002363
52,CA1,intermediate,CA1-DG,CA1-V1,57,0.529491833030853,0.997990666320975,0.3325844104217304,0.36363636363636365,0.21212121212121215
52,CA1,intermediate,CA1-RSC,CA1-V1,57,0.7905107596577652,0.9401088929219602,0.38732663405895584,0.42857142857142855,0.27705627705627706
52,CA1,naive,CA1-CA3,CA1-DG,57,0.8067150635208713,0.9989629245527615,0.5015622440367822,0.36363636363636365,0.21212121212121215
52,CA1,naive,CA1-CA3,CA1-RSC,57,0.6401348198081411,0.9719989629245529,-0.0530939024163421,0.15384615384615385,0.002331002331002363
52,CA1,naive,CA1-CA3,CA1-V1,57,0.7788436608763287,0.998898107337309,0.4049640540981022,0.36363636363636365,0.21212121212121215
52,CA1,naive,CA1-DG,CA1-RSC,57,0.8642079336271714,0.9712211563391236,0.38045116470526824,0.42857142857142855,0.27705627705627706
52,CA1,naive,CA1-DG,CA1-V1,57,0.902644542390459,0.999675913922738,0.3615326993688601,0.6666666666666666,0.5151515151515151
52,CA1,naive,CA1-RSC,CA1-V1,57,0.8587632875291678,0.9722582317863624,0.1063350193224495,0.30434782608695654,0.15283267457180505
52,CA3,expert,CA1-CA3,CA3-DG,61,0.7114225277630882,0.9864621893178211,0.40355824838818233,0.28,0.1290566037735849
52,CA3,intermediate,CA1-CA3,CA3-DG,61,0.7740349021681648,0.9616604970914858,0.6672976122963677,0.23076923076923078,0.07982583454281567
52,CA3,naive,CA1-CA3,CA3-DG,61,0.7392844868921437,0.9721840296139608,0.3576411969655377,0.45454545454545453,0.3036020583190394
52,DG,expert,CA1-DG,CA3-DG,33,0.438836898395722,0.9816176470588236,0.25100942413893196,0.2857142857142857,0.12781954887218042
52,DG,intermediate,CA1-DG,CA3-DG,33,0.6296791443850268,0.9251336898395723,0.6350899245341495,0.38461538461538464,0.22672064777327935
52,DG,naive,CA1-DG,CA3-DG,33,0.4237967914438503,0.9177807486631017,0.29382275033648736,0.2,0.04210526315789473
52,RSC,expert,CA1-RSC,V1-RSC,10,0.05454545454545454,0.9999999999999999,0.061325072418250456,0.2,0.023529411764705882
52,RSC,intermediate,CA1-RSC,V1-RSC,10,0.6363636363636362,0.9999999999999999,0.660986090650357,0.5,0.32352941176470584
52,RSC,naive,CA1-RSC,V1-RSC,10,0.19999999999999998,0.9878787878787878,0.15664259415384818,0.2,0.023529411764705882
52,V1,expert,CA1-V1,V1-RSC,109,0.7939393939393941,0.9568158650727459,0.06454939420860509,0.4358974358974359,0.2885290148448043
52,V1,intermediate,CA1-V1,V1-RSC,109,0.6117227319062182,0.9188212399221575,0.4021406476631797,0.2727272727272727,0.12535885167464111
52,V1,naive,CA1-V1,V1-RSC,109,0.694949494949495,0.8968492262070245,0.07204320605792827,0.6,0.4526315789473684
61,CA1,expert,CA1-CA3,CA1-DG,64,0.8975274725274723,0.9984890109890108,0.47115170482252966,0.5238095238095238,0.380952380952381
61,CA1,expert,CA1-CA3,CA1-RSC,64,0.9282967032967033,0.9986263736263734,0.4099298194184235,0.45454545454545453,0.3116883116883117
61,CA1,expert,CA1-CA3,CA1-V1,64,0.9197220664758529,0.9981227106227105,0.35650410584110115,0.45454545454545453,0.3116883116883117
61,CA1,expert,CA1-DG,CA1-RSC,64,0.9130952380952381,0.9993131868131866,0.5720418181369845,0.5238095238095238,0.380952380952381
61,CA1,expert,CA1-DG,CA1-V1,64,0.8839844779022136,0.9995421245421244,0.42006613343542853,0.3333333333333333,0.19047619047619047
61,CA1,expert,CA1-RSC,CA1-V1,64,0.9444476242333995,0.9992216117216116,0.5912937221131893,0.5238095238095238,0.380952380952381
61,CA1,intermediate,CA1-CA3,CA1-DG,64,0.866117216117216,0.999175824175824,0.41276408853008845,0.45454545454545453,0.3116883116883117
61,CA1,intermediate,CA1-CA3,CA1-RSC,64,0.8981558855428817,0.9978021978021977,0.06576150120975097,0.391304347826087,0.24844720496894412
61,CA1,intermediate,CA1-CA3,CA1-V1,64,0.8873168498168498,0.9983974358974358,0.20191507084946775,0.391304347826087,0.24844720496894412
61,CA1,intermediate,CA1-DG,CA1-RSC,64,0.840050824812647,0.9983974358974358,0.27673112353714263,0.28,0.13714285714285718
61,CA1,intermediate,CA1-DG,CA1-V1,64,0.8147435897435897,0.9992216117216116,0.23804808955208145,0.28,0.13714285714285718
61,CA1,intermediate,CA1-RSC,CA1-V1,64,0.9104957703866942,0.9989010989010987,0.41515444359813064,0.5238095238095238,0.380952380952381
61,CA1,naive,CA1-CA3,CA1-DG,64,0.8472985347985348,0.9986721611721611,-0.17382934127486627,0.5238095238095238,0.380952380952381
61,CA1,naive,CA1-CA3,CA1-RSC,64,0.7433608058608059,0.9990384615384613,-0.2465238386782303,0.391304347826087,0.24844720496894412
61,CA1,naive,CA1-CA3,CA1-V1,64,0.9362637362637362,0.9983058608058608,0.25523424544783857,0.7777777777777778,0.6349206349206349
61,CA1,naive,CA1-DG,CA1-RSC,64,0.9048992673992672,0.9986263736263734,0.64130441217972,0.6,0.45714285714285713
61,CA1,naive,CA1-DG,CA1-V1,64,0.8900641025641024,0.9979395604395603,-0.03423193618322067,0.5238095238095238,0.380952380952381
61,CA1,naive,CA1-RSC,CA1-V1,64,0.7848443223443222,0.9989010989010987,-0.142353347640101,0.3333333333333333,0.19047619047619047
61,CA3,expert,CA1-CA3,CA3-DG,33,0.7028743315508021,0.9946524064171123,0.488135968691009,0.2857142857142857,0.12781954887218042
61,CA3,intermediate,CA1-CA3,CA3-DG,33,0.6460561497326204,0.9959893048128343,0.3978858023103322,0.38461538461538464,0.22672064777327935
61,CA3,naive,CA1-CA3,CA3-DG,33,0.6133021390374331,0.991644385026738,0.32852916053739856,0.2,0.04210526315789473
61,DG,expert,CA1-DG,CA3-DG,25,0.7984615384615384,0.9938461538461538,0.7044959524728808,0.4,0.2372093023255814
61,DG,intermediate,CA1-DG,CA3-DG,25,0.8407692307692308,0.9761538461538463,0.8179589632290817,0.2727272727272727,0.10993657505285409
61,DG,naive,CA1-DG,CA3-DG,25,0.7699999999999999,0.9823076923076923,0.5652727949163012,0.5555555555555556,0.39276485788113696
61,RSC,expert,CA1-RSC,V1-RSC,115,0.6649017596464926,0.9968279018385545,0.17033614591830487,0.48717948717948717,0.3429008802143131
61,RSC,intermediate,CA1-RSC,V1-RSC,115,0.6893369552150933,0.9921644440937427,0.2992211213930459,0.45,0.30572139303482593
61,RSC,naive,CA1-RSC,V1-RSC,115,0.5331978734366671,0.9905468318472345,-0.14976814560105442,0.3488372093023256,0.20455860233715148
61,V1,expert,CA1-V1,V1-RSC,93,0.9091343141058158,0.9987765211423113,0.6673266723335812,0.5483870967741935,0.40023894862604537
61,V1,intermediate,CA1-V1,V1-RSC,93,0.7950374503894242,0.9970308256990241,0.3594659566625308,0.5483870967741935,0.40023894862604537
61,V1,naive,CA1-V1,V1-RSC,93,0.8899167437557816,0.9984482707170778,0.2516567192695087,0.6,0.45185185185185184
66,CA1,expert,CA1-DG,CA1-RSC,29,0.7241379310344827,0.9758620689655171,0.5540160801439293,0.3333333333333333,0.1733333333333333
66,CA1,expert,CA1-DG,CA1-SUB,29,0.8059113300492609,0.8990147783251231,0.5611906594047592,0.45454545454545453,0.29454545454545455
66,CA1,expert,CA1-DG,CA1-V1,29,0.7216748768472905,0.9995073891625613,0.5847606662137153,0.45454545454545453,0.29454545454545455
66,CA1,expert,CA1-RSC,CA1-SUB,29,0.824630541871921,0.8921182266009852,0.6778343036875498,0.45454545454545453,0.29454545454545455
66,CA1,expert,CA1-RSC,CA1-V1,29,0.7694581280788175,0.9729064039408865,0.6661288021794525,0.45454545454545453,0.29454545454545455
66,CA1,expert,CA1-SUB,CA1-V1,29,0.7783251231527091,0.902463054187192,0.6184271310022196,0.45454545454545453,0.29454545454545455
66,CA1,intermediate,CA1-DG,CA1-RSC,29,0.7177339901477832,0.9645320197044334,0.5803915065795018,0.45454545454545453,0.29454545454545455
66,CA1,intermediate,CA1-DG,CA1-SUB,29,0.6182266009852215,0.8788177339901475,0.41361453464102255,0.23076923076923078,0.07076923076923078
66,CA1,intermediate,CA1-DG,CA1-V1,29,0.576847290640394,0.9985221674876845,0.42844663870951105,0.23076923076923078,0.07076923076923078
66,CA1,intermediate,CA1-RSC,CA1-SUB,29,0.6236453201970442,0.9078817733990147,0.43062403308577013,0.3333333333333333,0.1733333333333333
66,CA1,intermediate,CA1-RSC,CA1-V1,29,0.6384236453201969,0.9600985221674873,0.5004411891324243,0.3333333333333333,0.1733333333333333
66,CA1,intermediate,CA1-SUB,CA1-V1,29,0.8024630541871919,0.8798029556650244,0.7320158778822917,0.45454545454545453,0.29454545454545455
66,CA1,naive,CA1-DG,CA1-RSC,29,0.6806256979819696,0.9743842364532018,0.4985399775545832,0.45454545454545453,0.29454545454545455
66,CA1,naive,CA1-DG,CA1-SUB,29,0.7461510094778812,0.9428571428571426,0.6297036655119975,0.3333333333333333,0.1733333333333333
66,CA1,naive,CA1-DG,CA1-V1,29,0.6599334943516817,0.9999999999999998,0.4479633591496638,0.23076923076923078,0.07076923076923078
66,CA1,naive,CA1-RSC,CA1-SUB,29,0.7206896551724137,0.9059113300492609,0.3839116489258639,0.3333333333333333,0.1733333333333333
66,CA1,naive,CA1-RSC,CA1-V1,29,0.6103448275862068,0.9743842364532018,0.252528192725884,0.14285714285714285,-0.017142857142857154
66,CA1,naive,CA1-SUB,CA1-V1,29,0.793103448275862,0.9428571428571426,0.4779155621117048,0.23076923076923078,0.07076923076923078
66,RSC,expert,CA1-RSC,RSC-SUB,18,0.4613003095975232,0.7069143446852425,-0.14052310721572414,0.6666666666666666,0.5053763440860215
66,RSC,expert,CA1-RSC,V1-RSC,18,0.696594427244582,1.0,0.5947277325137881,0.42857142857142855,0.26728110599078336
66,RSC,expert,RSC-SUB,V1-RSC,18,0.479876160990712,0.7069143446852425,-0.18078526651758067,0.25,0.08870967741935484
66,RSC,intermediate,CA1-RSC,RSC-SUB,18,0.5170278637770898,0.933952528379773,0.07571438434316806,0.1111111111111111,-0.05017921146953405
66,RSC,intermediate,CA1-RSC,V1-RSC,18,0.4447884416924664,1.0,0.1429047590651691,0.25,0.08870967741935484
66,RSC,intermediate,RSC-SUB,V1-RSC,18,0.23632610939112486,0.933952528379773,-0.21781699037622398,0.25,0.08870967741935484
66,RSC,naive,CA1-RSC,RSC-SUB,18,0.7997936016511867,0.9566563467492261,0.6730231376657021,0.6666666666666666,0.5053763440860215
66,RSC,naive,CA1-RSC,V1-RSC,18,0.6016511867905057,1.0,0.3915964242302487,0.42857142857142855,0.26728110599078336
66,RSC,naive,RSC-SUB,V1-RSC,18,0.7461300309597524,0.9566563467492261,0.4438226710735198,0.6666666666666666,0.5053763440860215
66,SUB,expert,CA1-SUB,RSC-SUB,13,0.39010989010989006,1.0,0.3618354102487674,0.14285714285714285,-0.038961038961038974
66,SUB,intermediate,CA1-SUB,RSC-SUB,13,0.010989010989010988,1.0,-0.10677201525887828,0.14285714285714285,-0.038961038961038974
66,SUB,naive,CA1-SUB,RSC-SUB,13,0.43956043956043955,1.0,0.4557078764809572,0.3333333333333333,0.1515151515151515
66,V1,expert,CA1-V1,V1-RSC,22,0.4025974025974026,0.7989836250705817,0.3427960671430686,0.3333333333333333,0.17543859649122803
66,V1,intermediate,CA1-V1,V1-RSC,22,0.8001129305477132,0.8543195934500282,0.7875031410335358,0.7142857142857143,0.556390977443609
66,V1,naive,CA1-V1,V1-RSC,22,0.3190287972896669,0.8430265386787127,0.2528558906565517,0.3333333333333333,0.17543859649122803
68,CA1,expert,CA1-CA3,CA1-DG,18,0.6119711042311662,0.7048503611971104,0.574784566561328,0.6666666666666666,0.5053763440860215
68,CA1,expert,CA1-CA3,CA1-RSC,18,0.2693498452012384,0.7048503611971104,0.09383878854774019,0.42857142857142855,0.26728110599078336
68,CA1,expert,CA1-DG,CA1-RSC,18,0.48813209494324045,1.0,0.5229645755219348,0.42857142857142855,0.26728110599078336
68,CA1,intermediate,CA1-CA3,CA1-DG,18,0.8493292053663571,0.7440660474716203,0.7988818211876108,0.6666666666666666,0.5053763440860215
68,CA1,intermediate,CA1-CA3,CA1-RSC,18,0.25902992776057787,0.7440660474716203,0.05493659119926818,0.25,0.08870967741935484
68,CA1,intermediate,CA1-DG,CA1-RSC,18,0.30443756449948395,1.0,0.18611945990078815,0.42857142857142855,0.26728110599078336
68,CA1,naive,CA1-CA3,CA1-DG,18,0.7027863777089782,0.9091847265221877,0.5489135820153317,0.6666666666666666,0.5053763440860215
68,CA1,naive,CA1-CA3,CA1-RSC,18,0.5727554179566564,0.9215686274509803,0.07321352384154363,0.42857142857142855,0.26728110599078336
68,CA1,naive,CA1-DG,CA1-RSC,18,0.6140350877192982,0.9979360165118679,0.4655356065324435,0.42857142857142855,0.26728110599078336
68,CA3,expert,CA1-CA3,CA3-DG,12,0.8321678321678322,0.9930069930069931,0.8176247777935538,1.0,0.8571428571428572
68,CA3,intermediate,CA1-CA3,CA3-DG,12,0.7482517482517484,0.9510489510489512,0.7016639429697082,1.0,0.8571428571428572
68,CA3,naive,CA1-CA3,CA3-DG,12,0.8741258741258742,1.0,0.8724462825032835,1.0,0.8571428571428572
68,DG,expert,CA1-DG,CA3-DG,24,0.9339130434782608,0.6713043478260868,0.8996737052276418,0.7142857142857143,0.5714285714285714
68,DG,intermediate,CA1-DG,CA3-DG,24,0.8139130434782607,0.7391304347826086,0.7779948825085886,0.7142857142857143,0.5714285714285714
68,DG,naive,CA1-DG,CA3-DG,24,0.84,0.8139130434782607,0.7616787781219561,0.7142857142857143,0.5714285714285714
73,CA1,expert,CA1-DG,CA1-RSC,26,0.641025641025641,0.9999999999999999,0.1439223294665594,0.2727272727272727,0.11717171717171715
73,CA1,expert,CA1-DG,CA1-SUB,26,0.7401709401709401,0.9999999999999999,0.5398672590375234,0.4,0.24444444444444446
73,CA1,expert,CA1-DG,CA1-V1,26,0.6184615384615384,0.9774358974358973,0.2589675845464379,0.2727272727272727,0.11717171717171715
73,CA1,expert,CA1-RSC,CA1-SUB,26,0.6287179487179486,0.9999999999999999,0.23363589067432766,0.16666666666666666,0.0111111111111111
73,CA1,expert,CA1-RSC,CA1-V1,26,0.6861538461538461,0.9774358974358973,0.2939400620194354,0.4,0.24444444444444446
73,CA1,expert,CA1-SUB,CA1-V1,26,0.4762393162393162,0.9774358974358973,0.0764333153438248,0.2727272727272727,0.11717171717171715
73,CA1,intermediate,CA1-DG,CA1-RSC,26,0.7018803418803419,0.9986324786324786,0.530502249226597,0.2727272727272727,0.11717171717171715
73,CA1,intermediate,CA1-DG,CA1-SUB,26,0.7941880341880342,0.9999999999999999,0.6621719368936267,0.4,0.24444444444444446
73,CA1,intermediate,CA1-DG,CA1-V1,26,0.638974358974359,0.984957264957265,0.25155337350578283,0.16666666666666666,0.0111111111111111
73,CA1,intermediate,CA1-RSC,CA1-SUB,26,0.805128205128205,0.9986324786324786,0.7096394433103396,0.5555555555555556,0.4
73,CA1,intermediate,CA1-RSC,CA1-V1,26,0.7114529914529912,0.9835897435897435,0.5345849768888025,0.16666666666666666,0.0111111111111111
73,CA1,intermediate,CA1-SUB,CA1-V1,26,0.7114529914529912,0.984957264957265,0.514522263952347,0.2727272727272727,0.11717171717171715
73,CA1,naive,CA1-DG,CA1-RSC,26,0.6916239316239315,0.9993162393162391,0.41897741566534014,0.4,0.24444444444444446
73,CA1,naive,CA1-DG,CA1-SUB,26,0.8707692307692306,0.9993162393162391,0.774792486152076,0.75,0.5944444444444444
73,CA1,naive,CA1-DG,CA1-V1,26,0.5972649572649572,0.9336752136752137,0.23965139345387942,0.5555555555555556,0.4
73,CA1,naive,CA1-RSC,CA1-SUB,26,0.6970940170940171,0.9999999999999999,0.3890840042504497,0.4,0.24444444444444446
73,CA1,naive,CA1-RSC,CA1-V1,26,0.6916239316239315,0.9329914529914528,0.33369427229469834,0.4,0.24444444444444446
73,CA1,naive,CA1-SUB,CA1-V1,26,0.6601709401709401,0.9329914529914528,0.31029139419326895,0.5555555555555556,0.4
73,RSC,expert,CA1-RSC,RSC-SUB,64,0.9477106227106226,0.9994963369963369,-0.10610780366811202,0.5238095238095238,0.380952380952381
73,RSC,expert,CA1-RSC,V1-RSC,64,0.7853479853479853,0.9957417582417581,-0.05211016239707422,0.3333333333333333,0.19047619047619047
73,RSC,expert,RSC-SUB,V1-RSC,64,0.8539835164835164,0.9961080586080584,0.5179170269111978,0.391304347826087,0.24844720496894412
73,RSC,intermediate,CA1-RSC,RSC-SUB,64,0.883562271062271,0.9997138246285083,0.3640900250114578,0.391304347826087,0.24844720496894412
73,RSC,intermediate,CA1-RSC,V1-RSC,64,0.8036630036630035,0.9974931032373214,0.11784606500474289,0.28,0.13714285714285718
73,RSC,intermediate,RSC-SUB,V1-RSC,64,0.9290293040293038,0.9970238095238094,0.707071594787311,0.6,0.45714285714285713
73,RSC,naive,CA1-RSC,RSC-SUB,64,0.9445620944082028,0.9994963369963369,0.7822441448442803,0.5238095238095238,0.380952380952381
73,RSC,naive,CA1-RSC,V1-RSC,64,0.9172952987700196,0.995970695970696,0.6665458430213684,0.5238095238095238,0.380952380952381
73,RSC,naive,RSC-SUB,V1-RSC,64,0.9407967032967031,0.9959249084249083,0.7158739932591425,0.6,0.45714285714285713
73,SUB,expert,CA1-SUB,RSC-SUB,27,0.5946275946275946,0.9975579975579975,0.16305119384856886,0.16666666666666666,0.017730496453900707
73,SUB,intermediate,CA1-SUB,RSC-SUB,27,0.33821733821733824,0.9999999999999999,0.22007112947903593,0.16666666666666666,0.017730496453900707
73,SUB,naive,CA1-SUB,RSC-SUB,27,0.5012210012210012,0.9987789987789988,0.2938261473497032,0.2727272727272727,0.12379110251450676
73,V1,expert,CA1-V1,V1-RSC,19,0.5684210526315789,1.0,0.5907283865000938,0.6666666666666666,0.5151515151515151
73,V1,intermediate,CA1-V1,V1-RSC,19,0.5052631578947369,1.0,0.5464245338384746,0.42857142857142855,0.277056277056277
73,V1,naive,CA1-V1,V1-RSC,19,0.7105263157894737,1.0,0.5881186753853178,0.6666666666666666,0.5151515151515151
75,CA1,expert,CA1-DG,CA1-RSC,25,0.71,1.0,0.6026033681560872,0.4,0.2372093023255814
75,CA1,expert,CA1-DG,CA1-SUB,25,0.7192307692307691,1.0,0.588687043584009,0.2727272727272727,0.10993657505285409
75,CA1,expert,CA1-DG,CA1-V1,25,0.5784615384615384,1.0,0.34703834064683137,0.2727272727272727,0.10993657505285409
75,CA1,expert,CA1-RSC,CA1-SUB,25,0.7915384615384615,1.0,0.7021146965868735,0.4,0.2372093023255814
75,CA1,expert,CA1-RSC,CA1-V1,25,0.44076923076923075,1.0,0.13203700052353817,0.2727272727272727,0.10993657505285409
75,CA1,expert,CA1-SUB,CA1-V1,25,0.45076923076923076,1.0,0.026053614217192468,0.16666666666666666,0.003875968992248041
75,CA1,intermediate,CA1-DG,CA1-RSC,25,0.3576923076923077,0.9976923076923077,0.20534444411242128,0.16666666666666666,0.003875968992248041
75,CA1,intermediate,CA1-DG,CA1-SUB,25,0.3861538461538461,0.9992307692307693,0.24986257793384473,0.16666666666666666,0.003875968992248041
75,CA1,intermediate,CA1-DG,CA1-V1,25,0.5169230769230769,0.9969230769230769,0.15297262423255006,0.16666666666666666,0.003875968992248041
75,CA1,intermediate,CA1-RSC,CA1-SUB,25,0.7999999999999999,0.9992307692307693,0.7755791773474114,0.5555555555555556,0.39276485788113696
75,CA1,intermediate,CA1-RSC,CA1-V1,25,0.39999999999999997,0.9992307692307693,0.25576387793467165,0.2727272727272727,0.10993657505285409
75,CA1,intermediate,CA1-SUB,CA1-V1,25,0.33153846153846156,0.9984615384615384,0.15566086561822082,0.07692307692307693,-0.08586762075134169
75,CA1,naive,CA1-DG,CA1-RSC,25,0.6007692307692307,0.9969230769230769,0.443422994582538,0.4,0.2372093023255814
75,CA1,naive,CA1-DG,CA1-SUB,25,0.5723076923076923,0.9969230769230769,0.23343337986353566,0.16666666666666666,0.003875968992248041
75,CA1,naive,CA1-DG,CA1-V1,25,0.6707692307692308,0.9961538461538462,0.6002604061912143,0.5555555555555556,0.39276485788113696
75,CA1,naive,CA1-RSC,CA1-SUB,25,0.5576923076923077,1.0,0.39619386053410055,0.2727272727272727,0.10993657505285409
75,CA1,naive,CA1-RSC,CA1-V1,25,0.40076923076923077,0.9992307692307693,0.271400917647255,0.16666666666666666,0.003875968992248041
75,CA1,naive,CA1-SUB,CA1-V1,25,0.41615384615384615,0.9992307692307693,0.24420203047798,0.07692307692307693,-0.08586762075134169
75,RSC,expert,CA1-RSC,RSC-SUB,196,0.9539695903879638,0.9989942892844791,0.3121010556576291,0.7818181818181819,0.638961038961039
75,RSC,expert,CA1-RSC,V1-RSC,196,0.9153962779893661,0.988070135173258,0.1801493320589706,0.6333333333333333,0.49047619047619045
75,RSC,expert,RSC-SUB,V1-RSC,196,0.9340254838694648,0.9880908550453688,0.1966029549985477,0.6896551724137931,0.5467980295566504
75,RSC,intermediate,CA1-RSC,RSC-SUB,196,0.9267270713300979,0.9989082534445799,0.08842771609172899,0.6610169491525424,0.5181598062953996
75,RSC,intermediate,CA1-RSC,V1-RSC,196,0.891467642066509,0.9938882090927375,0.08503892692682427,0.5806451612903226,0.43778801843317977
75,RSC,intermediate,RSC-SUB,V1-RSC,196,0.9332600189661081,0.9943392520099494,0.10261296700817021,0.6333333333333333,0.49047619047619045
75,RSC,naive,CA1-RSC,RSC-SUB,196,0.9737589604789417,0.9986819519860767,0.660286368775687,0.7818181818181819,0.638961038961039
75,RSC,naive,CA1-RSC,V1-RSC,196,0.9546340899763724,0.9960235431744398,0.3742433515620113,0.6896551724137931,0.5467980295566504
75,RSC,naive,RSC-SUB,V1-RSC,196,0.9692422137319273,0.9964650175394418,0.5316532144831049,0.7818181818181819,0.638961038961039
75,SUB,expert,CA1-SUB,RSC-SUB,38,0.524703179644044,0.975489659700186,0.1277097177022325,0.3333333333333333,0.1818181818181818
75,SUB,intermediate,CA1-SUB,RSC-SUB,38,0.5605646131961922,0.9951854688696794,0.022985856108150203,0.3333333333333333,0.1818181818181818
75,SUB,naive,CA1-SUB,RSC-SUB,38,0.3432541853594485,0.9908086223875697,0.05913786410492975,0.25,0.09848484848484848
75,V1,expert,CA1-V1,V1-RSC,63,0.5603398617511521,0.9889112903225807,-0.030901856335024083,0.3333333333333333,0.18787878787878787
75,V1,intermediate,CA1-V1,V1-RSC,63,0.5790130568356374,0.9866551459293396,0.14039135046751014,0.3333333333333333,0.18787878787878787
75,V1,naive,CA1-V1,V1-RSC,63,0.8066436251920123,0.9948636712749617,0.3812061402031253,0.5238095238095238,0.3783549783549784
77,CA1,expert,CA1-DG,CA1-RSC,9,0.0,-0.03333333333333333,-0.0890870806374748,0.2,0.0
77,CA1,expert,CA1-DG,CA1-SUB,9,-0.33333333333333337,-0.19999999999999998,-0.6390644422470536,0.0,-0.2
77,CA1,expert,CA1-DG,CA1-V1,9,-0.38333333333333336,-0.016666666666666666,0.11308481979463605,0.0,-0.2
77,CA1,expert,CA1-RSC,CA1-SUB,9,-0.5833333333333334,0.39999999999999997,-0.5321443275922483,0.0,-0.2
77,CA1,expert,CA1-RSC,CA1-V1,9,-0.5833333333333334,0.9833333333333333,-0.41883872664982347,0.0,-0.2
77,CA1,expert,CA1-SUB,CA1-V1,9,0.4666666666666666,0.33333333333333337,0.39602215008912034,0.5,0.3
77,CA1,intermediate,CA1-DG,CA1-RSC,9,-0.06666666666666667,-0.15,0.10815222992729398,0.2,0.0
77,CA1,intermediate,CA1-DG,CA1-SUB,9,0.65,0.6333333333333333,0.5599496399301325,0.2,0.0
77,CA1,intermediate,CA1-DG,CA1-V1,9,0.0,-0.21666666666666667,-0.04230916140130203,0.2,0.0
77,CA1,intermediate,CA1-RSC,CA1-SUB,9,-0.33333333333333337,-0.33333333333333337,-0.26065926799131006,0.0,-0.2
77,CA1,intermediate,CA1-RSC,CA1-V1,9,0.049999999999999996,0.9833333333333333,-0.03185294946485158,0.5,0.3
77,CA1,intermediate,CA1-SUB,CA1-V1,9,-0.2333333333333333,-0.38333333333333336,-0.05110396726979809,0.0,-0.2
77,CA1,naive,CA1-DG,CA1-RSC,9,-0.2333333333333333,0.39999999999999997,-0.43236943101283115,0.2,0.0
77,CA1,naive,CA1-DG,CA1-SUB,9,-0.09999999999999999,0.38333333333333336,-0.3087653118464937,0.2,0.0
77,CA1,naive,CA1-DG,CA1-V1,9,-0.26666666666666666,0.39999999999999997,-0.5736219203230056,0.0,-0.2
77,CA1,naive,CA1-RSC,CA1-SUB,9,0.33333333333333337,0.8666666666666667,0.1800154539699548,0.5,0.3
77,CA1,naive,CA1-RSC,CA1-V1,9,0.16666666666666669,1.0,-0.4166904930682627,0.2,0.0
77,CA1,naive,CA1-SUB,CA1-V1,9,0.7333333333333334,0.8666666666666667,0.5811877117829861,0.5,0.3
77,RSC,expert,CA1-RSC,RSC-SUB,225,0.7184069313143282,0.9191666666666669,-0.17460895788516576,0.425,0.2799618320610687
77,RSC,expert,CA1-RSC,V1-RSC,225,0.8249514459290261,0.9594131900547831,-0.047683740814990244,0.52,0.3749618320610687
77,RSC,expert,RSC-SUB,V1-RSC,225,0.7521589255783033,0.9079245680573116,-0.24544706217846754,0.46153846153846156,0.31650029359953025
77,RSC,intermediate,CA1-RSC,RSC-SUB,225,0.8266780727755039,0.924095270779444,-0.2546119446363418,0.4074074074074074,0.2623692394684761
77,RSC,intermediate,CA1-RSC,V1-RSC,225,0.8083264964268437,0.9655965459325414,0.3994555351008485,0.6285714285714286,0.48353326063249724
77,RSC,intermediate,RSC-SUB,V1-RSC,225,0.624814745263071,0.9255577989663922,-0.2072324300169044,0.32558139534883723,0.18054322740990594
77,RSC,naive,CA1-RSC,RSC-SUB,225,0.8765372529263645,0.9754509060261273,0.2631912373702333,0.5833333333333334,0.43829516539440205
77,RSC,naive,CA1-RSC,V1-RSC,225,0.8447785975337574,0.9864464812473662,0.23249757087145315,0.4805194805194805,0.33548131258054925
77,RSC,naive,RSC-SUB,V1-RSC,225,0.871419116081815,0.9743025705857564,-0.05153426286456475,0.52,0.3749618320610687
77,SUB,expert,CA1-SUB,RSC-SUB,6,-0.08571428571428573,1.0,0.010917828668528737,0.0,-0.19999999999999998
77,SUB,intermediate,CA1-SUB,RSC-SUB,6,0.942857142857143,1.0,0.9372684899334994,1.0,0.8
77,SUB,naive,CA1-SUB,RSC-SUB,6,0.4285714285714286,1.0,0.2790781528257191,0.3333333333333333,0.13333333333333333
77,V1,expert,CA1-V1,V1-RSC,12,0.41958041958041964,0.3636363636363637,0.35595748974246694,0.2,0.05714285714285716
77,V1,intermediate,CA1-V1,V1-RSC,12,0.6293706293706295,0.23076923076923078,0.5843656981132951,0.2,0.05714285714285716
77,V1,naive,CA1-V1,V1-RSC,12,0.1188811188811189,0.8391608391608393,0.26851080677052747,0.2,0.05714285714285716
