animal,learner,pair,block,n_trials,n_bins,cc1,n_sig,mi_sig,ifi,optimal_lag,gini_x,gini_y,sh_x,sh_y,angle_x,angle_y,cc_kcca,gini_kcca_x,gini_kcca_y
28,1,CA1-CA3,t1-5,5,14873,0.2399,1,0.0296,0.0372,0,0.3278,0.6442,78.76,77.98,77.67,60.65,,,
28,1,CA1-CA3,t1-7,7,20550,0.235,2,0.04,0.0306,0,0.2885,0.6228,85.56,76.42,79.33,64.23,,,
28,1,CA1-CA3,t1-10,10,29009,0.2498,2,0.0443,0.0531,0,0.2152,0.6466,87.43,85.42,81.63,70.8,,,
28,1,CA1-CA3,late,10,31644,0.2503,2,0.039,0.0135,0,0.3694,0.2609,70.64,69.29,,,,,
28,1,CA1-DG,t1-5,5,14873,0.2992,2,0.0564,-0.0416,0,0.2929,0.2201,63.02,27.12,85.87,85.58,,,
28,1,CA1-DG,t1-7,7,20550,0.2948,2,0.0569,-0.0368,0,0.2912,0.2244,67.52,28.46,85.61,84.25,,,
28,1,CA1-DG,t1-10,10,29009,0.3019,3,0.0661,-0.0382,0,0.2609,0.2005,76.43,29.04,84.48,82.04,,,
28,1,CA1-DG,late,10,31644,0.4068,4,0.1263,0.0201,0,0.3276,0.4411,56.57,52.13,,,,,
28,1,CA1-V1,t1-5,5,14873,0.156,1,0.0123,-0.0074,-6,0.3552,0.4517,88.19,80.38,89.96,85.35,,,
28,1,CA1-V1,t1-7,7,20550,0.1735,1,0.0153,-0.0151,-6,0.3345,0.442,60.43,82.1,88.57,82.53,,,
28,1,CA1-V1,t1-10,10,29009,0.1972,1,0.0198,-0.0092,-4,0.3235,0.4363,62.95,66.91,89.65,83.35,,,
28,1,CA1-V1,late,10,31644,0.1603,2,0.0174,0.0352,0,0.3275,0.3827,84.14,83.16,,,,,
28,1,CA3-DG,t1-5,5,14873,0.5016,2,0.1538,-0.0057,0,0.6463,0.2239,84.01,79.36,89.19,76.32,,,
28,1,CA3-DG,t1-7,7,20550,0.5123,3,0.1717,-0.0083,0,0.625,0.2229,80.35,64.86,87.26,84.34,,,
28,1,CA3-DG,t1-10,10,29009,0.5133,3,0.1683,-0.0051,0,0.6314,0.1981,89.12,26.29,89.63,85.98,,,
28,1,CA3-DG,late,10,31644,0.5096,2,0.166,0.0442,0,0.2884,0.4479,56.32,49.9,,,,,
34,1,CA1-CA3,t1-5,5,13808,0.4987,2,0.1797,-0.0258,0,0.4158,0.3364,83.01,84.42,89.95,86.83,,,
34,1,CA1-CA3,t1-7,7,18788,0.3375,3,0.12,-0.0232,0,0.946,0.3774,57.0,33.19,89.98,80.76,,,
34,1,CA1-CA3,t1-10,10,26033,0.3376,3,0.1242,-0.0208,0,0.9459,0.4224,36.04,24.36,89.98,82.56,,,
34,1,CA1-CA3,late,10,28078,0.3058,8,0.3503,0.0266,0,0.9506,0.1226,13.63,25.46,,,,,
34,1,CA1-V1,t1-5,5,13808,0.2946,2,0.063,0.0031,0,0.8837,0.4447,81.24,84.3,81.78,85.68,,,
34,1,CA1-V1,t1-7,7,18788,0.2346,1,0.0283,0.0153,0,0.9243,0.4251,84.13,68.22,89.99,90.0,,,
34,1,CA1-V1,t1-10,10,26033,0.1836,1,0.0171,0.0208,0,0.9243,0.4357,85.37,65.28,89.72,86.08,,,
34,1,CA1-V1,late,10,28078,0.2545,1,0.0335,-0.0123,-1,0.953,0.4231,51.63,61.84,,,,,
36,1,CA1-CA3,t1-5,5,15556,0.3162,2,0.0667,0.0146,2,0.3777,0.126,60.05,58.3,86.07,85.23,,,
36,1,CA1-CA3,t1-7,7,20692,0.32,3,0.0726,0.0147,2,0.3743,0.1185,45.26,30.98,82.47,84.27,,,
36,1,CA1-CA3,t1-10,10,28270,0.3181,3,0.0748,0.0073,2,0.3829,0.1005,35.2,32.32,82.37,84.72,,,
36,1,CA1-CA3,late,10,31944,0.3437,3,0.0973,0.0205,0,0.3554,0.0678,37.07,28.39,,,,,
36,1,CA1-V1,t1-5,5,15556,0.0198,0,0.0,-0.0165,-7,0.3387,0.0758,69.93,68.51,87.62,81.57,,,
36,1,CA1-V1,t1-7,7,20692,0.0302,0,0.0,-0.0163,-7,0.3368,0.0707,79.04,76.2,82.65,89.34,,,
36,1,CA1-V1,t1-10,10,28270,0.0725,0,0.0,-0.0166,-4,0.3208,0.0626,69.98,65.54,81.74,89.97,,,
36,1,CA1-V1,late,10,31944,0.0977,0,0.0,-0.0211,-7,0.2882,0.082,75.51,60.71,,,,,
41,1,CA1-CA3,t1-5,5,15099,1.0,3,3.3208,0.0234,0,0.8943,0.9572,18.08,33.99,88.38,30.84,,,
41,1,CA1-CA3,t1-7,7,20067,1.0,3,3.3221,0.0255,0,0.8907,0.9562,16.86,22.87,88.35,31.44,,,
41,1,CA1-CA3,t1-10,10,27649,1.0,4,3.3272,0.0249,0,0.8798,0.9561,21.92,28.92,88.3,27.27,,,
41,1,CA1-CA3,late,10,35931,0.4594,6,0.2175,0.0349,2,0.1911,0.9019,19.86,26.86,,,,,
41,1,CA1-V1,t1-5,5,15099,0.0912,0,0.0,-0.024,-5,0.2174,0.4296,65.85,87.87,81.54,85.93,,,
41,1,CA1-V1,t1-7,7,20067,0.0904,0,0.0,-0.0276,-5,0.2136,0.4225,67.9,72.93,82.41,86.73,,,
41,1,CA1-V1,t1-10,10,27649,0.1308,0,0.0,-0.0309,-5,0.2269,0.4224,65.38,73.89,77.62,83.74,,,
41,1,CA1-V1,late,10,35931,0.104,0,0.0,0.0239,7,0.1939,0.386,65.5,61.91,,,,,
52,1,CA1-RSC,t1-5,5,19651,-0.0139,2,0.0242,0.1134,3,0.4076,0.12,85.55,81.51,89.89,80.18,,,
52,1,CA1-RSC,t1-7,7,26694,0.0342,1,0.0059,0.1198,3,0.4057,0.0914,83.86,58.91,88.29,74.65,,,
52,1,CA1-RSC,t1-10,10,36887,-0.033,2,0.0116,0.1334,5,0.3879,0.0777,80.33,89.65,89.71,88.07,,,
52,1,CA1-RSC,late,10,35803,0.1116,4,0.0672,0.1079,5,0.4747,0.089,87.65,81.64,,,,,
52,1,CA1-CA3,t1-5,5,19651,0.2203,3,0.0458,-0.0253,0,0.3798,0.3642,74.48,72.87,88.12,85.53,,,
52,1,CA1-CA3,t1-7,7,26694,0.2095,3,0.0428,0.001,0,0.3808,0.3573,45.95,42.98,89.12,80.06,,,
52,1,CA1-CA3,t1-10,10,36887,0.1953,4,0.0454,0.0016,0,0.3674,0.3445,46.98,49.2,86.61,78.38,,,
52,1,CA1-CA3,late,10,35803,0.2461,4,0.0513,0.0704,0,0.4233,0.4577,89.22,82.1,,,,,
52,1,CA1-DG,t1-5,5,19651,0.3342,8,0.1193,-0.025,0,0.3811,0.1667,62.86,64.29,87.38,66.09,,,
52,1,CA1-DG,t1-7,7,26694,0.3397,8,0.1176,-0.0417,0,0.3819,0.1798,59.95,65.95,84.89,63.57,,,
52,1,CA1-DG,t1-10,10,36887,0.3556,12,0.2368,-0.0189,0,0.3673,0.1671,81.86,81.61,84.62,77.01,,,
52,1,CA1-DG,late,10,35803,0.5018,14,0.608,0.0132,0,0.4291,0.1738,66.69,72.69,,,,,
52,1,CA1-V1,t1-5,5,19651,0.2362,5,0.0845,-0.0239,0,0.3805,0.3404,73.02,84.17,88.06,84.44,,,
52,1,CA1-V1,t1-7,7,26694,0.2695,4,0.1157,-0.0267,0,0.3813,0.3308,69.88,83.55,89.15,89.01,,,
52,1,CA1-V1,t1-10,10,36887,0.3195,13,0.2948,-0.0266,0,0.3673,0.3032,68.87,72.32,89.95,88.53,,,
52,1,CA1-V1,late,10,35803,0.2971,8,0.2299,-0.0126,0,0.4317,0.4181,76.37,54.3,,,,,
52,1,CA3-DG,t1-5,5,19651,0.2014,20,0.8177,0.03,0,0.3631,0.1615,33.56,31.42,54.68,41.66,,,
52,1,CA3-DG,t1-7,7,26694,0.5367,19,0.9319,0.0357,0,0.3563,0.1768,32.26,24.04,53.2,39.99,,,
52,1,CA3-DG,t1-10,10,36887,0.5991,20,0.9679,0.0466,0,0.346,0.1642,26.99,17.83,52.91,39.67,,,
52,1,CA3-DG,late,10,35803,0.5517,7,0.3836,0.0226,0,0.4578,0.1707,22.64,20.64,,,,,
52,1,V1-RSC,t1-5,5,19651,-0.1415,5,0.1286,-0.0197,0,0.3084,0.1212,81.52,81.87,86.9,69.66,,,
52,1,V1-RSC,t1-7,7,26694,-0.2346,3,0.1215,-0.0134,0,0.3035,0.0926,68.11,66.07,88.02,77.91,,,
52,1,V1-RSC,t1-10,10,36887,-0.0644,3,0.0661,-0.0096,0,0.2644,0.0784,64.73,67.8,87.02,83.4,,,
52,1,V1-RSC,late,10,35803,-0.2271,6,0.2211,0.0346,1,0.3906,0.0899,65.85,47.44,,,,,
61,1,CA1-RSC,t1-5,5,14530,0.1243,0,0.0,0.1104,4,0.4626,0.3822,75.73,85.06,88.79,87.93,,,
61,1,CA1-RSC,t1-7,7,20000,0.1427,1,0.0103,0.1055,0,0.4606,0.3895,86.35,87.56,89.63,83.09,,,
61,1,CA1-RSC,t1-10,10,28149,0.0835,0,0.0,0.1013,0,0.4693,0.3929,88.81,69.63,88.45,76.36,,,
61,1,CA1-RSC,late,10,32475,0.1396,4,0.0319,0.0576,5,0.4482,0.3101,72.53,78.07,,,,,
61,1,CA1-CA3,t1-5,5,14530,0.1221,2,0.0148,-0.0737,-2,0.4616,0.2558,89.19,89.01,81.87,59.27,,,
61,1,CA1-CA3,t1-7,7,20000,0.1259,1,0.008,-0.0737,-2,0.4609,0.2535,89.94,70.61,88.96,79.95,,,
61,1,CA1-CA3,t1-10,10,28149,-0.2676,9,0.415,-0.0727,-2,0.4691,0.2354,80.9,81.66,89.56,81.08,,,
61,1,CA1-CA3,late,10,32475,0.4385,16,0.4221,0.0377,0,0.4476,0.2182,73.92,65.35,,,,,
61,1,CA1-DG,t1-5,5,14530,0.2016,1,0.0208,-0.0124,0,0.4665,0.2151,66.68,89.89,89.77,83.23,,,
61,1,CA1-DG,t1-7,7,20000,0.2194,1,0.0247,-0.0233,0,0.4654,0.1729,74.73,76.26,88.38,75.58,,,
61,1,CA1-DG,t1-10,10,28149,0.1712,1,0.0149,-0.0354,0,0.4739,0.1813,84.71,74.99,87.5,75.78,,,
61,1,CA1-DG,late,10,32475,0.2264,1,0.0263,-0.0138,0,0.4559,0.1987,66.82,65.81,,,,,
61,1,CA1-V1,t1-5,5,14530,0.0239,0,0.0,0.0351,4,0.4612,0.4445,87.82,85.0,88.6,87.09,,,
61,1,CA1-V1,t1-7,7,20000,0.1226,2,0.0197,0.0076,0,0.4602,0.4665,81.95,78.26,88.65,86.98,,,
61,1,CA1-V1,t1-10,10,28149,0.1235,3,0.0346,0.0052,0,0.47,0.4498,82.43,89.17,86.84,84.21,,,
61,1,CA1-V1,late,10,32475,0.1183,1,0.007,-0.0052,5,0.4495,0.3815,89.09,83.7,,,,,
61,1,CA3-DG,t1-5,5,14530,0.2391,4,0.1665,-0.0394,0,0.28,0.2115,86.53,88.71,48.48,38.73,,,
61,1,CA3-DG,t1-7,7,20000,0.2332,4,0.1016,-0.045,0,0.2603,0.1711,55.3,69.63,46.75,38.24,,,
61,1,CA3-DG,t1-10,10,28149,0.1401,4,0.0931,-0.0627,0,0.2539,0.9402,86.81,23.48,54.37,89.03,,,
61,1,CA3-DG,late,10,32475,0.3183,5,0.1159,-0.0424,0,0.2328,0.1938,20.93,42.45,,,,,
61,1,V1-RSC,t1-5,5,14530,0.4131,1,0.0936,0.0291,0,0.4403,0.3804,63.02,67.74,89.15,89.26,,,
61,1,V1-RSC,t1-7,7,20000,0.3822,2,0.1087,0.0292,0,0.4603,0.3882,65.36,72.41,88.21,87.96,,,
61,1,V1-RSC,t1-10,10,28149,0.3679,2,0.1037,0.0106,0,0.4437,0.3918,45.88,53.48,86.91,86.92,,,
61,1,V1-RSC,late,10,32475,0.3484,5,0.1819,0.0054,0,0.3805,0.3067,61.55,62.22,,,,,
63,1,CA1-RSC,t1-5,5,15266,0.073,0,0.0,0.0591,3,0.0865,0.3383,58.73,64.76,58.74,76.22,,,
63,1,CA1-RSC,t1-7,7,21283,0.0825,2,0.0069,0.0575,2,0.09,0.3761,42.37,64.49,69.55,74.6,,,
63,1,CA1-RSC,t1-10,10,30004,0.1314,1,0.0087,0.0535,2,0.0936,0.3462,75.32,86.35,67.37,78.29,,,
63,1,CA1-RSC,late,10,26446,0.1088,1,0.006,0.0304,5,0.0778,0.3487,89.23,81.85,,,,,
66,1,CA1-RSC,t1-5,5,14644,-0.0191,5,0.0512,0.0331,0,0.3774,0.3251,79.94,82.49,83.17,88.13,,,
66,1,CA1-RSC,t1-7,7,20023,0.2023,1,0.0209,0.0023,0,0.374,0.2489,86.28,71.61,84.06,89.58,,,
66,1,CA1-RSC,t1-10,10,27751,0.1992,2,0.0272,0.0353,0,0.3856,0.2272,88.91,69.25,86.51,85.2,,,
66,1,CA1-RSC,late,10,23688,0.065,0,0.0,0.1067,5,0.2182,0.1201,71.24,83.43,,,,,
66,1,CA1-DG,t1-5,5,14644,0.2935,3,0.0833,0.0034,0,0.3804,0.1593,89.31,45.75,85.4,75.41,,,
66,1,CA1-DG,t1-7,7,20023,0.3029,3,0.0828,-0.006,0,0.3713,0.163,89.47,36.85,85.43,82.71,,,
66,1,CA1-DG,t1-10,10,27751,0.3032,3,0.0803,-0.0213,0,0.3894,0.1629,52.32,28.72,86.37,76.56,,,
66,1,CA1-DG,late,10,23688,0.2829,3,0.0687,0.0662,0,0.2182,0.1463,80.09,50.98,,,,,
66,1,CA1-V1,t1-5,5,14644,0.167,1,0.0141,0.0135,0,0.3631,0.0754,87.75,83.41,89.07,85.23,,,
66,1,CA1-V1,t1-7,7,20023,0.1311,1,0.0087,0.0147,0,0.3728,0.074,84.84,67.91,86.5,82.38,,,
66,1,CA1-V1,t1-10,10,27751,0.1363,1,0.0094,0.0109,0,0.3819,0.0702,87.54,71.0,89.55,81.28,,,
66,1,CA1-V1,late,10,23688,0.0774,0,0.0,-0.0205,0,0.2143,0.076,84.68,89.26,,,,,
66,1,CA1-SUB,t1-5,5,14644,0.1339,6,0.0691,0.0009,0,0.3782,0.0545,71.72,67.64,84.1,59.33,,,
66,1,CA1-SUB,t1-7,7,20023,0.1568,2,0.0177,-0.0129,0,0.3574,0.0618,80.01,53.08,86.81,56.11,,,
66,1,CA1-SUB,t1-10,10,27751,0.1401,3,0.0196,-0.0183,0,0.3867,0.0669,55.28,47.43,86.64,51.1,,,
66,1,CA1-SUB,late,10,23688,0.1081,1,0.0059,-0.0144,0,0.2178,0.0667,71.92,61.74,,,,,
66,1,RSC-SUB,t1-5,5,14644,0.1029,8,0.0783,-0.0353,-8,0.3429,0.0551,75.95,68.19,82.0,85.85,,,
66,1,RSC-SUB,t1-7,7,20023,0.0919,1,0.0042,-0.0201,0,0.2555,0.0624,82.87,78.03,68.76,79.02,,,
66,1,RSC-SUB,t1-10,10,27751,0.0635,1,0.002,-0.003,2,0.243,0.0674,83.28,86.92,74.67,84.52,,,
66,1,RSC-SUB,late,10,23688,0.0536,0,0.0,0.0077,0,0.1353,0.0663,88.46,75.78,,,,,
66,1,V1-RSC,t1-5,5,14644,0.0636,4,0.0531,0.0244,3,0.0866,0.3264,81.49,87.43,83.52,85.71,,,
66,1,V1-RSC,t1-7,7,20023,0.1363,1,0.0094,0.0389,3,0.0686,0.2491,71.0,81.04,86.09,82.63,,,
66,1,V1-RSC,t1-10,10,27751,0.131,1,0.0087,0.0281,3,0.0952,0.2275,71.05,77.48,83.53,78.75,,,
66,1,V1-RSC,late,10,23688,0.0926,1,0.0043,-0.0257,0,0.1091,0.1203,63.52,72.26,,,,,
68,1,CA1-RSC,t1-5,5,13339,0.0838,0,0.0,0.073,1,0.3565,0.1001,71.15,72.0,74.84,73.59,,,
68,1,CA1-RSC,t1-7,7,17636,0.081,0,0.0,0.0521,1,0.3857,0.104,88.65,60.72,79.55,61.68,,,
68,1,CA1-RSC,t1-10,10,24389,0.0886,0,0.0,0.0552,3,0.2115,0.1124,73.06,77.87,73.71,65.95,,,
68,1,CA1-RSC,late,10,24728,0.0867,1,0.0038,-0.0018,0,0.0883,0.0922,81.5,85.27,,,,,
68,1,CA1-CA3,t1-5,5,13339,0.3617,4,0.1937,-0.0158,0,0.4266,0.6126,26.51,11.73,84.1,89.82,,,
68,1,CA1-CA3,t1-7,7,17636,0.3686,4,0.2049,-0.0134,0,0.4372,0.6073,22.99,10.65,84.52,89.81,,,
68,1,CA1-CA3,t1-10,10,24389,0.4267,4,0.1471,-0.0174,0,0.2363,0.601,27.73,13.46,74.69,89.68,,,
68,1,CA1-CA3,late,10,24728,0.3934,3,0.1047,-0.0216,0,0.1099,0.151,43.25,40.15,,,,,
68,1,CA1-DG,t1-5,5,13339,0.2713,2,0.0533,-0.0319,0,0.3566,0.1807,87.52,83.83,85.99,63.92,,,
68,1,CA1-DG,t1-7,7,17636,0.2677,2,0.0545,-0.0473,0,0.3858,0.176,87.16,72.5,87.71,68.95,,,
68,1,CA1-DG,t1-10,10,24389,0.2577,2,0.0516,-0.0532,0,0.2112,0.1781,42.79,58.76,84.1,64.45,,,
68,1,CA1-DG,late,10,24728,0.3211,2,0.0678,-0.0559,0,0.0888,0.1857,86.96,82.61,,,,,
68,1,CA3-DG,t1-5,5,13339,0.3686,4,0.1443,-0.0098,0,0.6122,0.2298,13.88,28.24,87.82,83.63,,,
68,1,CA3-DG,t1-7,7,17636,0.3478,3,0.1144,-0.0164,0,0.6048,0.2242,12.58,21.74,87.45,88.1,,,
68,1,CA3-DG,t1-10,10,24389,0.3147,4,0.1169,-0.0286,0,0.6069,0.2116,12.15,19.44,87.31,87.68,,,
68,1,CA3-DG,late,10,24728,0.3351,4,0.1116,0.0619,0,0.151,0.2343,39.23,55.26,,,,,
70,0,CA1-RSC,t1-5,5,29041,0.2374,12,0.5553,0.0192,-2,0.4367,0.5297,88.64,84.21,86.44,77.44,,,
70,0,CA1-RSC,t1-7,7,41862,0.7649,16,2.0094,0.0456,-2,0.4266,0.5174,81.68,89.5,88.31,89.98,,,
70,0,CA1-RSC,t1-10,10,60074,0.43,18,0.7906,0.0583,0,0.377,0.5016,78.26,76.83,88.14,87.51,,,
70,0,CA1-RSC,late,10,40721,-0.1176,10,0.4332,0.0207,0,0.4308,0.5049,73.06,71.89,,,,,
70,0,CA1-DG,t1-5,5,29041,-0.9203,9,1.4977,-0.0705,0,0.4367,0.3896,75.26,70.06,78.58,86.15,,,
70,0,CA1-DG,t1-7,7,41862,-0.4978,9,1.5507,-0.0909,0,0.4271,0.3342,85.27,69.17,78.24,80.87,,,
70,0,CA1-DG,t1-10,10,60074,0.167,10,0.5712,-0.0823,0,0.3758,0.2988,76.56,69.13,75.36,75.74,,,
70,0,CA1-DG,late,10,40721,0.1607,9,0.2409,-0.0635,0,0.4311,0.2626,74.02,87.64,,,,,
70,0,CA1-V1,t1-5,5,29041,0.3408,15,1.0488,-0.0162,0,0.434,0.3618,69.35,85.7,88.56,87.67,,,
70,0,CA1-V1,t1-7,7,41862,0.9336,18,3.4218,-0.0189,0,0.4244,0.3472,84.89,89.37,88.11,81.32,,,
70,0,CA1-V1,t1-10,10,60074,0.4671,15,0.6409,-0.0187,0,0.3716,0.3377,82.34,70.49,89.67,87.59,,,
70,0,CA1-V1,late,10,40721,0.5743,10,1.0873,0.0082,0,0.4257,0.3287,58.68,42.42,,,,,
70,0,CA1-SUB,t1-5,5,29041,0.3829,16,0.3705,-0.0222,0,0.4361,0.3159,79.18,68.05,80.07,53.27,,,
70,0,CA1-SUB,t1-7,7,41862,0.1897,11,0.4478,-0.0202,0,0.4269,0.3125,64.34,48.75,78.75,48.98,,,
70,0,CA1-SUB,t1-10,10,60074,0.2174,17,0.2241,-0.0066,0,0.3788,0.2555,57.13,40.36,78.29,51.2,,,
70,0,CA1-SUB,late,10,40721,0.312,11,0.2334,-0.0322,0,0.4308,0.238,65.61,67.93,,,,,
70,0,RSC-SUB,t1-5,5,29041,0.3651,13,0.3623,0.0135,0,0.5266,0.3157,56.81,43.4,86.19,89.03,,,
70,0,RSC-SUB,t1-7,7,41862,0.427,9,0.5475,0.0258,0,0.516,0.3126,57.8,38.14,84.73,89.08,,,
70,0,RSC-SUB,t1-10,10,60074,-0.2109,14,0.8434,0.0307,0,0.5001,0.2552,61.31,66.57,83.99,82.12,,,
70,0,RSC-SUB,late,10,40721,0.5048,7,0.4068,0.0429,0,0.5045,0.2381,82.25,67.41,,,,,
70,0,V1-RSC,t1-5,5,29041,0.0671,7,0.4276,0.076,1,0.3627,0.5244,61.32,58.91,77.54,88.19,,,
70,0,V1-RSC,t1-7,7,41862,-0.4778,11,0.4887,0.0683,1,0.3476,0.5122,76.22,71.03,79.24,88.24,,,
70,0,V1-RSC,t1-10,10,60074,-0.387,13,0.6586,0.0515,1,0.3361,0.4978,83.28,83.13,70.55,86.4,,,
70,0,V1-RSC,late,10,40721,-0.0585,10,0.6921,0.0013,0,0.3284,0.5016,85.75,82.71,,,,,
71,0,CA1-RSC,t1-5,5,14277,-0.2443,8,0.4805,-0.0031,0,0.2941,0.5469,78.58,89.55,88.37,84.76,,,
71,0,CA1-RSC,t1-7,7,19427,0.2112,11,0.144,0.0159,0,0.2671,0.5384,85.77,89.14,87.9,89.68,,,
71,0,CA1-RSC,t1-10,10,27314,-0.1627,7,0.1384,-0.0055,0,0.273,0.554,79.48,76.61,88.69,89.35,,,
71,0,CA1-RSC,late,10,27236,-0.3449,7,0.4565,0.0343,0,0.1599,0.4825,87.08,81.07,,,,,
71,0,CA1-CA3,t1-5,5,14277,-0.3086,12,1.4268,-0.027,0,0.2968,0.3508,89.19,70.94,81.99,86.3,,,
71,0,CA1-CA3,t1-7,7,19427,0.4582,13,0.7641,-0.0244,0,0.2686,0.3569,84.16,71.63,78.85,87.98,,,
71,0,CA1-CA3,t1-10,10,27314,0.5194,8,0.6612,-0.0325,0,0.274,0.3803,56.32,47.53,77.62,87.97,,,
71,0,CA1-CA3,late,10,27236,0.592,11,0.9945,0.03,0,0.1594,0.3754,56.91,47.44,,,,,
71,0,CA1-DG,t1-5,5,14277,0.3725,10,0.2982,0.0106,0,0.2953,0.5349,65.37,87.63,73.32,89.87,,,
71,0,CA1-DG,t1-7,7,19427,0.3833,11,0.2973,0.0252,0,0.2677,0.5541,85.71,75.38,87.4,89.14,,,
71,0,CA1-DG,t1-10,10,27314,0.3905,11,0.3177,0.0404,0,0.2738,0.5441,54.04,60.88,88.11,87.56,,,
71,0,CA1-DG,late,10,27236,0.1851,3,0.0332,0.0482,0,0.1588,0.4435,69.91,65.28,,,,,
71,0,CA1-V1,t1-5,5,14277,-0.0129,5,0.697,-0.0063,0,0.2958,0.3249,86.64,89.77,86.72,88.27,,,
71,0,CA1-V1,t1-7,7,19427,-0.1067,2,0.1419,0.0089,4,0.2679,0.321,78.25,88.31,89.75,87.23,,,
71,0,CA1-V1,t1-10,10,27314,-0.3162,8,0.3458,-0.0023,0,0.2736,0.3133,74.67,87.11,89.12,87.7,,,
71,0,CA1-V1,late,10,27236,0.4121,11,0.8016,-0.0477,0,0.1601,0.2902,87.63,85.96,,,,,
71,0,CA3-DG,t1-5,5,14277,0.4989,14,0.5863,0.022,0,0.3512,0.5369,41.85,57.83,73.49,77.1,,,
71,0,CA3-DG,t1-7,7,19427,0.485,13,0.4109,0.0147,0,0.3542,0.5503,30.26,42.6,67.61,72.97,,,
71,0,CA3-DG,t1-10,10,27314,0.502,13,0.3628,-0.0035,0,0.3778,0.5412,43.81,46.27,63.56,73.01,,,
71,0,CA3-DG,late,10,27236,0.5123,7,0.3497,-0.026,0,0.3698,0.452,38.97,42.43,,,,,
71,0,CA1-SUB,t1-5,5,14277,-0.5478,6,0.806,0.0023,0,0.2967,0.2061,87.13,75.43,75.2,87.68,,,
71,0,CA1-SUB,t1-7,7,19427,0.0952,7,0.1605,0.0192,0,0.2684,0.2027,71.65,74.28,85.74,86.14,,,
71,0,CA1-SUB,t1-10,10,27314,0.2376,9,0.3368,0.0225,0,0.2739,0.1804,88.8,84.34,88.89,86.36,,,
71,0,CA1-SUB,late,10,27236,0.4369,5,0.4288,0.0378,0,0.16,0.2157,75.77,68.82,,,,,
71,0,RSC-SUB,t1-5,5,14277,0.8205,8,0.9359,-0.0135,0,0.5474,0.1951,74.97,87.54,81.5,87.61,,,
71,0,RSC-SUB,t1-7,7,19427,0.3294,7,0.1254,0.0024,0,0.539,0.1877,62.35,66.27,82.88,88.49,,,
71,0,RSC-SUB,t1-10,10,27314,0.3557,11,0.2701,-0.0034,0,0.5517,0.1736,55.81,36.6,87.16,88.85,,,
71,0,RSC-SUB,late,10,27236,0.4382,8,0.361,0.0088,0,0.4747,0.1985,85.63,82.96,,,,,
71,0,V1-RSC,t1-5,5,14277,-0.251,12,1.2342,0.0174,0,0.3185,0.5436,65.03,63.32,82.28,78.76,,,
71,0,V1-RSC,t1-7,7,19427,0.3093,6,0.1685,0.0344,0,0.3131,0.5349,60.62,65.85,79.86,80.25,,,
71,0,V1-RSC,t1-10,10,27314,0.0102,13,0.2862,0.0414,0,0.3051,0.5452,66.39,58.53,84.7,78.36,,,
71,0,V1-RSC,late,10,27236,0.552,9,0.7774,-0.0026,0,0.289,0.4701,55.99,59.43,,,,,
73,1,CA1-RSC,t1-5,5,23508,0.1808,2,0.0238,0.0737,0,0.5535,0.4659,74.81,69.54,89.11,89.76,,,
73,1,CA1-RSC,t1-7,7,31824,0.1278,1,0.0082,0.0591,0,0.3648,0.4606,56.5,88.18,87.41,89.09,,,
73,1,CA1-RSC,t1-10,10,43845,0.1304,1,0.0086,0.084,4,0.3126,0.4797,65.34,72.7,84.7,89.39,,,
73,1,CA1-RSC,late,10,22845,0.0324,0,0.0,-0.0488,-5,0.1931,0.4399,77.84,82.79,,,,,
73,1,CA1-DG,t1-5,5,23508,0.1166,9,0.3468,-0.0149,0,0.5434,0.3583,47.93,83.47,85.15,87.82,,,
73,1,CA1-DG,t1-7,7,31824,-0.0451,12,0.2187,0.0032,0,0.3638,0.3423,83.76,87.13,83.95,88.71,,,
73,1,CA1-DG,t1-10,10,43845,0.2057,2,0.042,-0.0006,0,0.3122,0.3568,77.04,50.87,81.27,87.58,,,
73,1,CA1-DG,late,10,22845,-0.1068,10,0.2021,-0.0257,0,0.1935,0.1169,79.16,86.02,,,,,
73,1,CA1-V1,t1-5,5,23508,0.4901,7,0.2972,-0.0045,0,0.5454,0.4039,75.34,89.46,82.8,76.82,,,
73,1,CA1-V1,t1-7,7,31824,0.6574,8,0.4097,-0.0116,0,0.3681,0.4158,77.3,72.48,87.5,77.69,,,
73,1,CA1-V1,t1-10,10,43845,0.3047,2,0.0509,0.0035,0,0.3117,0.3685,77.38,59.67,80.87,86.65,,,
73,1,CA1-V1,late,10,22845,0.2176,4,0.0816,0.023,9,0.202,0.1427,84.53,68.28,,,,,
73,1,CA1-SUB,t1-5,5,23508,0.5136,11,0.5557,0.0222,0,0.5587,0.1519,84.13,83.04,82.42,81.26,,,
73,1,CA1-SUB,t1-7,7,31824,0.2986,13,0.2795,0.0317,0,0.3653,0.1426,84.86,56.68,81.26,85.89,,,
73,1,CA1-SUB,t1-10,10,43845,0.1819,3,0.0232,0.0009,0,0.3128,0.132,83.32,57.5,76.61,88.04,,,
73,1,CA1-SUB,late,10,22845,-0.0922,13,0.2181,-0.0397,-2,0.1936,0.0646,87.51,87.26,,,,,
73,1,RSC-SUB,t1-5,5,23508,0.1389,1,0.0097,0.0077,0,0.4657,0.1473,65.99,67.26,82.18,81.38,,,
73,1,RSC-SUB,t1-7,7,31824,0.1694,1,0.0146,-0.0003,0,0.4628,0.1401,64.29,72.4,83.04,79.26,,,
73,1,RSC-SUB,t1-10,10,43845,0.1633,2,0.0182,0.0037,0,0.4773,0.1261,69.03,64.4,83.53,78.04,,,
73,1,RSC-SUB,late,10,22845,0.0553,0,0.0,-0.0513,-7,0.4417,0.0598,84.12,74.58,,,,,
73,1,V1-RSC,t1-5,5,23508,0.1346,1,0.0091,0.0632,4,0.434,0.4717,87.77,81.15,81.9,87.48,,,
73,1,V1-RSC,t1-7,7,31824,0.1241,1,0.0078,0.0687,4,0.4198,0.4621,61.76,70.21,76.78,85.53,,,
73,1,V1-RSC,t1-10,10,43845,0.1427,3,0.0179,0.0782,6,0.3697,0.4844,78.09,63.34,77.71,85.97,,,
73,1,V1-RSC,late,10,22845,0.1368,2,0.0195,0.192,6,0.1404,0.4438,58.13,52.55,,,,,
75,1,CA1-RSC,t1-5,5,12490,0.7101,10,1.2917,0.0481,-2,0.2979,0.6047,79.04,88.34,70.41,87.24,,,
75,1,CA1-RSC,t1-7,7,17129,0.7119,9,1.2007,0.0696,3,0.3293,0.6152,80.61,76.76,86.2,85.69,,,
75,1,CA1-RSC,t1-10,10,25623,0.554,17,1.0485,0.0906,3,0.2331,0.6135,80.31,78.03,73.84,86.48,,,
75,1,CA1-RSC,late,10,27884,0.8167,9,1.6722,0.1075,2,0.121,0.5769,78.62,87.4,,,,,
75,1,CA1-DG,t1-5,5,12490,0.8292,7,0.8802,-0.1446,-7,0.2974,0.4769,89.29,83.71,89.86,87.3,,,
75,1,CA1-DG,t1-7,7,17129,0.6919,10,0.7467,-0.1744,-7,0.3288,0.4666,80.21,83.44,89.01,88.32,,,
75,1,CA1-DG,t1-10,10,25623,0.8248,13,1.4668,-0.1006,-7,0.2329,0.4405,75.93,79.4,89.12,88.41,,,
75,1,CA1-DG,late,10,27884,0.2531,11,0.9337,-0.0002,0,0.1211,0.4151,86.27,84.21,,,,,
75,1,CA1-V1,t1-5,5,12490,0.5691,4,0.2841,0.0002,0,0.2967,0.2904,80.78,85.38,78.22,85.61,,,
75,1,CA1-V1,t1-7,7,17129,0.4735,3,0.1521,-0.0245,0,0.3282,0.2874,80.2,80.34,82.91,89.42,,,
75,1,CA1-V1,t1-10,10,25623,0.6952,10,1.1276,0.013,0,0.2322,0.2844,84.13,88.79,87.09,87.13,,,
75,1,CA1-V1,late,10,27884,-0.6215,5,0.104,-0.0044,0,0.1215,0.2656,79.86,76.14,,,,,
75,1,CA1-SUB,t1-5,5,12490,0.4521,10,0.4277,-0.0337,-5,0.2969,0.1271,86.23,88.97,80.42,85.64,,,
75,1,CA1-SUB,t1-7,7,17129,0.4285,11,0.8899,0.0037,0,0.3284,0.1452,77.59,86.69,74.37,85.9,,,
75,1,CA1-SUB,t1-10,10,25623,0.754,12,1.6153,-0.0099,0,0.2324,0.1227,87.49,81.03,71.23,82.92,,,
75,1,CA1-SUB,late,10,27884,0.824,10,1.1119,-0.0199,0,0.1213,0.1364,69.17,71.78,,,,,
75,1,RSC-SUB,t1-5,5,12490,0.7662,10,0.763,-0.0235,0,0.6046,0.1149,71.01,70.89,83.23,80.59,,,
75,1,RSC-SUB,t1-7,7,17129,0.6429,11,0.5955,-0.024,0,0.6109,0.1284,84.02,83.91,85.38,81.19,,,
75,1,RSC-SUB,t1-10,10,25623,0.6582,16,0.7302,-0.0057,0,0.6135,0.1146,76.51,84.98,84.18,79.6,,,
75,1,RSC-SUB,late,10,27884,0.7834,8,2.1248,-0.0131,0,0.5764,0.1289,81.29,83.75,,,,,
75,1,V1-RSC,t1-5,5,12490,0.4479,10,0.9589,0.0065,0,0.279,0.5957,43.67,57.49,65.91,80.11,,,
75,1,V1-RSC,t1-7,7,17129,0.4113,9,0.5685,0.0063,0,0.2794,0.6015,36.15,53.21,65.3,79.33,,,
75,1,V1-RSC,t1-10,10,25623,0.726,12,1.3578,0.007,0,0.2821,0.6121,46.64,46.86,61.32,77.45,,,
75,1,V1-RSC,late,10,27884,-0.6977,10,2.3292,0.0288,0,0.2637,0.5693,63.79,68.66,,,,,
77,1,CA1-RSC,t1-5,5,16606,0.0969,1,0.0047,0.0003,0,0.1387,0.5118,62.61,89.12,77.3,85.44,,,
77,1,CA1-RSC,t1-7,7,24058,0.116,1,0.0068,-0.0272,0,0.1508,0.531,72.24,73.43,75.81,84.13,,,
77,1,CA1-RSC,t1-10,10,34692,0.1215,1,0.0074,-0.0293,0,0.1678,0.5202,72.94,88.62,66.72,84.52,,,
77,1,CA1-RSC,late,10,25586,0.3316,6,0.1743,0.0345,2,0.1112,0.4826,56.81,74.4,,,,,
77,1,CA1-DG,t1-5,5,16606,-0.1389,3,0.0489,-0.0391,-4,0.1893,0.6236,65.47,85.02,75.31,79.59,,,
77,1,CA1-DG,t1-7,7,24058,-0.0631,2,0.0498,-0.0596,0,0.2515,0.6122,53.44,60.88,66.97,79.2,,,
77,1,CA1-DG,t1-10,10,34692,-0.0421,3,0.0753,-0.0608,0,0.2417,0.6526,57.97,35.53,68.11,74.24,,,
77,1,CA1-DG,late,10,25586,-0.0881,2,0.0455,0.028,0,0.1922,0.2074,51.91,83.33,,,,,
77,1,CA1-V1,t1-5,5,16606,0.1525,5,0.0252,0.0037,-9,0.1427,0.1228,79.48,85.52,63.79,76.76,,,
77,1,CA1-V1,t1-7,7,24058,-0.172,6,0.1228,0.0304,0,0.1523,0.1268,76.97,86.12,50.01,74.99,,,
77,1,CA1-V1,t1-10,10,34692,-0.1637,5,0.1037,0.0564,0,0.1692,0.1742,81.26,81.3,51.4,81.07,,,
77,1,CA1-V1,late,10,25586,0.2173,4,0.067,-0.0121,0,0.1111,0.0909,83.23,87.24,,,,,
77,1,CA1-SUB,t1-5,5,16606,-0.1677,1,0.0012,0.0272,2,0.2109,0.298,59.91,78.51,82.38,86.37,,,
77,1,CA1-SUB,t1-7,7,24058,-0.2048,1,0.0179,0.0401,-4,0.1649,0.229,88.21,89.88,76.7,77.86,,,
77,1,CA1-SUB,t1-10,10,34692,-0.216,2,0.0399,0.0305,-4,0.1493,0.2219,84.54,71.98,81.72,78.53,,,
77,1,CA1-SUB,late,10,25586,0.0132,0,0.0,-0.003,-9,0.2114,0.2078,80.02,62.44,,,,,
77,1,RSC-SUB,t1-5,5,16606,0.0629,1,0.0046,0.0346,3,0.5049,0.2961,77.7,21.7,86.39,40.57,,,
77,1,RSC-SUB,t1-7,7,24058,0.0568,0,0.0,0.0412,3,0.5199,0.2275,70.1,27.57,85.88,37.79,,,
77,1,RSC-SUB,t1-10,10,34692,0.0662,3,0.0074,-0.021,-3,0.5074,0.2213,73.47,89.39,87.24,38.91,,,
77,1,RSC-SUB,late,10,25586,0.0433,0,0.0,0.0254,5,0.4983,0.2085,82.13,87.61,,,,,
77,1,V1-RSC,t1-5,5,16606,0.2134,1,0.0233,0.0135,5,0.1353,0.5095,49.49,59.41,55.98,84.75,,,
77,1,V1-RSC,t1-7,7,24058,0.2043,2,0.0452,0.0131,5,0.1244,0.5298,48.74,48.18,51.56,86.99,,,
77,1,V1-RSC,t1-10,10,34692,0.2507,2,0.0583,0.0106,0,0.1261,0.5256,28.62,42.08,54.18,86.27,,,
77,1,V1-RSC,late,10,25586,-0.0517,4,0.1051,0.0006,-3,0.0719,0.4855,16.05,53.86,,,,,
98,0,CA1-RSC,t1-5,5,23437,0.1117,1,0.0063,0.1826,3,0.3386,0.2339,88.12,89.43,68.7,85.86,,,
98,0,CA1-RSC,t1-7,7,32598,-0.0905,11,0.2175,0.1921,3,0.3421,0.2156,89.95,52.27,67.03,89.04,,,
98,0,CA1-RSC,t1-10,10,44698,0.1193,1,0.0072,0.1831,3,0.3086,0.1736,61.39,54.14,70.9,87.84,,,
98,0,CA1-RSC,late,10,31435,0.0872,1,0.0038,0.0872,3,0.1254,0.2056,70.82,76.85,,,,,
98,0,CA1-CA3,t1-5,5,23437,0.3466,4,0.2251,-0.0188,0,0.4781,0.9584,67.42,11.85,87.92,87.82,,,
98,0,CA1-CA3,t1-7,7,32598,0.3589,3,0.0965,-0.0193,0,0.3444,0.1348,83.98,81.45,30.88,12.18,,,
98,0,CA1-CA3,t1-10,10,44698,0.4454,3,0.155,-0.0092,0,0.4163,0.1415,35.1,19.88,23.1,10.98,,,
98,0,CA1-CA3,late,10,31435,0.4697,3,0.1549,0.0393,0,0.2822,0.1388,25.39,7.91,,,,,
100,0,CA1-RSC,t1-5,5,14955,0.6188,8,0.7392,0.0252,0,0.405,0.4526,87.36,81.89,85.67,88.07,,,
100,0,CA1-RSC,t1-7,7,19795,0.4622,6,0.2221,0.0505,0,0.3776,0.4606,88.88,84.64,87.68,89.54,,,
100,0,CA1-RSC,t1-10,10,28064,0.1089,1,0.006,0.0477,0,0.4025,0.4607,84.32,82.8,88.04,89.83,,,
100,0,CA1-RSC,late,10,24146,0.2624,10,0.1401,-0.0168,0,0.3779,0.3978,79.66,85.05,,,,,
100,0,CA1-DG,t1-5,5,14955,0.4379,2,0.136,-0.0505,0,0.4007,0.4509,67.3,57.01,82.46,71.72,,,
100,0,CA1-DG,t1-7,7,19795,0.4384,2,0.1336,-0.0422,0,0.3716,0.4548,74.05,78.4,80.33,70.3,,,
100,0,CA1-DG,t1-10,10,28064,0.4411,2,0.138,-0.04,0,0.3976,0.4614,68.52,64.59,81.95,69.4,,,
100,0,CA1-DG,late,10,24146,0.3733,2,0.0958,-0.0075,0,0.376,0.4334,60.35,59.91,,,,,
100,0,CA1-V1,t1-5,5,14955,0.6356,12,0.6558,-0.0226,0,0.4014,0.3819,85.63,78.93,84.59,87.52,,,
100,0,CA1-V1,t1-7,7,19795,0.4621,10,0.4382,-0.012,0,0.3738,0.3836,86.02,71.81,79.85,79.89,,,
100,0,CA1-V1,t1-10,10,28064,0.2074,1,0.022,-0.0268,0,0.4003,0.3864,78.64,86.01,78.91,74.74,,,
100,0,CA1-V1,late,10,24146,-0.065,11,0.1694,-0.0006,0,0.3761,0.3523,71.74,83.03,,,,,
100,0,CA1-SUB,t1-5,5,14955,0.2163,13,0.8799,-0.038,0,0.4069,0.3871,85.33,85.29,89.8,86.67,,,
100,0,CA1-SUB,t1-7,7,19795,0.4416,12,0.6149,-0.0227,0,0.3776,0.3866,85.32,84.88,88.25,89.38,,,
100,0,CA1-SUB,t1-10,10,28064,0.1212,1,0.0074,-0.0371,0,0.4024,0.3765,86.44,89.22,80.45,88.28,,,
100,0,CA1-SUB,late,10,24146,0.1579,10,0.1339,0.045,0,0.3779,0.3406,80.56,80.65,,,,,
100,0,RSC-SUB,t1-5,5,14955,0.6513,11,0.856,0.0128,0,0.4538,0.3866,82.52,84.2,88.06,75.49,,,
100,0,RSC-SUB,t1-7,7,19795,0.482,10,0.5027,0.0176,0,0.4593,0.386,87.56,85.01,89.98,80.58,,,
100,0,RSC-SUB,t1-10,10,28064,0.1416,1,0.0101,0.0096,0,0.4605,0.3752,76.2,85.75,84.54,79.48,,,
100,0,RSC-SUB,late,10,24146,-0.1202,13,0.2197,-0.009,0,0.3978,0.3478,88.39,84.7,,,,,
100,0,V1-RSC,t1-5,5,14955,0.7011,9,1.1159,0.0359,0,0.3777,0.4385,52.96,55.62,69.29,87.91,,,
100,0,V1-RSC,t1-7,7,19795,0.5644,9,0.6977,0.0287,0,0.3786,0.4466,61.52,59.51,68.23,89.79,,,
100,0,V1-RSC,t1-10,10,28064,0.2686,3,0.0954,0.0245,0,0.38,0.4426,71.3,72.69,67.64,88.55,,,
100,0,V1-RSC,late,10,24146,0.1054,13,0.2527,0.0245,0,0.3496,0.3848,72.13,76.77,,,,,
