animal,learner,pair,ordinal,trial_id,n_bins,cc1,ifi,optimal_lag,gini_part_x,gini_part_y
28,1,CA1-CA3,1,1,2626,0.2248,-0.002,0,0.5854,0.764
28,1,CA1-CA3,2,2,2822,0.1879,-0.1469,0,0.541,0.7245
28,1,CA1-CA3,4,4,3609,0.1988,-0.1046,0,0.5646,0.7686
28,1,CA1-CA3,7,7,2785,0.201,0.3068,0,0.6003,0.8104
28,1,CA1-CA3,10,10,3121,0.1726,0.1553,0,0.5675,0.7516
28,1,CA1-DG,1,1,2626,0.289,-0.1209,0,0.6045,0.584
28,1,CA1-DG,2,2,2822,0.3093,-0.1079,0,0.6039,0.5907
28,1,CA1-DG,4,4,3609,0.2803,-0.0691,0,0.6177,0.6315
28,1,CA1-DG,7,7,2785,0.3083,-0.1855,0,0.6094,0.5788
28,1,CA1-DG,10,10,3121,0.2949,-0.3368,0,0.6247,0.5922
28,1,CA1-V1,1,1,2626,0.0681,0.0102,-10,0.4665,0.4035
28,1,CA1-V1,2,2,2822,0.0852,0.0241,3,0.4691,0.4692
28,1,CA1-V1,4,4,3609,0.1199,-0.0143,-8,0.5004,0.4626
28,1,CA1-V1,7,7,2785,0.1921,-0.0398,-3,0.5686,0.4689
28,1,CA1-V1,10,10,3121,0.1936,-0.0131,-5,0.582,0.4975
28,1,CA3-DG,1,1,2626,0.5301,0.2103,0,0.7197,0.6111
28,1,CA3-DG,2,2,2822,0.4918,0.048,0,0.7797,0.5903
28,1,CA3-DG,4,4,3609,0.5214,-0.0304,0,0.7657,0.5608
28,1,CA3-DG,7,7,2785,0.5183,-0.067,0,0.769,0.5691
28,1,CA3-DG,10,10,3121,0.5488,-0.0551,0,0.803,0.5978
34,1,CA1-CA3,1,1,3889,0.461,0.0206,0,0.6397,0.539
34,1,CA1-CA3,2,2,2595,0.4438,0.0399,0,0.6299,0.5524
34,1,CA1-CA3,4,4,2520,0.4275,-0.0216,0,0.6385,0.4851
34,1,CA1-CA3,7,7,2442,0.433,0.0569,0,0.6453,0.4591
34,1,CA1-CA3,10,10,2423,0.4845,-0.0415,0,0.6201,0.5161
34,1,CA1-V1,1,1,3889,0.0245,-0.4845,-10,0.6,0.4738
34,1,CA1-V1,2,2,2595,0.0216,0.1429,9,0.5671,0.4523
34,1,CA1-V1,4,4,2520,0.0932,-0.0701,-5,0.5567,0.4598
34,1,CA1-V1,7,7,2442,0.0389,0.1074,4,0.5749,0.4795
34,1,CA1-V1,10,10,2423,0.0828,-0.0048,-2,0.4982,0.478
36,1,CA1-CA3,1,1,3789,0.329,0.2811,0,0.6148,0.5123
36,1,CA1-CA3,2,2,3049,0.3024,0.5165,1,0.6145,0.5454
36,1,CA1-CA3,4,4,2806,0.2701,0.658,1,0.648,0.5233
36,1,CA1-CA3,7,7,2526,0.279,0.5232,0,0.6658,0.4723
36,1,CA1-CA3,10,10,2514,0.2926,0.5316,1,0.601,0.5206
36,1,CA1-V1,1,1,3789,0.0058,-0.5534,-6,0.5845,0.4782
36,1,CA1-V1,2,2,3049,0.0451,-0.121,-9,0.5893,0.5321
36,1,CA1-V1,4,4,2806,0.0789,0.0787,5,0.601,0.5346
36,1,CA1-V1,7,7,2526,0.0774,-0.1722,-1,0.6548,0.5051
36,1,CA1-V1,10,10,2514,0.0424,-0.1703,-3,0.5863,0.461
41,1,CA1-CA3,1,1,3838,0.5328,0.145,0,0.7171,0.6988
41,1,CA1-CA3,2,2,3160,0.5126,0.097,0,0.7637,0.7108
41,1,CA1-CA3,4,4,2645,0.5296,0.1345,0,0.7147,0.6866
41,1,CA1-CA3,7,7,2328,0.5118,0.1816,0,0.7015,0.7044
41,1,CA1-CA3,10,10,2425,0.4869,0.182,0,0.7324,0.6741
41,1,CA1-V1,1,1,3838,0.1091,-0.0813,0,0.5087,0.4719
41,1,CA1-V1,2,2,3160,-0.0006,0.0,0,0.4951,0.4693
41,1,CA1-V1,4,4,2645,-0.0009,-0.71,-10,0.6103,0.474
41,1,CA1-V1,7,7,2328,0.0259,-0.1005,-8,0.6482,0.4601
41,1,CA1-V1,10,10,2425,0.1366,-0.0365,-5,0.6594,0.4687
52,1,CA1-RSC,1,1,3813,0.035,0.3406,5,0.5397,0.4974
52,1,CA1-RSC,2,2,3705,0.0122,-0.0701,-2,0.5293,0.4966
52,1,CA1-RSC,4,4,4127,0.0189,0.7805,3,0.5741,0.5514
52,1,CA1-RSC,7,7,3491,0.0122,0.4889,3,0.5467,0.5024
52,1,CA1-RSC,10,10,3416,0.0038,-0.0256,8,0.5069,0.4671
52,1,CA1-CA3,1,1,3813,0.1829,0.1119,0,0.6335,0.49
52,1,CA1-CA3,2,2,3705,0.1618,0.2601,0,0.6121,0.501
52,1,CA1-CA3,4,4,4127,0.212,0.2837,0,0.6001,0.4787
52,1,CA1-CA3,7,7,3491,0.1333,0.5089,0,0.6199,0.5295
52,1,CA1-CA3,10,10,3416,0.192,0.5647,0,0.5868,0.5059
52,1,CA1-DG,1,1,3813,0.2416,0.1077,0,0.5744,0.5293
52,1,CA1-DG,2,2,3705,0.2545,-0.0854,0,0.5787,0.5269
52,1,CA1-DG,4,4,4127,0.2193,-0.0938,0,0.5938,0.5147
52,1,CA1-DG,7,7,3491,0.203,-0.0885,0,0.551,0.5294
52,1,CA1-DG,10,10,3416,0.2028,0.3962,0,0.5519,0.5396
52,1,CA1-V1,1,1,3813,0.0311,0.0162,2,0.5072,0.5318
52,1,CA1-V1,2,2,3705,0.0814,-0.0492,1,0.4608,0.5015
52,1,CA1-V1,4,4,4127,0.0124,0.7405,2,0.4343,0.5445
52,1,CA1-V1,7,7,3491,0.0472,0.2067,9,0.49,0.5136
52,1,CA1-V1,10,10,3416,0.0642,0.1991,10,0.4974,0.4898
52,1,CA3-DG,1,1,3813,0.5053,-0.1061,0,0.5583,0.497
52,1,CA3-DG,2,2,3705,0.4874,-0.0942,0,0.5631,0.4974
52,1,CA3-DG,4,4,4127,0.4988,0.0325,0,0.5252,0.4692
52,1,CA3-DG,7,7,3491,0.4608,-0.0398,0,0.5467,0.4976
52,1,CA3-DG,10,10,3416,0.5166,-0.1092,0,0.5533,0.512
52,1,V1-RSC,1,1,3813,0.2339,-0.0422,0,0.4612,0.5029
52,1,V1-RSC,2,2,3705,0.2644,0.0226,0,0.477,0.5319
52,1,V1-RSC,4,4,4127,0.1506,-0.0604,-3,0.4792,0.5289
52,1,V1-RSC,7,7,3491,0.1449,-0.0134,0,0.4836,0.5037
52,1,V1-RSC,10,10,3416,0.21,0.0138,0,0.4887,0.4799
61,1,CA1-RSC,1,1,3292,0.1368,-0.1248,0,0.498,0.4686
61,1,CA1-RSC,2,2,2822,0.1023,-0.144,0,0.5213,0.4824
61,1,CA1-RSC,4,4,2841,0.1106,0.5891,0,0.4856,0.4791
61,1,CA1-RSC,7,7,2832,0.1236,0.035,0,0.4895,0.5077
61,1,CA1-RSC,10,10,2675,0.1324,0.1477,0,0.5159,0.4834
61,1,CA1-CA3,1,1,3292,0.0642,0.5914,3,0.5538,0.6029
61,1,CA1-CA3,2,2,2822,0.0888,0.8247,0,0.5543,0.6507
61,1,CA1-CA3,4,4,2841,0.1304,0.6335,3,0.543,0.6144
61,1,CA1-CA3,7,7,2832,0.1308,0.5856,3,0.5358,0.6585
61,1,CA1-CA3,10,10,2675,0.181,0.5012,0,0.5586,0.665
61,1,CA1-DG,1,1,3292,0.2257,0.3806,0,0.5531,0.6341
61,1,CA1-DG,2,2,2822,0.2341,0.2927,0,0.5739,0.6567
61,1,CA1-DG,4,4,2841,0.2608,0.4451,0,0.5707,0.6279
61,1,CA1-DG,7,7,2832,0.2407,0.2885,0,0.5615,0.6526
61,1,CA1-DG,10,10,2675,0.2686,0.0978,0,0.5711,0.6252
61,1,CA1-V1,1,1,3292,0.0831,-0.0245,0,0.5407,0.4677
61,1,CA1-V1,2,2,2822,0.0014,0.0,0,0.5661,0.5054
61,1,CA1-V1,4,4,2841,0.0666,-0.181,0,0.5412,0.47
61,1,CA1-V1,7,7,2832,0.0249,0.2554,0,0.5128,0.4792
61,1,CA1-V1,10,10,2675,0.1027,0.0975,0,0.5788,0.5034
61,1,CA3-DG,1,1,3292,0.3118,-0.2303,0,0.5976,0.5842
61,1,CA3-DG,2,2,2822,0.3026,-0.2348,0,0.5748,0.6595
61,1,CA3-DG,4,4,2841,0.3208,-0.0827,0,0.5948,0.5767
61,1,CA3-DG,7,7,2832,0.2811,-0.0937,0,0.564,0.5572
61,1,CA3-DG,10,10,2675,0.3703,-0.0264,0,0.5652,0.5787
61,1,V1-RSC,1,1,3292,0.0566,-0.321,0,0.5081,0.5066
61,1,V1-RSC,2,2,2822,0.1659,-0.033,1,0.5335,0.5005
61,1,V1-RSC,4,4,2841,0.1573,0.0074,0,0.5069,0.5055
61,1,V1-RSC,7,7,2832,0.2252,0.006,0,0.5082,0.4902
61,1,V1-RSC,10,10,2675,0.3331,0.0281,0,0.5225,0.4711
63,1,CA1-RSC,1,1,3566,0.0738,-0.7505,-1,0.6009,0.5488
63,1,CA1-RSC,2,2,2965,0.0975,-0.5969,-2,0.6105,0.499
63,1,CA1-RSC,4,4,3147,0.0877,-0.8009,-2,0.5938,0.4999
63,1,CA1-RSC,7,7,3022,0.0843,-0.5673,-1,0.5915,0.4914
63,1,CA1-RSC,10,10,3051,0.0625,-0.5577,-2,0.5806,0.5492
66,1,CA1-RSC,1,1,4025,-0.0033,0.272,8,0.5607,0.4485
66,1,CA1-RSC,2,2,2880,0.0177,0.2108,-9,0.5153,0.4205
66,1,CA1-RSC,4,4,2439,0.0506,0.2434,7,0.533,0.4523
66,1,CA1-RSC,7,7,3016,0.034,0.4944,7,0.4684,0.4631
66,1,CA1-RSC,10,10,2424,0.0436,0.1223,7,0.5444,0.4599
66,1,CA1-DG,1,1,4025,0.2715,0.4568,0,0.6205,0.5032
66,1,CA1-DG,2,2,2880,0.2974,0.0086,0,0.6111,0.5099
66,1,CA1-DG,4,4,2439,0.2785,0.0911,0,0.6055,0.5105
66,1,CA1-DG,7,7,3016,0.2802,0.0963,0,0.5532,0.5063
66,1,CA1-DG,10,10,2424,0.3417,-0.2478,0,0.5793,0.5051
66,1,CA1-V1,1,1,4025,0.01,0.0954,10,0.5886,0.5774
66,1,CA1-V1,2,2,2880,0.1302,0.0329,8,0.5962,0.512
66,1,CA1-V1,4,4,2439,0.0385,0.222,1,0.6003,0.5683
66,1,CA1-V1,7,7,3016,0.0389,0.2361,1,0.5712,0.5725
66,1,CA1-V1,10,10,2424,0.0664,-0.136,3,0.6077,0.5395
66,1,CA1-SUB,1,1,4025,0.0786,0.1786,0,0.5323,0.5485
66,1,CA1-SUB,2,2,2880,0.0753,-0.0238,-4,0.5038,0.5194
66,1,CA1-SUB,4,4,2439,0.0574,-0.252,-4,0.5298,0.5504
66,1,CA1-SUB,7,7,3016,0.1147,0.1432,0,0.5237,0.4751
66,1,CA1-SUB,10,10,2424,0.1096,-0.1973,0,0.5262,0.4816
66,1,RSC-SUB,1,1,4025,0.0539,-0.2943,-2,0.4315,0.403
66,1,RSC-SUB,2,2,2880,0.0536,-0.113,-2,0.3637,0.4341
66,1,RSC-SUB,4,4,2439,0.0528,0.0519,-1,0.4145,0.383
66,1,RSC-SUB,7,7,3016,0.0556,0.0122,4,0.4153,0.3744
66,1,RSC-SUB,10,10,2424,0.0556,0.1371,3,0.4576,0.3763
66,1,V1-RSC,1,1,4025,0.1568,0.0397,4,0.391,0.498
66,1,V1-RSC,2,2,2880,0.1214,0.081,3,0.4429,0.4864
66,1,V1-RSC,4,4,2439,0.0917,0.0325,1,0.4266,0.4626
66,1,V1-RSC,7,7,3016,0.0748,0.3438,3,0.4504,0.4361
66,1,V1-RSC,10,10,2424,0.0591,0.029,2,0.3692,0.4891
68,1,CA1-RSC,1,1,3232,0.07,0.5117,2,0.6493,0.5745
68,1,CA1-RSC,2,2,2667,0.052,0.4471,1,0.6047,0.6335
68,1,CA1-RSC,4,4,2417,0.0764,0.1757,1,0.6411,0.6161
68,1,CA1-RSC,7,7,2075,0.1569,0.0358,0,0.6041,0.6061
68,1,CA1-RSC,10,10,2119,0.1,0.3284,0,0.627,0.6418
68,1,CA1-CA3,1,1,3232,0.412,0.1003,0,0.6672,0.645
68,1,CA1-CA3,2,2,2667,0.437,0.1107,0,0.6493,0.5526
68,1,CA1-CA3,4,4,2417,0.4098,0.0651,0,0.6569,0.6068
68,1,CA1-CA3,7,7,2075,0.4435,0.1638,0,0.6729,0.6125
68,1,CA1-CA3,10,10,2119,0.4165,0.0309,0,0.6676,0.6033
68,1,CA1-DG,1,1,3232,0.2847,0.2329,0,0.627,0.6191
68,1,CA1-DG,2,2,2667,0.2582,0.0277,0,0.6173,0.6381
68,1,CA1-DG,4,4,2417,0.2313,0.1827,0,0.6135,0.5805
68,1,CA1-DG,7,7,2075,0.2205,0.0776,0,0.6503,0.5693
68,1,CA1-DG,10,10,2119,0.2332,0.208,0,0.6904,0.6175
68,1,CA3-DG,1,1,3232,0.3206,-0.1876,0,0.6552,0.46
68,1,CA3-DG,2,2,2667,0.2747,-0.2524,0,0.5918,0.4671
68,1,CA3-DG,4,4,2417,0.2718,-0.4251,0,0.6057,0.449
68,1,CA3-DG,7,7,2075,0.3071,-0.2006,0,0.5793,0.5165
68,1,CA3-DG,10,10,2119,0.2641,-0.2177,0,0.6335,0.5236
70,0,CA1-RSC,1,1,5773,0.0672,0.398,0,0.4929,0.4802
70,0,CA1-RSC,2,2,5195,0.067,0.2973,0,0.5223,0.4771
70,0,CA1-RSC,4,4,5417,0.0602,-0.0211,0,0.4864,0.4824
70,0,CA1-RSC,7,7,5622,0.0577,0.2115,0,0.5162,0.4842
70,0,CA1-RSC,10,10,5747,0.071,0.227,2,0.5237,0.4961
70,0,CA1-DG,1,1,5773,-0.9643,-0.2214,-4,0.0708,0.0261
70,0,CA1-DG,2,2,5195,0.2414,-0.1472,0,0.5193,0.7159
70,0,CA1-DG,4,4,5417,0.2758,0.0327,0,0.5034,0.7067
70,0,CA1-DG,7,7,5622,0.2572,-0.0314,0,0.4904,0.6974
70,0,CA1-DG,10,10,5747,0.3082,0.0404,0,0.5153,0.7217
70,0,CA1-V1,1,1,5773,-0.9096,-0.6639,-3,0.0841,0.0545
70,0,CA1-V1,2,2,5195,0.2116,-0.0255,0,0.5609,0.4593
70,0,CA1-V1,4,4,5417,0.2286,0.0029,0,0.5972,0.4839
70,0,CA1-V1,7,7,5622,0.205,-0.0337,0,0.58,0.452
70,0,CA1-V1,10,10,5747,0.2159,-0.035,0,0.563,0.4633
70,0,CA1-SUB,1,1,5773,0.9963,-0.0018,0,0.0745,0.1019
70,0,CA1-SUB,2,2,5195,0.1757,-0.5792,0,0.5019,0.6495
70,0,CA1-SUB,4,4,5417,0.1483,-0.2651,0,0.4989,0.6652
70,0,CA1-SUB,7,7,5622,0.1567,-0.279,0,0.473,0.6808
70,0,CA1-SUB,10,10,5747,0.1431,-0.2714,0,0.4948,0.6622
70,0,RSC-SUB,1,1,5773,0.233,0.0744,0,0.5354,0.6167
70,0,RSC-SUB,2,2,5195,0.1897,0.1192,0,0.5492,0.6322
70,0,RSC-SUB,4,4,5417,0.233,0.1514,0,0.5348,0.6582
70,0,RSC-SUB,7,7,5622,0.1948,0.1124,0,0.5299,0.661
70,0,RSC-SUB,10,10,5747,0.227,0.0833,0,0.5426,0.6752
70,0,V1-RSC,1,1,5773,0.2183,-0.0646,0,0.4548,0.526
70,0,V1-RSC,2,2,5195,0.2427,-0.0102,0,0.4453,0.4923
70,0,V1-RSC,4,4,5417,0.2833,0.0122,0,0.4644,0.4841
70,0,V1-RSC,7,7,5622,0.2755,-0.0019,0,0.464,0.4959
70,0,V1-RSC,10,10,5747,0.2619,0.0166,0,0.4468,0.518
71,0,CA1-RSC,1,1,3561,0.07,-0.1975,0,0.5961,0.4736
71,0,CA1-RSC,2,2,2898,0.0261,-0.2621,-4,0.6098,0.4914
71,0,CA1-RSC,4,4,2619,0.0709,-0.5732,0,0.5971,0.4455
71,0,CA1-RSC,7,7,2459,0.0264,-0.1948,9,0.5718,0.4559
71,0,CA1-RSC,10,10,2665,0.0863,-0.0119,0,0.5726,0.4538
71,0,CA1-CA3,1,1,3561,0.2538,0.3131,0,0.6693,0.4527
71,0,CA1-CA3,2,2,2898,0.2458,0.3427,0,0.6182,0.477
71,0,CA1-CA3,4,4,2619,0.2475,0.3421,0,0.6323,0.4649
71,0,CA1-CA3,7,7,2459,0.2539,0.4301,0,0.6368,0.4568
71,0,CA1-CA3,10,10,2665,0.2389,0.3257,0,0.6199,0.4533
71,0,CA1-DG,1,1,3561,0.2334,0.2119,0,0.6137,0.5533
71,0,CA1-DG,2,2,2898,0.2651,-0.0553,0,0.6238,0.5686
71,0,CA1-DG,4,4,2619,0.2289,-0.0574,0,0.6617,0.5706
71,0,CA1-DG,7,7,2459,0.2999,-0.0084,0,0.6556,0.5929
71,0,CA1-DG,10,10,2665,0.279,0.021,0,0.6406,0.5578
71,0,CA1-V1,1,1,3561,0.0142,-0.7843,-9,0.5365,0.5269
71,0,CA1-V1,2,2,2898,-0.0029,0.314,3,0.5419,0.53
71,0,CA1-V1,4,4,2619,-0.0509,1.0,5,0.5603,0.4868
71,0,CA1-V1,7,7,2459,0.0021,-0.2418,-7,0.5203,0.5113
71,0,CA1-V1,10,10,2665,-0.0151,-0.2445,-5,0.5497,0.5005
71,0,CA3-DG,1,1,3561,0.4006,0.0175,0,0.4792,0.6321
71,0,CA3-DG,2,2,2898,0.37,-0.0086,0,0.5203,0.6087
71,0,CA3-DG,4,4,2619,0.3754,-0.0298,0,0.5219,0.6142
71,0,CA3-DG,7,7,2459,0.4186,-0.0495,0,0.5654,0.6114
71,0,CA3-DG,10,10,2665,0.3657,0.0078,0,0.5446,0.6153
71,0,CA1-SUB,1,1,3561,0.0947,-0.4806,0,0.6028,0.392
71,0,CA1-SUB,2,2,2898,0.0689,-0.6096,-1,0.6075,0.3973
71,0,CA1-SUB,4,4,2619,0.1122,-0.1544,0,0.6242,0.4336
71,0,CA1-SUB,7,7,2459,0.0907,-0.4841,0,0.6423,0.4323
71,0,CA1-SUB,10,10,2665,0.1193,-0.2186,0,0.6497,0.4086
71,0,RSC-SUB,1,1,3561,0.1359,0.1242,0,0.4873,0.6135
71,0,RSC-SUB,2,2,2898,0.1602,0.1256,0,0.4966,0.6022
71,0,RSC-SUB,4,4,2619,0.1732,0.097,0,0.4899,0.5876
71,0,RSC-SUB,7,7,2459,0.1509,0.1221,5,0.5115,0.6016
71,0,RSC-SUB,10,10,2665,0.0573,0.3217,0,0.4683,0.557
71,0,V1-RSC,1,1,3561,0.2828,0.0415,0,0.4504,0.5281
71,0,V1-RSC,2,2,2898,0.3302,0.1707,3,0.465,0.5515
71,0,V1-RSC,4,4,2619,0.2406,0.2757,4,0.449,0.5132
71,0,V1-RSC,7,7,2459,0.3197,0.1193,3,0.4198,0.5355
71,0,V1-RSC,10,10,2665,0.2353,0.1688,0,0.4041,0.4843
73,1,CA1-RSC,1,1,5662,0.0175,0.1596,2,0.5009,0.4437
73,1,CA1-RSC,2,2,4390,0.041,-0.0991,-1,0.5213,0.467
73,1,CA1-RSC,4,4,4438,-0.0133,0.2559,7,0.5375,0.4586
73,1,CA1-RSC,7,7,4151,0.023,0.5081,-4,0.5466,0.4776
73,1,CA1-RSC,10,10,4119,0.0139,-0.0133,6,0.587,0.4761
73,1,CA1-DG,1,1,5662,0.1413,0.2487,0,0.6745,0.5438
73,1,CA1-DG,2,2,4390,0.1321,0.3193,0,0.6791,0.541
73,1,CA1-DG,4,4,4438,0.2087,0.2473,0,0.7007,0.5258
73,1,CA1-DG,7,7,4151,0.1959,0.3031,0,0.7281,0.5347
73,1,CA1-DG,10,10,4119,0.1895,0.3722,0,0.6605,0.5521
73,1,CA1-V1,1,1,5662,0.0121,0.2054,5,0.501,0.5569
73,1,CA1-V1,2,2,4390,0.0171,-0.092,-8,0.5217,0.5651
73,1,CA1-V1,4,4,4438,0.0193,-0.1502,0,0.5073,0.5692
73,1,CA1-V1,7,7,4151,0.0231,-0.2867,-5,0.4625,0.5822
73,1,CA1-V1,10,10,4119,0.042,0.0471,8,0.4484,0.5757
73,1,CA1-SUB,1,1,5662,0.1574,0.0003,0,0.688,0.4452
73,1,CA1-SUB,2,2,4390,0.1553,0.378,0,0.6556,0.4416
73,1,CA1-SUB,4,4,4438,0.1475,0.2974,0,0.6514,0.4262
73,1,CA1-SUB,7,7,4151,0.0777,0.3916,0,0.6849,0.4072
73,1,CA1-SUB,10,10,4119,0.1349,-0.4393,0,0.6605,0.4344
73,1,RSC-SUB,1,1,5662,0.0606,0.012,-2,0.4424,0.5987
73,1,RSC-SUB,2,2,4390,0.1081,-0.0878,1,0.4915,0.594
73,1,RSC-SUB,4,4,4438,0.1259,-0.0198,-6,0.4826,0.5292
73,1,RSC-SUB,7,7,4151,0.1032,0.044,1,0.5153,0.5978
73,1,RSC-SUB,10,10,4119,0.0891,-0.0071,1,0.4936,0.6016
73,1,V1-RSC,1,1,5662,0.0907,-0.0511,0,0.5235,0.4918
73,1,V1-RSC,2,2,4390,0.1159,0.061,0,0.4854,0.48
73,1,V1-RSC,4,4,4438,0.1001,-0.0813,0,0.5387,0.4896
73,1,V1-RSC,7,7,4151,0.0801,0.0916,8,0.5696,0.5313
73,1,V1-RSC,10,10,4119,0.0901,0.1006,0,0.5441,0.4912
75,1,CA1-RSC,1,1,2905,0.1431,0.1452,0,0.6024,0.5087
75,1,CA1-RSC,2,2,2455,0.1217,0.0826,0,0.6398,0.508
75,1,CA1-RSC,4,4,2568,0.1225,0.0289,1,0.6503,0.5332
75,1,CA1-RSC,7,7,2216,0.1286,0.1252,3,0.6274,0.5203
75,1,CA1-RSC,10,10,3129,0.1523,0.0704,0,0.5922,0.4984
75,1,CA1-DG,1,1,2905,0.2656,0.3619,0,0.6515,0.6861
75,1,CA1-DG,2,2,2455,0.2758,0.1338,0,0.6264,0.6558
75,1,CA1-DG,4,4,2568,0.2732,-0.1088,0,0.6504,0.6723
75,1,CA1-DG,7,7,2216,0.278,-0.0279,0,0.6299,0.6823
75,1,CA1-DG,10,10,3129,0.2634,0.0204,0,0.6166,0.6542
75,1,CA1-V1,1,1,2905,0.0634,-0.0001,8,0.5823,0.4377
75,1,CA1-V1,2,2,2455,0.0306,0.1949,6,0.5902,0.472
75,1,CA1-V1,4,4,2568,0.0564,-0.0298,-3,0.5617,0.4554
75,1,CA1-V1,7,7,2216,0.0362,0.5091,0,0.5634,0.4563
75,1,CA1-V1,10,10,3129,-0.0143,0.0,-9,0.5139,0.4967
75,1,CA1-SUB,1,1,2905,0.11,-0.4581,-4,0.6849,0.4296
75,1,CA1-SUB,2,2,2455,0.1543,-0.59,0,0.6572,0.3712
75,1,CA1-SUB,4,4,2568,0.1133,-0.6061,0,0.6762,0.3824
75,1,CA1-SUB,7,7,2216,0.1223,0.0328,0,0.6595,0.4188
75,1,CA1-SUB,10,10,3129,0.105,-0.2912,0,0.6547,0.425
75,1,RSC-SUB,1,1,2905,0.1751,-0.5023,0,0.4899,0.4406
75,1,RSC-SUB,2,2,2455,0.2257,-0.1596,0,0.5134,0.4499
75,1,RSC-SUB,4,4,2568,0.2404,-0.0627,0,0.5302,0.4241
75,1,RSC-SUB,7,7,2216,0.2038,-0.0189,0,0.5068,0.4352
75,1,RSC-SUB,10,10,3129,0.2327,-0.2194,0,0.5042,0.4632
75,1,V1-RSC,1,1,2905,0.2652,-0.0127,0,0.4519,0.4905
75,1,V1-RSC,2,2,2455,0.3939,0.0481,0,0.4682,0.5511
75,1,V1-RSC,4,4,2568,0.4477,0.0361,0,0.4727,0.543
75,1,V1-RSC,7,7,2216,0.4562,0.0139,0,0.4921,0.5394
75,1,V1-RSC,10,10,3129,0.411,0.0226,0,0.4578,0.5517
77,1,CA1-RSC,1,1,3519,0.081,-0.0574,0,0.3539,0.4854
77,1,CA1-RSC,2,2,2820,0.051,-0.0777,-1,0.3507,0.4733
77,1,CA1-RSC,4,4,3391,0.0278,0.6325,8,0.3273,0.4889
77,1,CA1-RSC,7,7,3452,0.0392,0.2807,9,0.3507,0.4682
77,1,CA1-RSC,10,10,3681,0.0617,-0.0086,0,0.4115,0.4437
77,1,CA1-DG,1,1,3519,0.0619,0.4977,0,0.514,0.7203
77,1,CA1-DG,2,2,2820,0.0129,0.2243,2,0.5663,0.8038
77,1,CA1-DG,4,4,3391,0.0779,0.3022,0,0.606,0.7753
77,1,CA1-DG,7,7,3452,0.0621,0.5538,1,0.5462,0.803
77,1,CA1-DG,10,10,3681,0.0819,0.5656,0,0.5817,0.7861
77,1,CA1-V1,1,1,3519,0.0455,0.0446,8,0.5319,0.54
77,1,CA1-V1,2,2,2820,0.0777,0.0931,0,0.5304,0.4998
77,1,CA1-V1,4,4,3391,0.0433,-0.02,-1,0.5191,0.5289
77,1,CA1-V1,7,7,3452,0.0335,-0.0088,-6,0.507,0.5076
77,1,CA1-V1,10,10,3681,0.0463,0.0714,0,0.5216,0.4643
77,1,CA1-SUB,1,1,3519,0.0193,0.4733,-5,0.5719,0.5454
77,1,CA1-SUB,2,2,2820,0.0039,0.1505,2,0.5975,0.6521
77,1,CA1-SUB,4,4,3391,-0.0135,-0.4214,-4,0.6757,0.5421
77,1,CA1-SUB,7,7,3452,0.0313,0.2807,0,0.6539,0.6276
77,1,CA1-SUB,10,10,3681,-0.0033,-0.0746,-2,0.6861,0.5737
77,1,RSC-SUB,1,1,3519,0.1252,-0.0385,0,0.4923,0.4473
77,1,RSC-SUB,2,2,2820,0.0771,0.0106,0,0.4794,0.5352
77,1,RSC-SUB,4,4,3391,0.0792,-0.2532,0,0.4855,0.4699
77,1,RSC-SUB,7,7,3452,0.1201,-0.1068,0,0.5014,0.5599
77,1,RSC-SUB,10,10,3681,0.0989,-0.2683,-2,0.4988,0.4584
77,1,V1-RSC,1,1,3519,0.1066,0.0399,8,0.4848,0.4798
77,1,V1-RSC,2,2,2820,0.2176,0.0437,5,0.4696,0.4782
77,1,V1-RSC,4,4,3391,0.2341,0.0154,0,0.4858,0.4977
77,1,V1-RSC,7,7,3452,0.2781,0.0424,10,0.5137,0.4783
77,1,V1-RSC,10,10,3681,0.3244,0.0333,6,0.4948,0.5127
98,0,CA1-RSC,1,1,5779,0.0661,0.1715,4,0.5495,0.5043
98,0,CA1-RSC,2,2,4567,0.1013,0.2425,5,0.5283,0.4867
98,0,CA1-RSC,4,4,4117,0.0671,0.49,3,0.5255,0.5118
98,0,CA1-RSC,7,7,4654,0.1337,0.2088,2,0.4792,0.5047
98,0,CA1-RSC,10,10,3758,0.1251,0.158,3,0.5128,0.5134
98,0,CA1-CA3,1,1,5779,0.4711,0.0625,0,0.6153,0.6267
98,0,CA1-CA3,2,2,4567,0.429,-0.1006,0,0.6529,0.6188
98,0,CA1-CA3,4,4,4117,0.4503,-0.0245,0,0.6406,0.6893
98,0,CA1-CA3,7,7,4654,0.4249,0.1092,0,0.631,0.6653
98,0,CA1-CA3,10,10,3758,0.4404,0.1366,0,0.5917,0.646
100,0,CA1-RSC,1,1,3924,0.1461,-0.0123,-6,0.4846,0.5504
100,0,CA1-RSC,2,2,2972,0.0923,0.1008,8,0.4799,0.517
100,0,CA1-RSC,4,4,2738,0.114,-0.0452,0,0.4679,0.47
100,0,CA1-RSC,7,7,2341,0.0422,0.1761,4,0.4851,0.4686
100,0,CA1-RSC,10,10,2786,0.0818,0.078,0,0.46,0.4913
100,0,CA1-DG,1,1,3924,0.47,0.0428,0,0.4906,0.5973
100,0,CA1-DG,2,2,2972,0.4449,-0.0794,0,0.5036,0.6182
100,0,CA1-DG,4,4,2738,0.4188,-0.0397,0,0.5335,0.6138
100,0,CA1-DG,7,7,2341,0.4286,0.1646,0,0.5405,0.6063
100,0,CA1-DG,10,10,2786,0.4207,0.1344,0,0.5127,0.6254
100,0,CA1-V1,1,1,3924,0.1958,-0.0301,0,0.5067,0.4588
100,0,CA1-V1,2,2,2972,0.2149,-0.0583,0,0.5512,0.5022
100,0,CA1-V1,4,4,2738,0.2176,-0.0121,0,0.512,0.4791
100,0,CA1-V1,7,7,2341,0.2113,0.0385,8,0.5348,0.5033
100,0,CA1-V1,10,10,2786,0.256,0.016,0,0.501,0.4979
100,0,CA1-SUB,1,1,3924,0.103,-0.3601,0,0.4939,0.6004
100,0,CA1-SUB,2,2,2972,0.0858,-0.0413,-1,0.4747,0.643
100,0,CA1-SUB,4,4,2738,0.1032,-0.6614,-1,0.512,0.5535
100,0,CA1-SUB,7,7,2341,0.1067,-0.6637,0,0.4377,0.6237
100,0,CA1-SUB,10,10,2786,0.1005,-0.69,0,0.476,0.6341
100,0,RSC-SUB,1,1,3924,0.1557,0.0181,0,0.517,0.4333
100,0,RSC-SUB,2,2,2972,0.1181,0.0068,0,0.4951,0.4464
100,0,RSC-SUB,4,4,2738,0.0731,-0.1058,-1,0.4589,0.4695
100,0,RSC-SUB,7,7,2341,0.1144,-0.0629,6,0.4814,0.4431
100,0,RSC-SUB,10,10,2786,0.1383,-0.0226,0,0.4731,0.4619
100,0,V1-RSC,1,1,3924,0.2376,0.0239,0,0.4525,0.5429
100,0,V1-RSC,2,2,2972,0.3079,0.0224,0,0.5036,0.5086
100,0,V1-RSC,4,4,2738,0.3014,0.0393,0,0.5287,0.469
100,0,V1-RSC,7,7,2341,0.1639,-0.0013,0,0.4828,0.454
100,0,V1-RSC,10,10,2786,0.2526,0.1383,0,0.5134,0.4582
