animal,learner,pair,epoch,n_bins,cc1,n_sig,mi_sig,ifi,optimal_lag,gini_x,gini_y
28,1,CA1-CA3,naive,11598,0.0209,0,0.0,-0.0349,-2,0.2996,0.6576
28,1,CA1-CA3,intermediate,10675,0.2087,2,0.032,-0.002,0,0.2396,0.9223
28,1,CA1-CA3,expert,10879,0.2111,1,0.0228,-0.0162,0,0.2851,0.1491
28,1,CA1-DG,naive,11598,0.2891,2,0.0635,-0.0055,1,0.2753,0.2011
28,1,CA1-DG,intermediate,10675,0.2789,2,0.059,0.0284,1,0.2309,0.09
28,1,CA1-DG,expert,10879,0.2778,2,0.0585,0.0524,1,0.2567,0.1753
28,1,CA1-V1,naive,11598,0.2562,1,0.0339,-0.0014,-2,0.2774,0.4739
28,1,CA1-V1,intermediate,10675,0.1958,1,0.0195,0.0108,0,0.1936,0.3127
28,1,CA1-V1,expert,10879,0.2129,1,0.0232,0.0227,0,0.2539,0.3164
28,1,CA3-DG,naive,11598,0.1361,1,0.0093,-0.0254,0,0.6578,0.22
28,1,CA3-DG,intermediate,10675,0.1468,1,0.0109,0.0531,-1,0.9223,0.1184
28,1,CA3-DG,expert,10879,0.1693,2,0.0229,0.0184,-5,0.1498,0.172
34,1,CA1-CA3,naive,10405,0.379,1,0.0775,0.0155,0,0.3405,0.5563
34,1,CA1-CA3,intermediate,11662,0.409,2,0.1005,0.0036,0,0.3089,0.1099
34,1,CA1-CA3,expert,9260,0.4107,3,0.1107,-0.0001,0,0.4088,0.1191
34,1,CA1-V1,naive,10405,0.1078,0,0.0,0.0297,3,0.2782,0.4301
34,1,CA1-V1,intermediate,11662,0.2644,1,0.0362,-0.0018,-2,0.1728,0.292
34,1,CA1-V1,expert,9260,0.3515,1,0.0659,-0.0073,-7,0.3863,0.3313
36,1,CA1-V1,naive,11302,0.1062,0,0.0,-0.0052,0,0.3931,0.1443
36,1,CA1-V1,intermediate,12027,0.1412,1,0.0101,0.0284,5,0.3392,0.1593
36,1,CA1-V1,expert,11125,0.1317,0,0.0,-0.0165,-8,0.322,0.139
41,1,CA1-CA3,expert,10378,0.327,3,0.1115,-0.0103,0,0.3214,0.937
41,1,CA1-V1,naive,11058,0.1134,0,0.0,-0.0387,-6,0.2984,0.3707
41,1,CA1-V1,intermediate,10668,0.172,0,0.0,-0.0194,-6,0.4901,0.2862
41,1,CA1-V1,expert,10378,0.1194,0,0.0,0.0416,8,0.3178,0.2626
52,1,CA1-RSC,naive,14752,0.0295,0,0.0,0.0632,3,0.4461,0.0995
52,1,CA1-RSC,intermediate,12721,0.0497,0,0.0,-0.0314,-4,0.387,0.0542
52,1,CA1-RSC,expert,9651,0.0246,0,0.0,-0.0041,2,0.4151,0.0447
52,1,CA1-CA3,naive,14752,0.2133,3,0.0427,-0.015,0,0.4127,0.3867
52,1,CA1-CA3,intermediate,12721,0.1488,2,0.018,0.0099,0,0.3637,0.3908
52,1,CA1-CA3,expert,9651,0.1167,1,0.0069,0.0139,0,0.3927,0.4245
52,1,CA1-DG,naive,14752,0.2069,3,0.0349,-0.0063,0,0.4173,0.2521
52,1,CA1-DG,intermediate,12721,0.2284,3,0.043,-0.0005,0,0.3663,0.1887
52,1,CA1-DG,expert,9651,0.201,2,0.0281,0.0061,0,0.3937,0.208
52,1,CA1-V1,naive,14752,0.1676,1,0.0142,-0.029,0,0.4178,0.283
52,1,CA1-V1,intermediate,12721,0.2514,2,0.0617,-0.0577,0,0.3672,0.2527
52,1,CA1-V1,expert,9651,0.3196,2,0.0919,-0.0003,0,0.3837,0.3087
52,1,CA3-DG,naive,14752,0.5295,8,0.41,0.0165,0,0.3796,0.2628
52,1,CA3-DG,intermediate,12721,0.5585,7,0.4798,0.0049,0,0.3822,0.1973
52,1,CA3-DG,expert,9651,0.5425,5,0.3742,0.0243,0,0.4173,0.2092
52,1,V1-RSC,naive,14752,0.1919,3,0.0335,0.0335,0,0.287,0.1004
52,1,V1-RSC,intermediate,12721,0.1414,1,0.0101,0.0109,0,0.2464,0.054
52,1,V1-RSC,expert,9651,0.1443,2,0.0161,0.073,5,0.2941,0.0462
61,1,CA1-RSC,naive,11254,0.1319,1,0.0088,0.0623,0,0.5077,0.3673
61,1,CA1-RSC,intermediate,12777,0.1484,2,0.0279,0.0343,0,0.4591,0.2416
61,1,CA1-RSC,expert,13797,0.1915,1,0.0187,-0.0028,0,0.4911,0.2611
61,1,CA1-CA3,naive,11254,0.2146,1,0.0236,-0.0675,-1,0.5115,0.3216
61,1,CA1-CA3,intermediate,12777,0.2108,2,0.0284,0.0192,0,0.4629,0.341
61,1,CA1-CA3,expert,13797,0.2007,1,0.0206,-0.0781,0,0.4931,0.3118
61,1,CA1-DG,naive,11254,0.2369,1,0.0289,-0.0214,0,0.5103,0.247
61,1,CA1-DG,intermediate,12777,0.1979,1,0.02,-0.0124,0,0.4611,0.2302
61,1,CA1-DG,expert,13797,0.2164,1,0.024,-0.0253,0,0.4969,0.2402
61,1,CA1-V1,naive,11254,0.0962,0,0.0,-0.0271,0,0.5106,0.465
61,1,CA1-V1,intermediate,12777,0.1365,0,0.0,-0.0066,0,0.4635,0.3668
61,1,CA1-V1,expert,13797,0.1512,1,0.0116,0.0047,0,0.4951,0.3736
61,1,CA3-DG,naive,11254,0.3882,4,0.1938,-0.0422,0,0.3482,0.2409
61,1,CA3-DG,intermediate,12777,0.4419,4,0.2248,-0.0394,0,0.336,0.2222
61,1,CA3-DG,expert,13797,0.4919,6,0.3432,-0.0257,0,0.3215,0.238
61,1,V1-RSC,naive,11254,0.2918,2,0.0769,0.043,0,0.4565,0.362
61,1,V1-RSC,intermediate,12777,0.3581,3,0.1669,0.0115,0,0.3608,0.2319
61,1,V1-RSC,expert,13797,0.3141,5,0.2001,-0.0036,0,0.3727,0.2555
63,1,CA1-RSC,naive,11997,0.1261,1,0.008,0.0328,6,0.1135,0.3749
63,1,CA1-RSC,intermediate,8181,0.0974,2,0.0104,0.0484,1,0.1274,0.2768
63,1,CA1-RSC,expert,7336,0.0801,0,0.0,0.0236,1,0.0968,0.3489
66,1,CA1-RSC,naive,11096,0.1614,1,0.0132,-0.0053,0,0.3253,0.2492
66,1,CA1-RSC,intermediate,8501,0.0562,0,0.0,0.0091,6,0.2785,0.1181
66,1,CA1-RSC,expert,8577,0.1259,0,0.0,0.0182,0,0.2703,0.1073
66,1,CA1-DG,naive,11096,0.3389,2,0.0885,0.0166,0,0.3174,0.2725
66,1,CA1-DG,intermediate,8501,0.3515,3,0.1081,0.0031,0,0.2764,0.2557
66,1,CA1-DG,expert,8577,0.3238,2,0.0806,0.0434,0,0.2674,0.2715
66,1,CA1-V1,naive,11096,0.0993,0,0.0,0.0235,0,0.3204,0.0783
66,1,CA1-V1,intermediate,8501,0.1206,0,0.0,0.0112,0,0.2736,0.0498
66,1,CA1-V1,expert,8577,0.0821,0,0.0,-0.0309,-5,0.2685,0.0534
66,1,CA1-SUB,naive,11096,0.1692,1,0.0145,0.0023,0,0.3545,0.0642
66,1,CA1-SUB,intermediate,8501,0.2239,1,0.0257,-0.0625,0,0.3032,0.0357
66,1,CA1-SUB,expert,8577,0.1657,2,0.0234,0.0309,0,0.2791,0.0485
66,1,RSC-SUB,naive,11096,0.0944,1,0.0045,-0.0002,0,0.2637,0.0654
66,1,RSC-SUB,intermediate,8501,0.0834,0,0.0,-0.0092,1,0.1481,0.0359
66,1,RSC-SUB,expert,8577,0.107,1,0.0058,0.0205,0,0.1007,0.0494
66,1,V1-RSC,naive,11096,0.1617,2,0.0197,-0.0115,1,0.0968,0.2502
66,1,V1-RSC,intermediate,8501,0.1289,2,0.0176,-0.0429,-6,0.0515,0.1185
66,1,V1-RSC,expert,8577,0.1512,2,0.0191,-0.1007,-2,0.0706,0.1074
68,1,CA1-RSC,naive,9753,0.0401,0,0.0,-0.0328,-6,0.2259,0.0927
68,1,CA1-RSC,intermediate,10031,0.0583,0,0.0,0.0092,-3,0.1506,0.0757
68,1,CA1-RSC,expert,8583,0.0776,0,0.0,-0.019,2,0.1441,0.0989
68,1,CA1-CA3,naive,9753,0.4735,3,0.1668,-0.039,0,0.3072,0.5853
68,1,CA1-CA3,intermediate,10031,0.4463,2,0.1253,-0.0709,0,0.18,0.0764
68,1,CA1-CA3,expert,8583,0.4712,2,0.1408,-0.0492,0,0.1613,0.0977
68,1,CA1-DG,naive,9753,0.3327,2,0.0757,-0.0242,0,0.2388,0.183
68,1,CA1-DG,intermediate,10031,0.3412,2,0.0748,-0.0444,0,0.0875,0.1935
68,1,CA1-DG,expert,8583,0.3677,2,0.0842,-0.027,0,0.1189,0.1458
68,1,CA3-DG,naive,9753,0.2922,3,0.1082,-0.0205,0,0.5976,0.2223
68,1,CA3-DG,intermediate,10031,0.3729,4,0.1336,0.0312,0,0.0776,0.2443
68,1,CA3-DG,expert,8583,0.4119,2,0.1351,0.0386,0,0.1005,0.238
73,1,CA1-RSC,naive,17532,0.0484,0,0.0,0.0059,-5,0.2916,0.5322
73,1,CA1-RSC,intermediate,10760,0.0925,0,0.0,-0.0317,0,0.2013,0.4221
73,1,CA1-RSC,expert,9584,0.0243,0,0.0,0.0214,4,0.193,0.4204
73,1,CA1-DG,naive,17532,0.0564,0,0.0,0.017,0,0.2902,0.3954
73,1,CA1-DG,intermediate,10760,0.0691,0,0.0,-0.0591,0,0.2095,0.2461
73,1,CA1-DG,expert,9584,0.0101,0,0.0,0.0018,7,0.1982,0.2469
73,1,CA1-V1,naive,17532,0.1709,1,0.0148,-0.0199,0,0.2745,0.3863
73,1,CA1-V1,intermediate,10760,0.1318,1,0.0088,-0.007,0,0.2091,0.1263
73,1,CA1-V1,expert,9584,0.1071,0,0.0,-0.0034,0,0.1929,0.1616
73,1,CA1-SUB,naive,17532,0.0815,1,0.0033,-0.0129,0,0.2922,0.2184
73,1,CA1-SUB,intermediate,10760,0.1114,3,0.0209,-0.025,0,0.2104,0.1473
73,1,CA1-SUB,expert,9584,0.0906,0,0.0,-0.0125,0,0.1986,0.1369
73,1,RSC-SUB,naive,17532,0.1408,2,0.0195,-0.0203,0,0.5302,0.2182
73,1,RSC-SUB,intermediate,10760,0.1208,1,0.0073,0.0029,0,0.4213,0.1474
73,1,RSC-SUB,expert,9584,0.1502,1,0.0114,-0.0137,0,0.4175,0.1367
73,1,V1-RSC,naive,17532,0.1079,3,0.0144,0.0541,2,0.3877,0.5286
73,1,V1-RSC,intermediate,10760,0.2378,1,0.0291,0.0292,2,0.1264,0.4145
73,1,V1-RSC,expert,9584,0.2826,1,0.0416,-0.0135,0,0.1628,0.4155
75,1,CA1-RSC,naive,10238,0.0938,0,0.0,0.0587,2,0.2119,0.6137
75,1,CA1-RSC,intermediate,10850,0.1636,1,0.0136,0.04,0,0.2261,0.5167
75,1,CA1-RSC,expert,10269,0.1988,1,0.0202,0.0304,0,0.177,0.4925
75,1,CA1-DG,naive,10238,0.2654,1,0.0365,-0.0385,0,0.2126,0.5026
75,1,CA1-DG,intermediate,10850,0.2351,1,0.0284,0.0062,0,0.2299,0.5322
75,1,CA1-DG,expert,10269,0.2106,1,0.0227,0.0213,0,0.1756,0.5678
75,1,CA1-V1,naive,10238,0.0652,0,0.0,-0.0337,0,0.2121,0.2973
75,1,CA1-V1,intermediate,10850,0.0979,0,0.0,0.0059,0,0.2245,0.2484
75,1,CA1-V1,expert,10269,0.0731,0,0.0,-0.0064,0,0.1759,0.2642
75,1,CA1-SUB,naive,10238,0.1562,2,0.0185,-0.0017,0,0.2125,0.1716
75,1,CA1-SUB,intermediate,10850,0.1283,1,0.0083,-0.0195,0,0.2209,0.1722
75,1,CA1-SUB,expert,10269,0.161,1,0.0131,0.031,0,0.1763,0.1956
75,1,RSC-SUB,naive,10238,0.149,3,0.0274,-0.003,0,0.6082,0.172
75,1,RSC-SUB,intermediate,10850,0.3161,4,0.0997,0.0091,0,0.5117,0.1735
75,1,RSC-SUB,expert,10269,0.3192,4,0.1008,0.0167,0,0.4923,0.1914
75,1,V1-RSC,naive,10238,0.3432,2,0.0804,-0.0045,0,0.2915,0.6029
75,1,V1-RSC,intermediate,10850,0.4797,4,0.2866,0.0366,0,0.2313,0.5083
75,1,V1-RSC,expert,10269,0.5145,3,0.2956,0.0115,0,0.2551,0.4904
77,1,CA1-RSC,naive,13879,0.1603,1,0.013,-0.0298,0,0.1802,0.5054
77,1,CA1-RSC,intermediate,10550,0.0881,0,0.0,-0.0065,7,0.0715,0.3867
77,1,CA1-RSC,expert,10350,0.1798,1,0.0164,-0.0208,0,0.0571,0.3758
77,1,CA1-DG,naive,13879,0.1886,1,0.0181,-0.0308,0,0.2094,0.6534
77,1,CA1-DG,intermediate,10550,0.0504,0,0.0,0.0232,1,0.1141,0.1017
77,1,CA1-DG,expert,10350,0.0594,1,0.0018,-0.0181,-1,0.1939,0.1088
77,1,CA1-V1,naive,13879,0.0468,0,0.0,-0.0268,0,0.1813,0.1516
77,1,CA1-V1,intermediate,10550,0.064,0,0.0,0.0183,0,0.0704,0.1038
77,1,CA1-V1,expert,10350,0.1196,1,0.0072,0.051,0,0.0552,0.1133
77,1,CA1-SUB,naive,13879,-0.0119,0,0.0,-0.0412,-3,0.2055,0.2367
77,1,CA1-SUB,intermediate,10550,0.0388,0,0.0,0.0332,3,0.1101,0.1085
77,1,CA1-SUB,expert,10350,0.0039,0,0.0,0.0369,6,0.0683,0.1801
77,1,RSC-SUB,naive,13879,0.0667,1,0.004,0.0138,-1,0.5151,0.2346
77,1,RSC-SUB,intermediate,10550,0.1604,2,0.022,0.1274,4,0.3878,0.1067
77,1,RSC-SUB,expert,10350,0.1818,2,0.0221,0.02,0,0.3784,0.1824
77,1,V1-RSC,naive,13879,0.3452,2,0.1011,0.0177,0,0.1292,0.5153
77,1,V1-RSC,intermediate,10550,0.4055,2,0.1444,0.043,0,0.068,0.3887
77,1,V1-RSC,expert,10350,0.4189,2,0.1469,0.0537,0,0.0558,0.3529
