animal,pair,epoch,dim,peak_cc,sig,ifi,lag
28,CA1-CA3,naive,1,0.0211,0,-0.0349,-2
28,CA1-CA3,naive,2,0.0294,0,0.0355,2
28,CA1-CA3,naive,3,0.0152,0,0.0138,2
28,CA1-CA3,naive,4,0.0102,0,0.0265,5
28,CA1-CA3,naive,5,-0.0062,0,-0.0087,-1
28,CA1-CA3,naive,6,-0.0025,0,-0.0103,-7
28,CA1-CA3,naive,7,0.0093,0,-0.0254,-7
28,CA1-CA3,naive,8,0.0064,0,-0.0641,-7
28,CA1-CA3,naive,9,-0.0364,0,-0.0823,-7
28,CA1-CA3,intermediate,1,0.3201,1,-0.002,0
28,CA1-CA3,intermediate,2,0.3046,1,0.0127,0
28,CA1-CA3,intermediate,3,-0.1759,0,-0.003,0
28,CA1-CA3,intermediate,4,-0.1141,0,-0.0346,0
28,CA1-CA3,intermediate,5,0.2459,1,-0.0223,0
28,CA1-CA3,intermediate,6,-0.1866,0,-0.0352,-7
28,CA1-CA3,intermediate,7,-0.1366,0,-0.0426,0
28,CA1-CA3,intermediate,8,0.2,1,-0.0097,0
28,CA1-CA3,intermediate,9,0.1767,1,0.0011,0
28,CA1-CA3,intermediate,10,-0.2012,0,0.0635,-8
28,CA1-CA3,expert,1,0.1898,1,-0.0162,0
28,CA1-CA3,expert,2,0.0143,0,0.0432,7
28,CA1-CA3,expert,3,0.0592,0,0.0034,0
28,CA1-CA3,expert,4,-0.0037,0,0.0175,-1
28,CA1-CA3,expert,5,0.04,0,0.0638,6
28,CA1-CA3,expert,6,0.0093,0,0.052,6
28,CA1-CA3,expert,7,0.0264,0,0.0117,0
28,CA1-CA3,expert,8,0.0288,0,0.021,0
28,CA1-CA3,expert,9,-0.0036,0,-0.0056,6
28,CA1-CA3,expert,10,0.0082,0,-0.0417,-6
28,CA1-CA3,expert,11,0.006,0,-0.0455,8
28,CA1-CA3,expert,12,-0.0049,0,-0.0176,-3
28,CA1-DG,naive,1,0.2881,1,-0.0055,1
28,CA1-DG,naive,2,0.205,1,-0.0121,5
28,CA1-DG,naive,3,0.047,0,-0.0654,-5
28,CA1-DG,naive,4,0.052,0,-0.0516,0
28,CA1-DG,naive,5,0.0341,0,-0.0417,0
28,CA1-DG,naive,6,0.0355,0,-0.0377,-5
28,CA1-DG,naive,7,0.0196,0,-0.0452,-1
28,CA1-DG,naive,8,0.024,0,-0.0362,-3
28,CA1-DG,naive,9,0.0032,0,-0.0325,-3
28,CA1-DG,naive,10,0.002,0,-0.045,-3
28,CA1-DG,naive,11,0.015,0,0.0211,-3
28,CA1-DG,naive,12,0.0085,0,0.0341,-4
28,CA1-DG,intermediate,1,0.336,1,0.0284,1
28,CA1-DG,intermediate,2,0.0413,0,0.0433,0
28,CA1-DG,intermediate,3,0.0228,0,0.0304,0
28,CA1-DG,intermediate,4,0.1309,1,-0.0291,0
28,CA1-DG,intermediate,5,0.0529,0,-0.005,-6
28,CA1-DG,intermediate,6,-0.0197,0,-0.0052,2
28,CA1-DG,intermediate,7,0.0017,0,0.0072,0
28,CA1-DG,intermediate,8,0.0108,0,-0.0,0
28,CA1-DG,intermediate,9,-0.0001,0,0.0062,-8
28,CA1-DG,intermediate,10,0.006,0,-0.021,-4
28,CA1-DG,intermediate,11,0.0806,0,-0.0709,-4
28,CA1-DG,intermediate,12,0.0273,0,-0.0369,-3
28,CA1-DG,intermediate,13,0.0394,0,-0.0034,-1
28,CA1-DG,expert,1,0.3381,1,0.0524,1
28,CA1-DG,expert,2,-0.0157,0,0.0649,0
28,CA1-DG,expert,3,-0.1264,0,-0.0119,1
28,CA1-DG,expert,4,0.2069,1,-0.0058,0
28,CA1-DG,expert,5,0.1849,1,0.0139,0
28,CA1-DG,expert,6,-0.1021,0,0.0061,0
28,CA1-DG,expert,7,0.2053,1,-0.0007,0
28,CA1-DG,expert,8,0.1429,1,-0.0034,0
28,CA1-DG,expert,9,-0.194,0,-0.0104,-1
28,CA1-DG,expert,10,0.1942,1,0.0161,-1
28,CA1-DG,expert,11,0.1555,1,-0.0138,-5
28,CA1-DG,expert,12,-0.1777,0,-0.0195,-3
28,CA1-DG,expert,13,0.1007,1,-0.0664,-1
28,CA1-V1,naive,1,0.2564,1,-0.0014,-2
28,CA1-V1,naive,2,0.1796,0,-0.0407,-6
28,CA1-V1,naive,3,0.0329,0,-0.0528,-6
28,CA1-V1,naive,4,0.0224,0,-0.0271,-8
28,CA1-V1,naive,5,0.0275,0,-0.0301,-2
28,CA1-V1,naive,6,0.0239,0,-0.0061,-2
28,CA1-V1,naive,7,0.0482,0,-0.0329,-2
28,CA1-V1,naive,8,0.0404,0,-0.0298,-1
28,CA1-V1,naive,9,0.0098,0,-0.0314,7
28,CA1-V1,naive,10,0.0213,0,-0.0051,-1
28,CA1-V1,naive,11,0.0093,0,-0.0006,-3
28,CA1-V1,naive,12,0.0045,0,0.0034,-3
28,CA1-V1,naive,13,-0.0001,0,0.022,3
28,CA1-V1,naive,14,-0.0031,0,0.0021,-8
28,CA1-V1,naive,15,-0.0064,0,0.0138,-2
28,CA1-V1,naive,16,-0.0132,0,0.0086,-2
28,CA1-V1,naive,17,0.023,0,0.0686,2
28,CA1-V1,naive,18,0.0017,0,0.0638,3
28,CA1-V1,naive,19,0.0027,0,0.0175,-6
28,CA1-V1,naive,20,-0.0011,0,-0.1827,-5
28,CA1-V1,intermediate,1,0.1937,1,0.0108,0
28,CA1-V1,intermediate,2,0.1191,0,-0.0124,0
28,CA1-V1,intermediate,3,0.0902,0,-0.0429,-5
28,CA1-V1,intermediate,4,0.106,0,-0.0069,0
28,CA1-V1,intermediate,5,0.0469,0,0.0125,-5
28,CA1-V1,intermediate,6,0.0507,0,0.0151,6
28,CA1-V1,intermediate,7,0.0366,0,0.0239,-6
28,CA1-V1,intermediate,8,0.019,0,0.0166,1
28,CA1-V1,intermediate,9,0.0129,0,0.0189,6
28,CA1-V1,intermediate,10,-0.0015,0,0.0137,1
28,CA1-V1,intermediate,11,0.0097,0,0.0049,6
28,CA1-V1,intermediate,12,-0.0057,0,-0.0124,-1
28,CA1-V1,intermediate,13,-0.0116,0,-0.0108,0
28,CA1-V1,intermediate,14,0.0121,0,0.0408,-5
28,CA1-V1,intermediate,15,0.0147,0,-0.0047,-5
28,CA1-V1,intermediate,16,0.0246,0,-0.0187,-5
28,CA1-V1,intermediate,17,0.0011,0,0.0059,-5
28,CA1-V1,intermediate,18,-0.0137,0,0.0052,-5
28,CA1-V1,intermediate,19,0.0238,0,-0.0548,-2
28,CA1-V1,intermediate,20,-0.001,0,-0.3473,-2
28,CA1-V1,expert,1,0.3456,1,0.0227,0
28,CA1-V1,expert,2,0.039,0,-0.014,-1
28,CA1-V1,expert,3,0.1833,0,-0.0292,-8
28,CA1-V1,expert,4,0.2305,1,-0.0374,-7
28,CA1-V1,expert,5,0.2209,1,-0.0017,0
28,CA1-V1,expert,6,-0.167,0,0.0014,1
28,CA1-V1,expert,7,0.0595,0,-0.001,-6
28,CA1-V1,expert,8,0.2188,1,-0.0011,-1
28,CA1-V1,expert,9,0.1998,1,-0.0156,-1
28,CA1-V1,expert,10,-0.1663,0,0.0001,-1
28,CA1-V1,expert,11,0.217,1,0.0037,0
28,CA1-V1,expert,12,0.1892,0,-0.0276,-6
28,CA1-V1,expert,13,-0.1735,0,-0.0018,1
28,CA1-V1,expert,14,-0.0444,0,-0.0304,-1
28,CA1-V1,expert,15,-0.1562,0,-0.0513,-7
28,CA1-V1,expert,16,-0.1455,0,-0.0638,-7
28,CA1-V1,expert,17,-0.1238,0,-0.0129,-7
28,CA1-V1,expert,18,0.1737,0,-0.0619,-7
28,CA1-V1,expert,19,-0.1785,0,-0.0733,-7
28,CA1-V1,expert,20,0.1822,0,0.0129,1
28,CA3-DG,naive,1,0.1968,1,-0.0254,0
28,CA3-DG,naive,2,0.0544,0,-0.0843,0
28,CA3-DG,naive,3,-0.0902,0,-0.0517,0
28,CA3-DG,naive,4,-0.0165,0,-0.0256,-5
28,CA3-DG,naive,5,-0.0405,0,-0.0071,-1
28,CA3-DG,naive,6,-0.0726,0,-0.0045,-1
28,CA3-DG,naive,7,-0.0171,0,-0.0228,0
28,CA3-DG,naive,8,-0.0229,0,-0.0245,5
28,CA3-DG,naive,9,-0.0192,0,-0.0648,-1
28,CA3-DG,intermediate,1,-0.0244,0,0.0531,-1
28,CA3-DG,intermediate,2,-0.1054,0,-0.0657,-3
28,CA3-DG,intermediate,3,-0.1348,0,-0.0291,0
28,CA3-DG,intermediate,4,0.2286,1,-0.054,0
28,CA3-DG,intermediate,5,0.1495,1,-0.0369,3
28,CA3-DG,intermediate,6,-0.1896,0,-0.0364,-7
28,CA3-DG,intermediate,7,-0.0214,0,-0.0499,3
28,CA3-DG,intermediate,8,-0.1995,0,-0.0266,3
28,CA3-DG,intermediate,9,-0.1366,0,-0.0281,-1
28,CA3-DG,intermediate,10,-0.1789,0,-0.0527,3
28,CA3-DG,expert,1,0.1307,1,0.0184,-5
28,CA3-DG,expert,2,0.0725,0,0.0319,0
28,CA3-DG,expert,3,0.0042,0,-0.0821,-6
28,CA3-DG,expert,4,0.0146,0,-0.0845,-5
28,CA3-DG,expert,5,0.0466,0,-0.0848,-5
28,CA3-DG,expert,6,0.018,0,-0.1026,-1
28,CA3-DG,expert,7,-0.0058,0,-0.0532,0
28,CA3-DG,expert,8,0.0309,0,-0.0541,0
28,CA3-DG,expert,9,0.0221,0,-0.053,0
28,CA3-DG,expert,10,0.0015,0,-0.0662,0
28,CA3-DG,expert,11,0.0211,0,0.0069,0
28,CA3-DG,expert,12,-0.0107,0,-0.0588,1
34,CA1-CA3,naive,1,0.3735,1,0.0155,0
34,CA1-CA3,naive,2,0.0819,0,-0.0567,-8
34,CA1-CA3,naive,3,0.0554,0,0.0153,0
34,CA1-CA3,naive,4,-0.0063,0,-0.0098,-6
34,CA1-CA3,naive,5,0.0176,0,-0.014,7
34,CA1-CA3,naive,6,0.0168,0,-0.0021,-6
34,CA1-CA3,naive,7,0.0116,0,-0.0202,0
34,CA1-CA3,naive,8,0.0227,0,0.0912,2
34,CA1-CA3,intermediate,1,0.4029,1,0.0036,0
34,CA1-CA3,intermediate,2,0.1548,1,0.0253,1
34,CA1-CA3,intermediate,3,0.0756,0,-0.0205,0
34,CA1-CA3,intermediate,4,0.0392,0,-0.045,0
34,CA1-CA3,intermediate,5,0.0407,0,0.0238,0
34,CA1-CA3,intermediate,6,-0.0124,0,0.0614,2
34,CA1-CA3,intermediate,7,0.0087,0,0.0848,2
34,CA1-CA3,intermediate,8,0.0111,0,0.0469,2
34,CA1-CA3,expert,1,0.4101,1,-0.0001,0
34,CA1-CA3,expert,2,0.161,1,0.0402,1
34,CA1-CA3,expert,3,0.1032,1,-0.0385,0
34,CA1-CA3,expert,4,0.0326,0,-0.0217,0
34,CA1-CA3,expert,5,0.0174,0,-0.0301,0
34,CA1-CA3,expert,6,0.0152,0,-0.0098,1
34,CA1-CA3,expert,7,-0.0035,0,0.0009,1
34,CA1-CA3,expert,8,-0.0198,0,0.0301,-4
34,CA1-V1,naive,1,0.1692,0,0.0297,3
34,CA1-V1,naive,2,0.0813,0,0.0228,4
34,CA1-V1,naive,3,0.0595,0,-0.0,-7
34,CA1-V1,naive,4,0.0843,0,0.0235,4
34,CA1-V1,naive,5,0.0595,0,0.0212,4
34,CA1-V1,naive,6,0.0429,0,-0.016,-8
34,CA1-V1,naive,7,0.0448,0,-0.0445,-4
34,CA1-V1,naive,8,0.0266,0,-0.0354,-7
34,CA1-V1,naive,9,-0.0135,0,-0.005,-4
34,CA1-V1,naive,10,0.0342,0,-0.0136,-4
34,CA1-V1,naive,11,0.0125,0,-0.019,-4
34,CA1-V1,naive,12,-0.005,0,-0.015,4
34,CA1-V1,naive,13,0.0104,0,0.0095,-4
34,CA1-V1,naive,14,-0.0109,0,-0.0425,-4
34,CA1-V1,naive,15,-0.0337,0,-0.0144,-4
34,CA1-V1,naive,16,0.0095,0,-0.0165,-8
34,CA1-V1,naive,17,0.0227,0,0.0008,-8
34,CA1-V1,naive,18,0.0037,0,0.0304,4
34,CA1-V1,naive,19,-0.1001,0,-0.0644,-4
34,CA1-V1,naive,20,0.0313,0,-0.1376,-8
34,CA1-V1,intermediate,1,0.2614,1,-0.0018,-2
34,CA1-V1,intermediate,2,0.1715,0,0.0079,6
34,CA1-V1,intermediate,3,0.137,0,-0.0424,-2
34,CA1-V1,intermediate,4,0.0609,0,-0.0773,-1
34,CA1-V1,intermediate,5,0.0689,0,-0.0363,-1
34,CA1-V1,intermediate,6,0.0438,0,0.0167,1
34,CA1-V1,intermediate,7,0.0379,0,-0.0232,-1
34,CA1-V1,intermediate,8,0.0491,0,-0.0116,0
34,CA1-V1,intermediate,9,0.031,0,0.0113,0
34,CA1-V1,intermediate,10,0.0368,0,0.0006,0
34,CA1-V1,intermediate,11,0.0172,0,0.0143,0
34,CA1-V1,intermediate,12,-0.0033,0,-0.0042,0
34,CA1-V1,intermediate,13,-0.0035,0,-0.0141,-3
34,CA1-V1,intermediate,14,0.0012,0,-0.0128,7
34,CA1-V1,intermediate,15,0.0093,0,-0.0098,-3
34,CA1-V1,intermediate,16,0.0021,0,0.0013,0
34,CA1-V1,intermediate,17,0.0104,0,0.0498,0
34,CA1-V1,intermediate,18,0.0455,0,-0.0348,0
34,CA1-V1,intermediate,19,0.0063,0,-0.0116,0
34,CA1-V1,intermediate,20,-0.0131,0,-0.2255,-1
34,CA1-V1,expert,1,0.3497,1,-0.0073,-7
34,CA1-V1,expert,2,0.1987,0,-0.0506,-5
34,CA1-V1,expert,3,0.1238,0,-0.0093,-6
34,CA1-V1,expert,4,0.1215,0,0.0192,7
34,CA1-V1,expert,5,0.0424,0,-0.0388,-6
34,CA1-V1,expert,6,0.0815,0,0.0186,-2
34,CA1-V1,expert,7,0.0465,0,0.0183,4
34,CA1-V1,expert,8,0.0557,0,-0.0004,0
34,CA1-V1,expert,9,0.0233,0,-0.017,-1
34,CA1-V1,expert,10,0.0212,0,-0.0086,-2
34,CA1-V1,expert,11,0.0194,0,-0.0032,8
34,CA1-V1,expert,12,0.0224,0,0.0103,-4
34,CA1-V1,expert,13,0.0124,0,0.0209,0
34,CA1-V1,expert,14,-0.0146,0,-0.0022,-4
34,CA1-V1,expert,15,0.015,0,-0.0181,-4
34,CA1-V1,expert,16,0.0131,0,-0.0167,3
34,CA1-V1,expert,17,-0.0129,0,-0.0393,3
34,CA1-V1,expert,18,-0.0089,0,-0.0343,-8
34,CA1-V1,expert,19,-0.0051,0,0.0177,8
34,CA1-V1,expert,20,0.0157,0,0.0116,-5
36,CA1-V1,naive,1,0.1045,0,-0.0052,0
36,CA1-V1,naive,2,0.0549,0,-0.0487,-5
36,CA1-V1,naive,3,0.0409,0,-0.0047,6
36,CA1-V1,naive,4,0.0544,0,-0.0198,-2
36,CA1-V1,naive,5,0.0472,0,0.0007,-6
36,CA1-V1,naive,6,0.0312,0,-0.0154,8
36,CA1-V1,naive,7,0.0279,0,-0.0104,-1
36,CA1-V1,naive,8,0.0155,0,0.005,-4
36,CA1-V1,naive,9,0.0222,0,0.0089,0
36,CA1-V1,naive,10,0.033,0,0.0112,0
36,CA1-V1,naive,11,0.0252,0,-0.006,-7
36,CA1-V1,naive,12,0.027,0,0.0052,-7
36,CA1-V1,naive,13,0.0234,0,-0.015,0
36,CA1-V1,naive,14,0.0107,0,-0.0057,3
36,CA1-V1,naive,15,-0.0188,0,0.0198,8
36,CA1-V1,naive,16,0.0114,0,0.0054,3
36,CA1-V1,naive,17,0.0017,0,-0.0151,3
36,CA1-V1,naive,18,-0.0072,0,-0.0762,-7
36,CA1-V1,naive,19,-0.0173,0,-0.0374,5
36,CA1-V1,naive,20,0.0021,0,0.1869,-2
36,CA1-V1,intermediate,1,0.1404,1,0.0284,5
36,CA1-V1,intermediate,2,0.0399,0,0.0168,-6
36,CA1-V1,intermediate,3,0.0428,0,0.0345,5
36,CA1-V1,intermediate,4,-0.0173,0,0.0034,-4
36,CA1-V1,intermediate,5,-0.0051,0,-0.0068,-4
36,CA1-V1,intermediate,6,-0.0143,0,0.0031,3
36,CA1-V1,intermediate,7,-0.0228,0,0.0245,3
36,CA1-V1,intermediate,8,0.003,0,0.015,-4
36,CA1-V1,intermediate,9,0.0084,0,0.0233,8
36,CA1-V1,intermediate,10,-0.0024,0,0.0124,8
36,CA1-V1,intermediate,11,0.007,0,-0.0121,-8
36,CA1-V1,intermediate,12,-0.0156,0,-0.0137,6
36,CA1-V1,intermediate,13,-0.0156,0,0.0081,5
36,CA1-V1,intermediate,14,0.0034,0,-0.0254,-5
36,CA1-V1,intermediate,15,0.001,0,-0.0446,-8
36,CA1-V1,intermediate,16,-0.0045,0,-0.0034,5
36,CA1-V1,intermediate,17,-0.0134,0,0.0248,-2
36,CA1-V1,intermediate,18,-0.0171,0,0.022,4
36,CA1-V1,intermediate,19,0.0036,0,0.0245,-1
36,CA1-V1,intermediate,20,0.0242,0,0.1628,-6
36,CA1-V1,expert,1,0.125,0,-0.0165,-8
36,CA1-V1,expert,2,0.0834,0,0.023,6
36,CA1-V1,expert,3,0.106,0,-0.0156,0
36,CA1-V1,expert,4,0.0519,0,-0.024,4
36,CA1-V1,expert,5,0.0455,0,-0.0319,-2
36,CA1-V1,expert,6,0.0397,0,-0.033,-3
36,CA1-V1,expert,7,0.0458,0,-0.0334,0
36,CA1-V1,expert,8,0.0166,0,-0.0255,-6
36,CA1-V1,expert,9,0.0183,0,-0.0192,0
36,CA1-V1,expert,10,0.0118,0,0.0036,0
36,CA1-V1,expert,11,0.0385,0,-0.0082,3
36,CA1-V1,expert,12,0.0284,0,-0.0101,-1
36,CA1-V1,expert,13,0.011,0,0.003,-5
36,CA1-V1,expert,14,0.0071,0,-0.0006,2
36,CA1-V1,expert,15,0.0257,0,-0.0037,-5
36,CA1-V1,expert,16,0.0149,0,0.0244,0
36,CA1-V1,expert,17,0.0033,0,-0.0027,-8
36,CA1-V1,expert,18,0.0208,0,-0.0037,0
36,CA1-V1,expert,19,0.0052,0,-0.0103,-7
36,CA1-V1,expert,20,0.0029,0,-0.1474,-8
41,CA1-CA3,expert,1,0.3255,1,-0.0103,0
41,CA1-CA3,expert,2,0.2674,1,-0.0445,0
41,CA1-CA3,expert,3,0.1974,1,-0.0166,0
41,CA1-CA3,expert,4,0.0523,0,-0.0332,0
41,CA1-CA3,expert,5,0.0276,0,0.0092,0
41,CA1-CA3,expert,6,0.0334,0,0.0236,0
41,CA1-CA3,expert,7,0.0057,0,0.0285,0
41,CA1-CA3,expert,8,0.021,0,0.0236,0
41,CA1-CA3,expert,9,0.0451,0,0.0314,0
41,CA1-CA3,expert,10,-0.0172,0,-0.001,-7
41,CA1-CA3,expert,11,-0.0159,0,0.084,1
41,CA1-CA3,expert,12,-0.0033,0,0.1042,1
41,CA1-CA3,expert,13,-0.0128,0,-0.0788,-6
41,CA1-CA3,expert,14,0.0167,0,0.0443,-6
41,CA1-V1,naive,1,0.0879,0,-0.0387,-6
41,CA1-V1,naive,2,0.1007,0,-0.0368,-8
41,CA1-V1,naive,3,0.087,0,-0.0084,-1
41,CA1-V1,naive,4,0.0396,0,-0.0043,4
41,CA1-V1,naive,5,0.0478,0,-0.0301,-8
41,CA1-V1,naive,6,0.0128,0,-0.03,-7
41,CA1-V1,naive,7,0.0057,0,-0.0027,-4
41,CA1-V1,naive,8,0.0265,0,-0.0185,3
41,CA1-V1,naive,9,0.0217,0,0.0235,1
41,CA1-V1,naive,10,-0.0019,0,0.0314,1
41,CA1-V1,naive,11,0.0253,0,0.0016,4
41,CA1-V1,naive,12,0.0207,0,0.0738,0
41,CA1-V1,naive,13,0.0013,0,0.0997,1
41,CA1-V1,intermediate,1,0.1703,0,-0.0194,-6
41,CA1-V1,intermediate,2,0.0207,0,0.0414,5
41,CA1-V1,intermediate,3,0.0752,0,0.0352,5
41,CA1-V1,intermediate,4,0.0394,0,0.0063,2
41,CA1-V1,intermediate,5,0.059,0,0.0027,-4
41,CA1-V1,intermediate,6,0.0386,0,-0.0201,-4
41,CA1-V1,intermediate,7,0.0264,0,0.0161,4
41,CA1-V1,intermediate,8,0.0135,0,0.0118,-2
41,CA1-V1,intermediate,9,0.0235,0,0.035,6
41,CA1-V1,intermediate,10,-0.0027,0,0.0566,6
41,CA1-V1,intermediate,11,0.0271,0,0.0258,-6
41,CA1-V1,intermediate,12,0.0005,0,-0.0079,2
41,CA1-V1,intermediate,13,0.0074,0,0.018,0
41,CA1-V1,expert,1,0.1427,0,0.0416,8
41,CA1-V1,expert,2,0.0541,0,0.0288,7
41,CA1-V1,expert,3,0.0782,0,0.0089,-1
41,CA1-V1,expert,4,0.0329,0,0.031,5
41,CA1-V1,expert,5,0.0429,0,-0.0005,-4
41,CA1-V1,expert,6,0.0186,0,-0.0018,-4
41,CA1-V1,expert,7,0.0253,0,0.0318,4
41,CA1-V1,expert,8,0.0286,0,0.0019,-6
41,CA1-V1,expert,9,0.0148,0,-0.0089,1
41,CA1-V1,expert,10,0.0371,0,-0.0188,-6
41,CA1-V1,expert,11,0.0167,0,-0.0569,-6
41,CA1-V1,expert,12,-0.011,0,-0.024,-6
41,CA1-V1,expert,13,-0.0263,0,-0.0881,-6
52,CA1-RSC,naive,1,0.14,1,0.0632,3
52,CA1-RSC,naive,2,-0.1757,0,0.0341,5
52,CA1-RSC,naive,3,-0.1314,0,0.0205,0
52,CA1-RSC,naive,4,0.2121,1,0.0296,6
52,CA1-RSC,naive,5,-0.1886,0,0.0219,-7
52,CA1-RSC,naive,6,-0.1935,0,-0.0122,-7
52,CA1-RSC,naive,7,-0.0622,0,-0.0212,-8
52,CA1-RSC,intermediate,1,0.0441,0,-0.0314,-4
52,CA1-RSC,intermediate,2,0.0323,0,-0.0679,-4
52,CA1-RSC,intermediate,3,0.0365,0,-0.038,-4
52,CA1-RSC,intermediate,4,0.0052,0,-0.0206,-6
52,CA1-RSC,intermediate,5,0.0074,0,-0.0356,-4
52,CA1-RSC,intermediate,6,0.0114,0,0.0107,-6
52,CA1-RSC,intermediate,7,0.0052,0,0.0065,-6
52,CA1-RSC,expert,1,0.283,1,-0.0041,2
52,CA1-RSC,expert,2,0.0923,1,-0.0046,0
52,CA1-RSC,expert,3,0.2848,1,0.0408,0
52,CA1-RSC,expert,4,-0.0253,0,0.0298,0
52,CA1-RSC,expert,5,0.2852,1,0.0701,0
52,CA1-RSC,expert,6,-0.0166,0,0.0753,7
52,CA1-RSC,expert,7,0.2205,1,0.035,7
52,CA1-CA3,naive,1,0.2186,1,-0.015,0
52,CA1-CA3,naive,2,0.1799,1,0.024,0
52,CA1-CA3,naive,3,0.1096,1,0.0242,0
52,CA1-CA3,naive,4,0.1112,1,-0.0069,0
52,CA1-CA3,naive,5,0.0537,0,-0.0206,0
52,CA1-CA3,naive,6,0.0551,0,-0.0291,0
52,CA1-CA3,naive,7,0.0311,0,-0.0088,0
52,CA1-CA3,naive,8,0.0453,0,-0.046,0
52,CA1-CA3,naive,9,0.0046,0,-0.0262,-8
52,CA1-CA3,naive,10,0.015,0,-0.0397,-8
52,CA1-CA3,naive,11,0.0038,0,-0.0621,-8
52,CA1-CA3,naive,12,0.0226,0,-0.018,-8
52,CA1-CA3,naive,13,0.0166,0,-0.0141,-8
52,CA1-CA3,naive,14,-0.0164,0,-0.037,8
52,CA1-CA3,naive,15,0.0108,0,-0.0303,8
52,CA1-CA3,naive,16,-0.0249,0,-0.0404,-8
52,CA1-CA3,naive,17,0.0125,0,-0.0247,0
52,CA1-CA3,naive,18,0.0033,0,-0.0276,3
52,CA1-CA3,naive,19,-0.0005,0,0.0234,-5
52,CA1-CA3,naive,20,0.001,0,-0.2243,-4
52,CA1-CA3,intermediate,1,0.1408,1,0.0099,0
52,CA1-CA3,intermediate,2,0.1185,1,0.0341,0
52,CA1-CA3,intermediate,3,0.0576,0,0.0176,0
52,CA1-CA3,intermediate,4,0.0455,0,-0.0078,0
52,CA1-CA3,intermediate,5,0.0277,0,-0.0104,0
52,CA1-CA3,intermediate,6,0.0058,0,-0.0198,0
52,CA1-CA3,intermediate,7,0.0199,0,-0.0158,-1
52,CA1-CA3,intermediate,8,0.0126,0,-0.0038,-1
52,CA1-CA3,intermediate,9,0.0383,0,-0.0044,-1
52,CA1-CA3,intermediate,10,0.0134,0,0.004,-1
52,CA1-CA3,intermediate,11,0.0206,0,0.014,0
52,CA1-CA3,intermediate,12,0.0082,0,0.0118,0
52,CA1-CA3,intermediate,13,0.0117,0,-0.0013,7
52,CA1-CA3,intermediate,14,0.0093,0,-0.0142,0
52,CA1-CA3,intermediate,15,0.0128,0,0.0078,-1
52,CA1-CA3,intermediate,16,-0.0041,0,0.0413,7
52,CA1-CA3,intermediate,17,0.0085,0,0.0198,7
52,CA1-CA3,intermediate,18,-0.004,0,0.0478,7
52,CA1-CA3,intermediate,19,-0.0216,0,-0.0043,-6
52,CA1-CA3,intermediate,20,0.0074,0,-0.3271,-2
52,CA1-CA3,expert,1,0.1251,1,0.0139,0
52,CA1-CA3,expert,2,0.2411,1,-0.0229,0
52,CA1-CA3,expert,3,-0.12,0,-0.0111,0
52,CA1-CA3,expert,4,0.271,1,-0.0295,0
52,CA1-CA3,expert,5,0.1939,1,-0.0318,0
52,CA1-CA3,expert,6,0.1954,1,-0.0409,0
52,CA1-CA3,expert,7,-0.1798,0,-0.0481,0
52,CA1-CA3,expert,8,-0.1475,0,-0.0334,-1
52,CA1-CA3,expert,9,-0.1387,0,-0.0336,-1
52,CA1-CA3,expert,10,0.1729,1,-0.0094,0
52,CA1-CA3,expert,11,0.0984,0,-0.0238,0
52,CA1-CA3,expert,12,-0.0062,0,-0.042,-1
52,CA1-CA3,expert,13,-0.1866,0,-0.0512,-1
52,CA1-CA3,expert,14,0.0194,0,-0.0273,1
52,CA1-CA3,expert,15,0.1506,1,-0.0218,-5
52,CA1-CA3,expert,16,-0.0236,0,-0.0198,-7
52,CA1-CA3,expert,17,-0.0859,0,-0.0157,5
52,CA1-CA3,expert,18,-0.0132,0,-0.0098,5
52,CA1-CA3,expert,19,0.0447,0,0.0679,-7
52,CA1-CA3,expert,20,0.0458,0,0.0528,7
52,CA1-DG,naive,1,0.2185,1,-0.0063,0
52,CA1-DG,naive,2,-0.0615,0,0.0041,0
52,CA1-DG,naive,3,0.1225,1,0.0093,0
52,CA1-DG,naive,4,0.231,1,0.0242,0
52,CA1-DG,naive,5,0.19,1,-0.006,0
52,CA1-DG,naive,6,0.2291,1,0.0021,0
52,CA1-DG,naive,7,0.2007,1,0.016,0
52,CA1-DG,naive,8,0.2059,1,0.0137,0
52,CA1-DG,naive,9,-0.1831,0,0.0,0
52,CA1-DG,naive,10,-0.0498,0,-0.0014,0
52,CA1-DG,naive,11,0.1859,1,0.0116,0
52,CA1-DG,naive,12,-0.1906,0,0.0162,1
52,CA1-DG,naive,13,0.2094,1,0.0264,0
52,CA1-DG,naive,14,-0.1359,0,0.0099,0
52,CA1-DG,naive,15,-0.1924,0,-0.0317,0
52,CA1-DG,naive,16,0.1951,1,-0.0385,0
52,CA1-DG,naive,17,-0.1753,0,-0.0373,0
52,CA1-DG,naive,18,0.0978,1,-0.0052,0
52,CA1-DG,naive,19,-0.1707,0,0.0746,3
52,CA1-DG,naive,20,-0.2019,0,0.1714,8
52,CA1-DG,intermediate,1,0.2283,1,-0.0005,0
52,CA1-DG,intermediate,2,0.1058,1,-0.0108,0
52,CA1-DG,intermediate,3,0.1234,1,-0.0008,0
52,CA1-DG,intermediate,4,0.0672,0,-0.0003,0
52,CA1-DG,intermediate,5,0.0469,0,0.0094,0
52,CA1-DG,intermediate,6,0.0339,0,0.0038,0
52,CA1-DG,intermediate,7,0.0276,0,-0.0005,0
52,CA1-DG,intermediate,8,0.0197,0,0.0199,0
52,CA1-DG,intermediate,9,0.0038,0,0.003,0
52,CA1-DG,intermediate,10,0.0145,0,0.0375,0
52,CA1-DG,intermediate,11,-0.0024,0,0.0128,1
52,CA1-DG,intermediate,12,0.0023,0,0.0122,1
52,CA1-DG,intermediate,13,-0.0056,0,0.011,1
52,CA1-DG,intermediate,14,0.0195,0,0.0068,1
52,CA1-DG,intermediate,15,0.0013,0,0.0033,-3
52,CA1-DG,intermediate,16,-0.0017,0,0.0093,1
52,CA1-DG,intermediate,17,0.0041,0,0.0285,7
52,CA1-DG,intermediate,18,0.0033,0,0.0086,7
52,CA1-DG,intermediate,19,-0.0058,0,0.021,0
52,CA1-DG,intermediate,20,0.0097,0,0.049,3
52,CA1-DG,expert,1,0.5134,1,0.0061,0
52,CA1-DG,expert,2,0.2782,1,0.0191,0
52,CA1-DG,expert,3,0.3919,1,0.0354,0
52,CA1-DG,expert,4,-0.1119,0,0.0187,0
52,CA1-DG,expert,5,0.0612,0,-0.0034,0
52,CA1-DG,expert,6,-0.0098,0,0.0103,0
52,CA1-DG,expert,7,0.3718,1,0.0185,0
52,CA1-DG,expert,8,-0.1549,0,0.0153,1
52,CA1-DG,expert,9,0.0252,0,0.0033,0
52,CA1-DG,expert,10,-0.2149,0,0.0138,0
52,CA1-DG,expert,11,0.2625,1,0.0195,2
52,CA1-DG,expert,12,-0.1205,0,0.0413,2
52,CA1-DG,expert,13,0.0531,0,0.0489,3
52,CA1-DG,expert,14,0.2516,1,0.0475,6
52,CA1-DG,expert,15,0.3586,1,0.0379,1
52,CA1-DG,expert,16,-0.1265,0,0.084,6
52,CA1-DG,expert,17,-0.0569,0,0.0607,1
52,CA1-DG,expert,18,-0.0283,0,0.0281,3
52,CA1-DG,expert,19,0.0749,0,0.0331,3
52,CA1-DG,expert,20,-0.2619,0,-0.2211,-6
52,CA1-V1,naive,1,0.3033,1,-0.029,0
52,CA1-V1,naive,2,0.2704,1,-0.0736,-7
52,CA1-V1,naive,3,0.2875,1,0.0083,0
52,CA1-V1,naive,4,0.2335,1,-0.0441,-3
52,CA1-V1,naive,5,-0.168,0,-0.0292,-3
52,CA1-V1,naive,6,0.1058,0,-0.0354,-7
52,CA1-V1,naive,7,-0.142,0,-0.001,-3
52,CA1-V1,naive,8,0.004,0,-0.0033,1
52,CA1-V1,naive,9,0.2001,1,-0.0068,5
52,CA1-V1,naive,10,0.0121,0,0.0012,0
52,CA1-V1,naive,11,0.1361,0,-0.0272,0
52,CA1-V1,naive,12,-0.1526,0,-0.0272,-7
52,CA1-V1,naive,13,0.1501,0,-0.0334,-7
52,CA1-V1,naive,14,-0.1747,0,-0.0491,-7
52,CA1-V1,naive,15,-0.1835,0,0.0043,-2
52,CA1-V1,naive,16,-0.1476,0,0.0351,0
52,CA1-V1,naive,17,-0.0062,0,0.0157,-2
52,CA1-V1,naive,18,0.1921,1,-0.0993,-2
52,CA1-V1,naive,19,0.1942,1,-0.1202,-3
52,CA1-V1,naive,20,0.0814,0,-0.1,-5
52,CA1-V1,intermediate,1,0.2462,1,-0.0577,0
52,CA1-V1,intermediate,2,0.2465,1,-0.0232,0
52,CA1-V1,intermediate,3,0.1263,0,-0.0416,-8
52,CA1-V1,intermediate,4,0.0973,0,-0.0001,-6
52,CA1-V1,intermediate,5,0.0327,0,-0.0607,-6
52,CA1-V1,intermediate,6,0.0508,0,-0.0477,-6
52,CA1-V1,intermediate,7,0.0387,0,-0.0341,-7
52,CA1-V1,intermediate,8,0.0279,0,-0.0437,-4
52,CA1-V1,intermediate,9,-0.0005,0,-0.0173,1
52,CA1-V1,intermediate,10,-0.0058,0,-0.0306,1
52,CA1-V1,intermediate,11,0.0141,0,-0.0117,-7
52,CA1-V1,intermediate,12,0.013,0,-0.0097,-4
52,CA1-V1,intermediate,13,0.0012,0,-0.029,-4
52,CA1-V1,intermediate,14,0.0049,0,-0.0167,-4
52,CA1-V1,intermediate,15,0.0063,0,0.0029,-2
52,CA1-V1,intermediate,16,0.005,0,0.0155,6
52,CA1-V1,intermediate,17,-0.0088,0,-0.0397,-7
52,CA1-V1,intermediate,18,0.0043,0,-0.012,-7
52,CA1-V1,intermediate,19,0.0014,0,0.0923,2
52,CA1-V1,intermediate,20,-0.0128,0,-0.3996,-7
52,CA1-V1,expert,1,0.0642,0,-0.0003,0
52,CA1-V1,expert,2,0.4133,1,-0.0152,0
52,CA1-V1,expert,3,0.3231,1,-0.0628,-4
52,CA1-V1,expert,4,-0.107,0,0.0028,3
52,CA1-V1,expert,5,0.2385,0,-0.0345,-2
52,CA1-V1,expert,6,0.255,0,-0.0011,0
52,CA1-V1,expert,7,0.1372,0,0.0068,-4
52,CA1-V1,expert,8,0.1276,0,0.0137,-1
52,CA1-V1,expert,9,-0.1557,0,0.0107,5
52,CA1-V1,expert,10,0.2229,0,-0.0007,-2
52,CA1-V1,expert,11,0.1225,0,0.0037,5
52,CA1-V1,expert,12,-0.0711,0,-0.0223,-7
52,CA1-V1,expert,13,0.0135,0,-0.0382,1
52,CA1-V1,expert,14,-0.1332,0,-0.0171,1
52,CA1-V1,expert,15,0.0767,0,-0.0144,1
52,CA1-V1,expert,16,0.1668,0,-0.0426,-7
52,CA1-V1,expert,17,0.1741,0,-0.0306,-5
52,CA1-V1,expert,18,0.0046,0,-0.0233,-6
52,CA1-V1,expert,19,-0.1877,0,0.1647,6
52,CA1-V1,expert,20,0.0153,0,0.2662,0
52,CA3-DG,naive,1,0.6242,1,0.0165,0
52,CA3-DG,naive,2,0.5813,1,0.0684,0
52,CA3-DG,naive,3,0.0919,1,-0.0035,0
52,CA3-DG,naive,4,0.3921,1,-0.0427,0
52,CA3-DG,naive,5,0.2835,1,-0.0446,0
52,CA3-DG,naive,6,-0.058,0,-0.0365,0
52,CA3-DG,naive,7,0.3023,1,0.0083,0
52,CA3-DG,naive,8,-0.0404,0,0.0331,0
52,CA3-DG,naive,9,0.2172,1,-0.0112,0
52,CA3-DG,naive,10,-0.1711,0,0.0191,0
52,CA3-DG,naive,11,0.2017,1,-0.0144,0
52,CA3-DG,naive,12,-0.1783,0,-0.0104,0
52,CA3-DG,naive,13,0.2057,1,-0.0075,0
52,CA3-DG,naive,14,0.1806,1,0.045,0
52,CA3-DG,naive,15,0.2049,1,0.0104,0
52,CA3-DG,naive,16,0.0284,0,-0.0284,0
52,CA3-DG,naive,17,0.2158,1,0.0067,0
52,CA3-DG,naive,18,0.0929,1,0.0853,-4
52,CA3-DG,naive,19,0.1844,1,0.0123,6
52,CA3-DG,naive,20,-0.1916,0,-0.2877,-3
52,CA3-DG,intermediate,1,0.5583,1,0.0049,0
52,CA3-DG,intermediate,2,0.5064,1,0.0141,0
52,CA3-DG,intermediate,3,0.3382,1,-0.0281,0
52,CA3-DG,intermediate,4,0.2974,1,-0.0208,0
52,CA3-DG,intermediate,5,0.1656,1,-0.0411,0
52,CA3-DG,intermediate,6,0.1365,1,-0.0203,0
52,CA3-DG,intermediate,7,0.0932,0,-0.033,0
52,CA3-DG,intermediate,8,0.0779,0,-0.0248,0
52,CA3-DG,intermediate,9,0.0235,0,-0.0456,0
52,CA3-DG,intermediate,10,0.0151,0,-0.0309,0
52,CA3-DG,intermediate,11,0.0319,0,-0.0499,0
52,CA3-DG,intermediate,12,0.0151,0,-0.0607,0
52,CA3-DG,intermediate,13,0.0263,0,-0.0773,0
52,CA3-DG,intermediate,14,0.0289,0,-0.0107,0
52,CA3-DG,intermediate,15,0.023,0,-0.0549,0
52,CA3-DG,intermediate,16,-0.0096,0,-0.0443,0
52,CA3-DG,intermediate,17,0.0221,0,-0.0456,-1
52,CA3-DG,intermediate,18,0.0089,0,0.0096,-1
52,CA3-DG,intermediate,19,0.0105,0,0.0096,2
52,CA3-DG,intermediate,20,-0.0026,0,-0.1191,-2
52,CA3-DG,expert,1,0.0036,0,0.0243,0
52,CA3-DG,expert,2,0.6503,1,0.0306,0
52,CA3-DG,expert,3,-0.2418,0,-0.0656,0
52,CA3-DG,expert,4,-0.1701,0,-0.0791,0
52,CA3-DG,expert,5,0.4778,1,-0.046,0
52,CA3-DG,expert,6,-0.1517,0,-0.0016,0
52,CA3-DG,expert,7,-0.0918,0,-0.0121,0
52,CA3-DG,expert,8,0.2628,1,-0.0176,0
52,CA3-DG,expert,9,0.1075,1,0.0105,0
52,CA3-DG,expert,10,0.3401,1,0.0041,0
52,CA3-DG,expert,11,-0.3228,0,0.0297,0
52,CA3-DG,expert,12,0.3161,1,0.0096,0
52,CA3-DG,expert,13,0.0004,0,-0.0318,-1
52,CA3-DG,expert,14,0.1135,1,-0.0229,-1
52,CA3-DG,expert,15,-0.0015,0,-0.0052,-1
52,CA3-DG,expert,16,-0.2803,0,-0.0362,-6
52,CA3-DG,expert,17,-0.0837,0,-0.0058,-6
52,CA3-DG,expert,18,-0.1645,0,0.0877,1
52,CA3-DG,expert,19,-0.1912,0,0.1207,3
52,CA3-DG,expert,20,-0.005,0,0.1389,0
52,V1-RSC,naive,1,0.1116,1,0.0335,0
52,V1-RSC,naive,2,-0.0342,0,0.0937,8
52,V1-RSC,naive,3,0.2224,1,0.0891,8
52,V1-RSC,naive,4,-0.1364,0,0.0957,8
52,V1-RSC,naive,5,0.2211,1,0.032,5
52,V1-RSC,naive,6,0.2141,1,-0.0017,0
52,V1-RSC,naive,7,-0.209,0,0.0417,5
52,V1-RSC,intermediate,1,0.1437,1,0.0109,0
52,V1-RSC,intermediate,2,0.0782,0,0.0601,0
52,V1-RSC,intermediate,3,0.0772,0,0.0196,0
52,V1-RSC,intermediate,4,0.0791,0,0.0565,0
52,V1-RSC,intermediate,5,0.0461,0,0.0262,2
52,V1-RSC,intermediate,6,0.0483,0,0.0295,2
52,V1-RSC,intermediate,7,-0.0018,0,0.0401,3
52,V1-RSC,expert,1,-0.2056,0,0.073,5
52,V1-RSC,expert,2,0.4329,1,0.0543,0
52,V1-RSC,expert,3,0.4117,1,0.0312,0
52,V1-RSC,expert,4,0.3548,1,0.0452,5
52,V1-RSC,expert,5,0.1325,1,0.0185,6
52,V1-RSC,expert,6,0.3909,1,-0.0157,-1
52,V1-RSC,expert,7,-0.3398,0,0.0029,-8
61,CA1-RSC,naive,1,0.1186,0,0.0623,0
61,CA1-RSC,naive,2,-0.0663,0,0.0018,2
61,CA1-RSC,naive,3,0.056,0,0.0034,0
61,CA1-RSC,naive,4,0.025,0,-0.0007,0
61,CA1-RSC,naive,5,0.0299,0,-0.0098,0
61,CA1-RSC,naive,6,-0.1008,0,-0.0021,0
61,CA1-RSC,naive,7,0.0034,0,0.0274,7
61,CA1-RSC,naive,8,-0.0066,0,0.0246,1
61,CA1-RSC,naive,9,0.0232,0,0.0018,1
61,CA1-RSC,naive,10,-0.0189,0,0.015,1
61,CA1-RSC,naive,11,-0.0495,0,0.0035,-3
61,CA1-RSC,naive,12,-0.0413,0,0.0075,1
61,CA1-RSC,naive,13,0.0568,0,0.0049,0
61,CA1-RSC,naive,14,-0.0283,0,0.0165,0
61,CA1-RSC,naive,15,-0.0239,0,0.042,7
61,CA1-RSC,naive,16,-0.0076,0,0.0524,7
61,CA1-RSC,naive,17,0.0078,0,0.0151,4
61,CA1-RSC,naive,18,0.0561,0,-0.02,-4
61,CA1-RSC,naive,19,0.0455,0,-0.0491,0
61,CA1-RSC,naive,20,-0.0864,0,-0.3001,-6
61,CA1-RSC,intermediate,1,0.1261,0,0.0343,0
61,CA1-RSC,intermediate,2,0.1524,1,0.0415,0
61,CA1-RSC,intermediate,3,0.0162,0,-0.0224,0
61,CA1-RSC,intermediate,4,0.127,0,0.0048,2
61,CA1-RSC,intermediate,5,0.0495,0,0.0107,2
61,CA1-RSC,intermediate,6,0.1453,1,0.0102,0
61,CA1-RSC,intermediate,7,0.0808,0,0.0297,0
61,CA1-RSC,intermediate,8,0.0594,0,0.0562,1
61,CA1-RSC,intermediate,9,0.0253,0,0.0499,3
61,CA1-RSC,intermediate,10,0.0196,0,0.0568,1
61,CA1-RSC,intermediate,11,0.0727,0,0.024,0
61,CA1-RSC,intermediate,12,0.0216,0,0.0418,0
61,CA1-RSC,intermediate,13,0.0406,0,0.0655,1
61,CA1-RSC,intermediate,14,0.0264,0,0.0408,1
61,CA1-RSC,intermediate,15,0.0402,0,0.0978,1
61,CA1-RSC,intermediate,16,-0.009,0,0.0432,0
61,CA1-RSC,intermediate,17,-0.0296,0,-0.0142,-5
61,CA1-RSC,intermediate,18,0.0119,0,-0.0154,2
61,CA1-RSC,intermediate,19,-0.0376,0,0.0167,-5
61,CA1-RSC,intermediate,20,0.0083,0,-0.1875,7
61,CA1-RSC,expert,1,0.1505,1,-0.0028,0
61,CA1-RSC,expert,2,0.1585,1,0.0575,8
61,CA1-RSC,expert,3,0.1569,1,0.0385,0
61,CA1-RSC,expert,4,0.061,0,0.0009,1
61,CA1-RSC,expert,5,0.0765,0,-0.0019,0
61,CA1-RSC,expert,6,0.0877,0,-0.0172,0
61,CA1-RSC,expert,7,0.0759,0,0.0022,0
61,CA1-RSC,expert,8,-0.0245,0,-0.0012,0
61,CA1-RSC,expert,9,-0.0086,0,0.0156,0
61,CA1-RSC,expert,10,-0.0121,0,0.0281,0
61,CA1-RSC,expert,11,-0.0025,0,0.0037,0
61,CA1-RSC,expert,12,0.0957,0,0.0207,0
61,CA1-RSC,expert,13,0.0914,0,0.0257,0
61,CA1-RSC,expert,14,0.1054,0,0.0249,2
61,CA1-RSC,expert,15,0.0399,0,0.0275,0
61,CA1-RSC,expert,16,-0.0269,0,0.0004,0
61,CA1-RSC,expert,17,0.0445,0,-0.0155,6
61,CA1-RSC,expert,18,0.0035,0,0.0052,3
61,CA1-RSC,expert,19,0.0092,0,-0.0582,-6
61,CA1-RSC,expert,20,0.1001,0,-0.2441,-6
61,CA1-CA3,naive,1,0.2669,1,-0.0675,-1
61,CA1-CA3,naive,2,0.0404,0,-0.1059,-2
61,CA1-CA3,naive,3,-0.4226,0,-0.0422,0
61,CA1-CA3,naive,4,-0.2505,0,-0.0361,0
61,CA1-CA3,naive,5,0.0067,0,-0.0392,0
61,CA1-CA3,naive,6,-0.1422,0,-0.0496,0
61,CA1-CA3,naive,7,0.3556,1,-0.0327,-5
61,CA1-CA3,naive,8,0.0134,0,-0.0455,-2
61,CA1-CA3,naive,9,-0.1426,0,-0.0227,-7
61,CA1-CA3,naive,10,0.0581,0,-0.0302,-7
61,CA1-CA3,naive,11,0.163,1,-0.0226,1
61,CA1-CA3,naive,12,-0.3476,0,-0.0305,0
61,CA1-CA3,naive,13,-0.3471,0,-0.0132,0
61,CA1-CA3,naive,14,0.3402,1,-0.0254,0
61,CA1-CA3,naive,15,0.2147,1,-0.0137,-8
61,CA1-CA3,naive,16,-0.3694,0,0.0099,0
61,CA1-CA3,naive,17,-0.2682,0,-0.0078,2
61,CA1-CA3,naive,18,0.3538,1,-0.1446,-7
61,CA1-CA3,naive,19,-0.0845,0,-0.0709,-3
61,CA1-CA3,naive,20,-0.3461,0,-0.0256,-1
61,CA1-CA3,intermediate,1,0.3557,1,0.0192,0
61,CA1-CA3,intermediate,2,0.2565,1,0.033,0
61,CA1-CA3,intermediate,3,-0.1112,0,0.0,0
61,CA1-CA3,intermediate,4,0.2382,1,0.0056,0
61,CA1-CA3,intermediate,5,0.244,1,-0.0012,0
61,CA1-CA3,intermediate,6,0.0568,0,-0.0029,0
61,CA1-CA3,intermediate,7,0.2202,1,-0.0089,0
61,CA1-CA3,intermediate,8,-0.176,0,-0.0273,0
61,CA1-CA3,intermediate,9,-0.179,0,-0.0111,0
61,CA1-CA3,intermediate,10,0.2202,1,-0.0136,0
61,CA1-CA3,intermediate,11,0.2048,1,-0.0039,1
61,CA1-CA3,intermediate,12,0.1861,1,-0.0434,5
61,CA1-CA3,intermediate,13,-0.1783,0,-0.0247,-8
61,CA1-CA3,intermediate,14,0.1789,1,-0.0431,0
61,CA1-CA3,intermediate,15,-0.1704,0,-0.0263,0
61,CA1-CA3,intermediate,16,0.1896,1,-0.056,0
61,CA1-CA3,intermediate,17,0.1769,1,-0.0552,0
61,CA1-CA3,intermediate,18,-0.1623,0,-0.0052,-5
61,CA1-CA3,intermediate,19,0.1798,1,0.037,0
61,CA1-CA3,intermediate,20,0.1884,1,0.0959,3
61,CA1-CA3,expert,1,0.5157,1,-0.0781,0
61,CA1-CA3,expert,2,-0.0059,0,-0.0138,0
61,CA1-CA3,expert,3,0.1429,1,0.0094,0
61,CA1-CA3,expert,4,0.0816,0,-0.0007,0
61,CA1-CA3,expert,5,-0.3172,0,0.0154,0
61,CA1-CA3,expert,6,0.3247,1,0.0233,0
61,CA1-CA3,expert,7,0.0069,0,0.0014,0
61,CA1-CA3,expert,8,0.1747,1,0.0071,0
61,CA1-CA3,expert,9,0.0563,0,0.0152,0
61,CA1-CA3,expert,10,0.2471,1,-0.0068,0
61,CA1-CA3,expert,11,-0.0934,0,0.0163,0
61,CA1-CA3,expert,12,0.2377,1,0.0287,0
61,CA1-CA3,expert,13,0.3129,1,0.0343,0
61,CA1-CA3,expert,14,-0.1188,0,0.0219,6
61,CA1-CA3,expert,15,-0.3746,0,0.0238,2
61,CA1-CA3,expert,16,-0.3784,0,-0.0035,2
61,CA1-CA3,expert,17,0.35,1,-0.0064,-7
61,CA1-CA3,expert,18,-0.1192,0,0.0022,6
61,CA1-CA3,expert,19,0.0013,0,-0.0351,-3
61,CA1-CA3,expert,20,0.2467,1,-0.0485,-3
61,CA1-DG,naive,1,0.1162,0,-0.0214,0
61,CA1-DG,naive,2,-0.0187,0,0.0001,1
61,CA1-DG,naive,3,-0.0131,0,-0.0027,-1
61,CA1-DG,naive,4,0.0049,0,-0.0045,1
61,CA1-DG,naive,5,-0.0074,0,-0.0269,-2
61,CA1-DG,naive,6,0.0175,0,-0.021,-8
61,CA1-DG,naive,7,0.0174,0,-0.0141,-4
61,CA1-DG,naive,8,0.052,0,-0.0085,-1
61,CA1-DG,naive,9,0.043,0,-0.0222,-4
61,CA1-DG,naive,10,-0.105,0,-0.0298,-1
61,CA1-DG,naive,11,0.0128,0,-0.0164,-1
61,CA1-DG,naive,12,-0.0276,0,-0.0407,-3
61,CA1-DG,naive,13,0.0265,0,-0.0309,-4
61,CA1-DG,naive,14,-0.0013,0,-0.0463,-4
61,CA1-DG,naive,15,0.013,0,-0.0314,4
61,CA1-DG,naive,16,0.0326,0,-0.041,-8
61,CA1-DG,naive,17,0.0012,0,-0.1096,-7
61,CA1-DG,naive,18,-0.0197,0,-0.0626,-4
61,CA1-DG,naive,19,-0.0063,0,0.035,7
61,CA1-DG,naive,20,-0.0645,0,0.1893,-8
61,CA1-DG,intermediate,1,0.2037,1,-0.0124,0
61,CA1-DG,intermediate,2,0.0443,0,0.0178,0
61,CA1-DG,intermediate,3,0.0404,0,0.0067,0
61,CA1-DG,intermediate,4,0.0481,0,0.019,0
61,CA1-DG,intermediate,5,0.0173,0,0.0009,0
61,CA1-DG,intermediate,6,0.0131,0,-0.0005,0
61,CA1-DG,intermediate,7,0.0219,0,-0.0082,0
61,CA1-DG,intermediate,8,-0.0548,0,0.0073,0
61,CA1-DG,intermediate,9,0.0083,0,-0.0002,0
61,CA1-DG,intermediate,10,0.0193,0,-0.0027,2
61,CA1-DG,intermediate,11,0.0155,0,-0.0065,0
61,CA1-DG,intermediate,12,0.0168,0,-0.0075,0
61,CA1-DG,intermediate,13,0.0064,0,0.0083,0
61,CA1-DG,intermediate,14,-0.0393,0,-0.0194,0
61,CA1-DG,intermediate,15,-0.028,0,-0.019,-4
61,CA1-DG,intermediate,16,-0.0765,0,-0.0117,0
61,CA1-DG,intermediate,17,0.0209,0,-0.037,-3
61,CA1-DG,intermediate,18,0.0002,0,0.0758,1
61,CA1-DG,intermediate,19,-0.0086,0,-0.0299,-2
61,CA1-DG,intermediate,20,0.03,0,-0.3554,-2
61,CA1-DG,expert,1,0.2138,1,-0.0253,0
61,CA1-DG,expert,2,0.0951,0,-0.0056,0
61,CA1-DG,expert,3,-0.0083,0,-0.0216,0
61,CA1-DG,expert,4,-0.027,0,-0.0294,0
61,CA1-DG,expert,5,0.0375,0,-0.0147,0
61,CA1-DG,expert,6,0.0475,0,-0.0268,0
61,CA1-DG,expert,7,-0.0132,0,-0.0525,-7
61,CA1-DG,expert,8,0.0155,0,-0.0451,-3
61,CA1-DG,expert,9,0.0325,0,-0.0298,0
61,CA1-DG,expert,10,0.022,0,-0.0373,-4
61,CA1-DG,expert,11,0.0262,0,-0.0295,-7
61,CA1-DG,expert,12,-0.0038,0,-0.0284,-3
61,CA1-DG,expert,13,0.0157,0,-0.051,-7
61,CA1-DG,expert,14,-0.0226,0,-0.0631,-8
61,CA1-DG,expert,15,0.0051,0,-0.0678,-8
61,CA1-DG,expert,16,-0.0084,0,-0.0697,-4
61,CA1-DG,expert,17,0.0034,0,-0.043,0
61,CA1-DG,expert,18,0.0048,0,-0.0684,0
61,CA1-DG,expert,19,-0.0044,0,-0.111,0
61,CA1-DG,expert,20,0.0046,0,-0.5013,0
61,CA1-V1,naive,1,0.1379,1,-0.0271,0
61,CA1-V1,naive,2,0.1146,0,-0.0412,0
61,CA1-V1,naive,3,0.1328,0,-0.0265,7
61,CA1-V1,naive,4,0.0742,0,-0.0018,0
61,CA1-V1,naive,5,-0.0348,0,-0.0008,7
61,CA1-V1,naive,6,-0.0054,0,-0.0013,0
61,CA1-V1,naive,7,0.0062,0,0.0042,0
61,CA1-V1,naive,8,-0.1187,0,-0.0049,-2
61,CA1-V1,naive,9,-0.0131,0,0.0066,6
61,CA1-V1,naive,10,-0.078,0,-0.0111,-1
61,CA1-V1,naive,11,0.0388,0,0.0023,7
61,CA1-V1,naive,12,-0.0277,0,0.0144,2
61,CA1-V1,naive,13,0.0497,0,0.0297,2
61,CA1-V1,naive,14,0.1836,1,0.0394,6
61,CA1-V1,naive,15,0.0621,0,0.0641,6
61,CA1-V1,naive,16,0.0316,0,0.0249,7
61,CA1-V1,naive,17,-0.0048,0,0.0355,3
61,CA1-V1,naive,18,0.0223,0,0.0502,3
61,CA1-V1,naive,19,-0.1018,0,0.1133,1
61,CA1-V1,naive,20,-0.0055,0,0.6208,3
61,CA1-V1,intermediate,1,0.2602,1,-0.0066,0
61,CA1-V1,intermediate,2,0.2594,1,-0.0432,0
61,CA1-V1,intermediate,3,0.0553,0,0.0094,8
61,CA1-V1,intermediate,4,-0.089,0,0.0087,8
61,CA1-V1,intermediate,5,-0.002,0,-0.0048,-5
61,CA1-V1,intermediate,6,0.0246,0,0.0016,0
61,CA1-V1,intermediate,7,0.0265,0,-0.0053,-3
61,CA1-V1,intermediate,8,-0.0091,0,-0.0053,-5
61,CA1-V1,intermediate,9,0.0168,0,-0.0089,3
61,CA1-V1,intermediate,10,0.0103,0,-0.0236,-5
61,CA1-V1,intermediate,11,0.0408,0,-0.0009,0
61,CA1-V1,intermediate,12,-0.0264,0,0.0087,0
61,CA1-V1,intermediate,13,0.0446,0,0.0325,0
61,CA1-V1,intermediate,14,0.0152,0,0.0265,8
61,CA1-V1,intermediate,15,-0.0217,0,-0.0031,8
61,CA1-V1,intermediate,16,0.0145,0,0.0486,4
61,CA1-V1,intermediate,17,-0.0123,0,0.0235,2
61,CA1-V1,intermediate,18,-0.0201,0,-0.0651,-6
61,CA1-V1,intermediate,19,0.0062,0,-0.1359,-6
61,CA1-V1,intermediate,20,0.0112,0,-0.3623,8
61,CA1-V1,expert,1,0.3539,1,0.0047,0
61,CA1-V1,expert,2,0.1394,1,-0.0026,0
61,CA1-V1,expert,3,-0.0051,0,0.0029,0
61,CA1-V1,expert,4,-0.0082,0,0.0176,0
61,CA1-V1,expert,5,-0.075,0,-0.0025,0
61,CA1-V1,expert,6,0.1007,0,-0.007,0
61,CA1-V1,expert,7,0.0475,0,0.0009,-1
61,CA1-V1,expert,8,-0.013,0,0.0163,7
61,CA1-V1,expert,9,0.0077,0,0.0324,7
61,CA1-V1,expert,10,0.0485,0,0.018,2
61,CA1-V1,expert,11,-0.0039,0,0.0085,0
61,CA1-V1,expert,12,0.0153,0,0.024,0
61,CA1-V1,expert,13,0.1075,0,0.0436,1
61,CA1-V1,expert,14,-0.0363,0,0.0542,7
61,CA1-V1,expert,15,0.0199,0,0.0583,1
61,CA1-V1,expert,16,0.0074,0,0.1139,2
61,CA1-V1,expert,17,-0.007,0,0.1204,4
61,CA1-V1,expert,18,-0.0067,0,0.0456,-8
61,CA1-V1,expert,19,-0.0126,0,-0.017,-5
61,CA1-V1,expert,20,-0.0353,0,-0.1913,7
61,CA3-DG,naive,1,0.4019,1,-0.0422,0
61,CA3-DG,naive,2,0.4907,1,-0.0498,0
61,CA3-DG,naive,3,0.3504,1,-0.0366,0
61,CA3-DG,naive,4,0.2389,1,-0.0311,0
61,CA3-DG,naive,5,0.0814,0,0.0198,0
61,CA3-DG,naive,6,-0.0456,0,-0.0156,0
61,CA3-DG,naive,7,-0.0197,0,-0.048,-1
61,CA3-DG,naive,8,-0.0096,0,-0.0015,-1
61,CA3-DG,naive,9,0.0096,0,-0.0068,-1
61,CA3-DG,naive,10,-0.0137,0,0.0135,0
61,CA3-DG,naive,11,-0.0304,0,0.0194,0
61,CA3-DG,naive,12,-0.0413,0,0.0078,0
61,CA3-DG,naive,13,0.0231,0,0.0105,6
61,CA3-DG,naive,14,-0.0134,0,-0.0295,-1
61,CA3-DG,naive,15,0.0887,0,-0.0234,-5
61,CA3-DG,naive,16,0.0206,0,-0.0414,-1
61,CA3-DG,naive,17,-0.0346,0,-0.0027,-1
61,CA3-DG,naive,18,-0.0307,0,-0.0186,-1
61,CA3-DG,naive,19,0.0206,0,0.0003,-1
61,CA3-DG,naive,20,0.054,0,-0.2499,-1
61,CA3-DG,intermediate,1,0.4543,1,-0.0394,0
61,CA3-DG,intermediate,2,0.3411,1,-0.0246,0
61,CA3-DG,intermediate,3,0.2769,1,0.0035,0
61,CA3-DG,intermediate,4,0.1779,1,-0.0191,0
61,CA3-DG,intermediate,5,0.1349,1,-0.0022,0
61,CA3-DG,intermediate,6,0.0905,0,-0.0288,0
61,CA3-DG,intermediate,7,-0.0018,0,-0.0285,0
61,CA3-DG,intermediate,8,0.011,0,-0.0336,0
61,CA3-DG,intermediate,9,0.0289,0,-0.0194,0
61,CA3-DG,intermediate,10,0.0442,0,0.0006,0
61,CA3-DG,intermediate,11,0.0086,0,-0.0181,0
61,CA3-DG,intermediate,12,0.0208,0,-0.0317,0
61,CA3-DG,intermediate,13,0.0071,0,-0.0186,5
61,CA3-DG,intermediate,14,-0.0125,0,-0.0219,-1
61,CA3-DG,intermediate,15,-0.0184,0,-0.0005,-1
61,CA3-DG,intermediate,16,0.0107,0,0.03,-1
61,CA3-DG,intermediate,17,-0.0147,0,0.0012,-1
61,CA3-DG,intermediate,18,0.0189,0,-0.0364,-3
61,CA3-DG,intermediate,19,-0.0178,0,-0.1017,-8
61,CA3-DG,intermediate,20,0.0074,0,-0.1105,-3
61,CA3-DG,expert,1,0.4613,1,-0.0257,0
61,CA3-DG,expert,2,0.3696,1,-0.0096,0
61,CA3-DG,expert,3,0.3468,1,0.0062,0
61,CA3-DG,expert,4,0.3346,1,0.0423,0
61,CA3-DG,expert,5,0.1372,1,-0.018,0
61,CA3-DG,expert,6,0.1005,1,-0.02,0
61,CA3-DG,expert,7,0.0626,0,-0.0426,0
61,CA3-DG,expert,8,0.0026,0,-0.0353,-1
61,CA3-DG,expert,9,0.0012,0,0.004,0
61,CA3-DG,expert,10,0.0177,0,0.0134,0
61,CA3-DG,expert,11,0.0156,0,-0.0005,-1
61,CA3-DG,expert,12,0.0266,0,0.0053,0
61,CA3-DG,expert,13,0.0095,0,0.0252,0
61,CA3-DG,expert,14,0.0101,0,0.0046,0
61,CA3-DG,expert,15,0.0065,0,-0.0213,0
61,CA3-DG,expert,16,0.0157,0,0.0075,0
61,CA3-DG,expert,17,-0.0031,0,0.08,4
61,CA3-DG,expert,18,0.0089,0,0.0338,-5
61,CA3-DG,expert,19,-0.0056,0,0.0921,-4
61,CA3-DG,expert,20,0.0008,0,0.1728,7
61,V1-RSC,naive,1,0.1505,0,0.043,0
61,V1-RSC,naive,2,0.2341,1,0.0321,0
61,V1-RSC,naive,3,0.2702,1,0.0654,6
61,V1-RSC,naive,4,0.2141,1,0.0536,0
61,V1-RSC,naive,5,0.064,0,0.0096,0
61,V1-RSC,naive,6,0.0353,0,0.0199,6
61,V1-RSC,naive,7,0.0175,0,0.0346,0
61,V1-RSC,naive,8,0.0236,0,0.0399,1
61,V1-RSC,naive,9,0.0505,0,0.0233,4
61,V1-RSC,naive,10,0.0649,0,0.0288,4
61,V1-RSC,naive,11,-0.0931,0,-0.0071,0
61,V1-RSC,naive,12,0.0616,0,0.0157,2
61,V1-RSC,naive,13,0.0882,0,-0.0039,-3
61,V1-RSC,naive,14,0.0065,0,0.0123,0
61,V1-RSC,naive,15,0.0461,0,0.0235,0
61,V1-RSC,naive,16,0.0028,0,0.0301,-3
61,V1-RSC,naive,17,0.0621,0,0.1089,0
61,V1-RSC,naive,18,-0.0325,0,0.1032,2
61,V1-RSC,naive,19,0.0203,0,-0.0245,7
61,V1-RSC,naive,20,-0.0545,0,-0.0529,-3
61,V1-RSC,intermediate,1,0.3608,1,0.0115,0
61,V1-RSC,intermediate,2,0.3314,1,0.0057,0
61,V1-RSC,intermediate,3,0.2709,1,-0.0184,0
61,V1-RSC,intermediate,4,0.2292,1,0.0155,0
61,V1-RSC,intermediate,5,0.1257,0,0.0105,0
61,V1-RSC,intermediate,6,0.0739,0,0.0232,-1
61,V1-RSC,intermediate,7,0.0736,0,0.0276,6
61,V1-RSC,intermediate,8,-0.1093,0,0.0532,5
61,V1-RSC,intermediate,9,0.0206,0,0.0501,0
61,V1-RSC,intermediate,10,-0.0072,0,0.0368,3
61,V1-RSC,intermediate,11,0.0574,0,0.0523,0
61,V1-RSC,intermediate,12,-0.01,0,0.0699,3
61,V1-RSC,intermediate,13,0.1064,0,0.0522,5
61,V1-RSC,intermediate,14,0.0333,0,0.0603,1
61,V1-RSC,intermediate,15,0.0068,0,0.0609,5
61,V1-RSC,intermediate,16,0.0221,0,0.0666,5
61,V1-RSC,intermediate,17,0.0113,0,0.1252,8
61,V1-RSC,intermediate,18,0.0483,0,0.0494,5
61,V1-RSC,intermediate,19,0.0424,0,0.0904,5
61,V1-RSC,intermediate,20,0.1057,0,0.4188,2
61,V1-RSC,expert,1,0.3979,1,-0.0036,0
61,V1-RSC,expert,2,0.3174,1,-0.0113,0
61,V1-RSC,expert,3,0.3693,1,-0.0123,0
61,V1-RSC,expert,4,0.1434,0,-0.0003,0
61,V1-RSC,expert,5,0.0966,0,0.0188,0
61,V1-RSC,expert,6,0.0365,0,-0.0019,0
61,V1-RSC,expert,7,0.0774,0,0.0288,-2
61,V1-RSC,expert,8,0.0634,0,0.0388,0
61,V1-RSC,expert,9,0.059,0,0.0475,3
61,V1-RSC,expert,10,0.0484,0,0.049,2
61,V1-RSC,expert,11,0.0534,0,0.0436,0
61,V1-RSC,expert,12,0.0341,0,0.0456,3
61,V1-RSC,expert,13,-0.035,0,0.0587,0
61,V1-RSC,expert,14,-0.0013,0,0.0467,6
61,V1-RSC,expert,15,0.022,0,0.039,6
61,V1-RSC,expert,16,-0.0078,0,0.0947,6
61,V1-RSC,expert,17,-0.0432,0,0.0778,2
61,V1-RSC,expert,18,0.0201,0,0.0493,2
61,V1-RSC,expert,19,-0.0076,0,0.0322,2
61,V1-RSC,expert,20,-0.0174,0,-0.1768,2
63,CA1-RSC,naive,1,0.1263,1,0.0328,6
63,CA1-RSC,naive,2,0.0764,0,0.0018,1
63,CA1-RSC,naive,3,0.0424,0,-0.0088,-1
63,CA1-RSC,naive,4,0.011,0,0.0347,2
63,CA1-RSC,naive,5,0.0357,0,0.0198,-1
63,CA1-RSC,naive,6,0.0168,0,0.0491,-2
63,CA1-RSC,naive,7,0.0208,0,0.0426,1
63,CA1-RSC,naive,8,-0.0113,0,0.0191,-2
63,CA1-RSC,naive,9,-0.0064,0,0.0411,3
63,CA1-RSC,naive,10,-0.0076,0,0.0724,1
63,CA1-RSC,intermediate,1,0.0942,1,0.0484,1
63,CA1-RSC,intermediate,2,0.1052,1,0.0199,0
63,CA1-RSC,intermediate,3,0.0095,0,-0.0202,6
63,CA1-RSC,intermediate,4,0.0094,0,0.0205,6
63,CA1-RSC,intermediate,5,-0.0101,0,-0.0032,-3
63,CA1-RSC,intermediate,6,-0.0032,0,-0.0004,-3
63,CA1-RSC,intermediate,7,-0.022,0,-0.0182,-4
63,CA1-RSC,intermediate,8,-0.0036,0,0.0063,-2
63,CA1-RSC,intermediate,9,-0.0014,0,-0.0069,1
63,CA1-RSC,intermediate,10,0.005,0,0.0229,2
63,CA1-RSC,expert,1,0.0737,0,0.0236,1
63,CA1-RSC,expert,2,0.0716,0,0.0198,-3
63,CA1-RSC,expert,3,0.0481,0,-0.0282,-3
63,CA1-RSC,expert,4,0.001,0,-0.0182,-3
63,CA1-RSC,expert,5,0.02,0,-0.0026,-5
63,CA1-RSC,expert,6,0.0252,0,0.0291,-5
63,CA1-RSC,expert,7,-0.0046,0,0.0466,6
63,CA1-RSC,expert,8,-0.0193,0,0.0139,2
63,CA1-RSC,expert,9,0.0189,0,0.0106,-5
63,CA1-RSC,expert,10,0.0026,0,-0.0486,-5
66,CA1-RSC,naive,1,0.1622,1,-0.0053,0
66,CA1-RSC,naive,2,0.0915,0,0.0122,0
66,CA1-RSC,naive,3,0.0564,0,-0.0049,0
66,CA1-RSC,naive,4,0.028,0,0.0192,0
66,CA1-RSC,naive,5,0.0573,0,-0.008,0
66,CA1-RSC,naive,6,0.0313,0,0.0077,0
66,CA1-RSC,naive,7,0.0175,0,0.0303,0
66,CA1-RSC,naive,8,0.0327,0,0.0183,0
66,CA1-RSC,naive,9,-0.0072,0,0.0024,0
66,CA1-RSC,naive,10,0.0015,0,-0.0124,0
66,CA1-RSC,naive,11,-0.0071,0,-0.0031,6
66,CA1-RSC,naive,12,-0.006,0,-0.0233,0
66,CA1-RSC,naive,13,0.0069,0,-0.0025,-7
66,CA1-RSC,naive,14,-0.0148,0,-0.038,0
66,CA1-RSC,naive,15,0.0029,0,-0.0671,-2
66,CA1-RSC,naive,16,0.0196,0,-0.1137,-4
66,CA1-RSC,intermediate,1,0.0599,0,0.0091,6
66,CA1-RSC,intermediate,2,0.082,0,0.0131,0
66,CA1-RSC,intermediate,3,0.0315,0,0.0417,0
66,CA1-RSC,intermediate,4,0.0478,0,0.0093,0
66,CA1-RSC,intermediate,5,0.0463,0,0.0159,0
66,CA1-RSC,intermediate,6,0.0554,0,0.0247,0
66,CA1-RSC,intermediate,7,0.042,0,0.0016,0
66,CA1-RSC,intermediate,8,0.0764,0,0.0157,0
66,CA1-RSC,intermediate,9,-0.0129,0,0.0045,3
66,CA1-RSC,intermediate,10,-0.0001,0,0.0366,3
66,CA1-RSC,intermediate,11,-0.0141,0,0.0243,4
66,CA1-RSC,intermediate,12,0.0278,0,0.0423,4
66,CA1-RSC,intermediate,13,0.019,0,0.025,0
66,CA1-RSC,intermediate,14,0.0215,0,0.0733,0
66,CA1-RSC,intermediate,15,0.0409,0,0.0945,0
66,CA1-RSC,intermediate,16,0.0324,0,-0.089,0
66,CA1-RSC,expert,1,0.119,0,0.0182,0
66,CA1-RSC,expert,2,0.06,0,0.0372,0
66,CA1-RSC,expert,3,0.0738,0,0.0259,0
66,CA1-RSC,expert,4,0.0609,0,0.0256,0
66,CA1-RSC,expert,5,0.0528,0,0.0401,0
66,CA1-RSC,expert,6,0.0395,0,0.0324,7
66,CA1-RSC,expert,7,0.0392,0,0.0436,7
66,CA1-RSC,expert,8,-0.0036,0,0.0142,3
66,CA1-RSC,expert,9,0.0014,0,0.0031,8
66,CA1-RSC,expert,10,0.01,0,0.0255,8
66,CA1-RSC,expert,11,-0.0012,0,0.0222,7
66,CA1-RSC,expert,12,-0.0013,0,-0.0226,0
66,CA1-RSC,expert,13,0.0317,0,-0.0096,0
66,CA1-RSC,expert,14,0.031,0,0.0529,4
66,CA1-RSC,expert,15,-0.0121,0,0.1093,4
66,CA1-RSC,expert,16,0.0011,0,0.1217,4
66,CA1-DG,naive,1,0.3396,1,0.0166,0
66,CA1-DG,naive,2,0.2349,1,-0.0096,0
66,CA1-DG,naive,3,0.0854,0,-0.0209,0
66,CA1-DG,naive,4,0.1046,0,-0.0497,0
66,CA1-DG,naive,5,0.0493,0,-0.0204,0
66,CA1-DG,naive,6,0.0095,0,-0.0216,0
66,CA1-DG,naive,7,0.0324,0,-0.0183,0
66,CA1-DG,naive,8,0.026,0,-0.0128,0
66,CA1-DG,naive,9,0.0143,0,-0.0104,0
66,CA1-DG,naive,10,0.0294,0,0.0072,0
66,CA1-DG,naive,11,0.0219,0,0.0226,0
66,CA1-DG,naive,12,0.0064,0,0.0152,0
66,CA1-DG,naive,13,0.0048,0,0.0211,5
66,CA1-DG,naive,14,0.0035,0,0.0287,6
66,CA1-DG,naive,15,-0.0004,0,0.0208,1
66,CA1-DG,naive,16,-0.0023,0,0.0284,6
66,CA1-DG,naive,17,-0.0042,0,0.0576,6
66,CA1-DG,naive,18,0.0209,0,0.0308,-6
66,CA1-DG,naive,19,-0.0003,0,0.0802,8
66,CA1-DG,naive,20,-0.0057,0,0.0407,-2
66,CA1-DG,intermediate,1,0.3528,1,0.0031,0
66,CA1-DG,intermediate,2,0.2469,1,0.0316,0
66,CA1-DG,intermediate,3,0.1412,1,0.0054,0
66,CA1-DG,intermediate,4,0.0532,0,-0.0075,0
66,CA1-DG,intermediate,5,0.0477,0,0.0121,0
66,CA1-DG,intermediate,6,0.0627,0,-0.0033,0
66,CA1-DG,intermediate,7,0.0523,0,0.0111,0
66,CA1-DG,intermediate,8,0.0516,0,0.009,0
66,CA1-DG,intermediate,9,0.0017,0,0.0049,-1
66,CA1-DG,intermediate,10,-0.0053,0,0.022,1
66,CA1-DG,intermediate,11,0.0128,0,0.0423,6
66,CA1-DG,intermediate,12,0.016,0,0.0305,6
66,CA1-DG,intermediate,13,0.0171,0,0.0684,6
66,CA1-DG,intermediate,14,-0.0062,0,0.0228,0
66,CA1-DG,intermediate,15,-0.0122,0,0.0248,6
66,CA1-DG,intermediate,16,-0.0033,0,0.0532,6
66,CA1-DG,intermediate,17,0.0161,0,0.0013,2
66,CA1-DG,intermediate,18,-0.0125,0,0.1359,8
66,CA1-DG,intermediate,19,-0.0028,0,0.0921,8
66,CA1-DG,intermediate,20,-0.0071,0,-0.0116,-3
66,CA1-DG,expert,1,0.3204,1,0.0434,0
66,CA1-DG,expert,2,0.2221,1,0.0271,0
66,CA1-DG,expert,3,0.1105,0,-0.004,0
66,CA1-DG,expert,4,0.0958,0,0.0024,0
66,CA1-DG,expert,5,0.0244,0,0.0322,1
66,CA1-DG,expert,6,0.0273,0,0.0124,1
66,CA1-DG,expert,7,0.0236,0,0.0176,1
66,CA1-DG,expert,8,0.0253,0,0.0238,-1
66,CA1-DG,expert,9,0.0115,0,0.0031,0
66,CA1-DG,expert,10,0.0358,0,0.0104,0
66,CA1-DG,expert,11,0.0062,0,0.0056,0
66,CA1-DG,expert,12,0.0298,0,0.0257,0
66,CA1-DG,expert,13,0.0078,0,0.04,0
66,CA1-DG,expert,14,0.0242,0,0.0114,6
66,CA1-DG,expert,15,0.0159,0,-0.0148,0
66,CA1-DG,expert,16,0.015,0,0.0306,0
66,CA1-DG,expert,17,0.0116,0,-0.0087,0
66,CA1-DG,expert,18,0.0076,0,-0.0617,-2
66,CA1-DG,expert,19,0.0117,0,-0.1758,3
66,CA1-DG,expert,20,-0.016,0,-0.2708,-3
66,CA1-V1,naive,1,0.103,0,0.0235,0
66,CA1-V1,naive,2,0.0745,0,0.0013,2
66,CA1-V1,naive,3,0.06,0,-0.0205,0
66,CA1-V1,naive,4,0.0698,0,0.0022,0
66,CA1-V1,naive,5,-0.005,0,-0.0179,-4
66,CA1-V1,naive,6,0.0096,0,-0.0144,-4
66,CA1-V1,naive,7,0.0212,0,-0.0095,-5
66,CA1-V1,naive,8,0.0183,0,-0.0254,-6
66,CA1-V1,naive,9,0.0018,0,-0.003,-6
66,CA1-V1,naive,10,0.004,0,0.0183,-6
66,CA1-V1,naive,11,-0.0044,0,-0.0259,-6
66,CA1-V1,naive,12,0.0149,0,-0.0192,-3
66,CA1-V1,naive,13,0.0059,0,-0.0305,-6
66,CA1-V1,naive,14,-0.0024,0,-0.0386,-7
66,CA1-V1,naive,15,0.0181,0,-0.0556,-5
66,CA1-V1,naive,16,-0.0133,0,-0.0422,-3
66,CA1-V1,naive,17,-0.0025,0,-0.0488,-3
66,CA1-V1,naive,18,0.0111,0,0.006,2
66,CA1-V1,naive,19,0.0151,0,0.0445,4
66,CA1-V1,intermediate,1,0.1184,0,0.0112,0
66,CA1-V1,intermediate,2,0.0838,0,-0.0271,-5
66,CA1-V1,intermediate,3,0.0664,0,-0.017,0
66,CA1-V1,intermediate,4,0.0479,0,0.0055,7
66,CA1-V1,intermediate,5,0.0163,0,-0.0069,-4
66,CA1-V1,intermediate,6,0.0131,0,0.0117,-3
66,CA1-V1,intermediate,7,0.0445,0,-0.0108,7
66,CA1-V1,intermediate,8,0.0263,0,0.0215,7
66,CA1-V1,intermediate,9,0.0115,0,0.0169,7
66,CA1-V1,intermediate,10,0.0013,0,0.0065,-4
66,CA1-V1,intermediate,11,-0.0107,0,0.0143,8
66,CA1-V1,intermediate,12,-0.0026,0,0.0098,6
66,CA1-V1,intermediate,13,0.0314,0,0.0281,6
66,CA1-V1,intermediate,14,0.0191,0,0.0032,6
66,CA1-V1,intermediate,15,0.0022,0,0.0049,6
66,CA1-V1,intermediate,16,0.0175,0,-0.0296,0
66,CA1-V1,intermediate,17,0.0313,0,0.0338,0
66,CA1-V1,intermediate,18,0.0242,0,0.1482,0
66,CA1-V1,intermediate,19,0.0201,0,0.168,0
66,CA1-V1,expert,1,0.084,0,-0.0309,-5
66,CA1-V1,expert,2,0.0559,0,-0.0097,-6
66,CA1-V1,expert,3,0.0585,0,0.0125,0
66,CA1-V1,expert,4,0.0479,0,-0.0208,0
66,CA1-V1,expert,5,0.0392,0,-0.0225,-6
66,CA1-V1,expert,6,0.0183,0,-0.0171,-6
66,CA1-V1,expert,7,0.0262,0,-0.0099,-6
66,CA1-V1,expert,8,0.0251,0,-0.0007,8
66,CA1-V1,expert,9,0.0155,0,-0.0099,0
66,CA1-V1,expert,10,0.0206,0,-0.0178,0
66,CA1-V1,expert,11,0.0301,0,0.0001,0
66,CA1-V1,expert,12,0.026,0,0.0073,0
66,CA1-V1,expert,13,0.0079,0,0.0043,3
66,CA1-V1,expert,14,-0.0014,0,0.029,3
66,CA1-V1,expert,15,0.0266,0,0.0317,0
66,CA1-V1,expert,16,0.0068,0,0.0632,7
66,CA1-V1,expert,17,0.0077,0,0.0582,8
66,CA1-V1,expert,18,0.0091,0,0.0067,-5
66,CA1-V1,expert,19,0.0084,0,-0.1205,-2
66,CA1-SUB,naive,1,0.1685,1,0.0023,0
66,CA1-SUB,naive,2,0.0946,0,0.008,0
66,CA1-SUB,naive,3,0.0548,0,-0.0038,0
66,CA1-SUB,naive,4,0.0859,0,0.0142,0
66,CA1-SUB,naive,5,0.017,0,0.0097,5
66,CA1-SUB,naive,6,0.0333,0,0.0247,5
66,CA1-SUB,naive,7,0.0247,0,0.0312,0
66,CA1-SUB,naive,8,0.031,0,0.0107,0
66,CA1-SUB,naive,9,0.0096,0,0.0362,0
66,CA1-SUB,naive,10,0.0415,0,0.0053,0
66,CA1-SUB,naive,11,0.021,0,-0.0197,0
66,CA1-SUB,naive,12,0.035,0,0.016,0
66,CA1-SUB,naive,13,0.0003,0,-0.0024,-1
66,CA1-SUB,intermediate,1,0.221,1,-0.0625,0
66,CA1-SUB,intermediate,2,0.1336,0,-0.006,0
66,CA1-SUB,intermediate,3,0.1227,0,0.02,0
66,CA1-SUB,intermediate,4,0.0805,0,0.0317,0
66,CA1-SUB,intermediate,5,0.0771,0,0.0184,0
66,CA1-SUB,intermediate,6,0.0406,0,-0.0055,0
66,CA1-SUB,intermediate,7,0.0153,0,0.0224,4
66,CA1-SUB,intermediate,8,-0.0002,0,0.0267,4
66,CA1-SUB,intermediate,9,0.0218,0,0.0245,-7
66,CA1-SUB,intermediate,10,0.0151,0,0.0424,6
66,CA1-SUB,intermediate,11,-0.0079,0,0.0069,4
66,CA1-SUB,intermediate,12,0.0134,0,-0.0172,-4
66,CA1-SUB,intermediate,13,0.0074,0,0.0589,-4
66,CA1-SUB,expert,1,0.1564,1,0.0309,0
66,CA1-SUB,expert,2,0.1404,1,-0.0199,0
66,CA1-SUB,expert,3,0.128,0,-0.0287,0
66,CA1-SUB,expert,4,0.063,0,-0.0171,-2
66,CA1-SUB,expert,5,0.0688,0,0.0003,-1
66,CA1-SUB,expert,6,0.0483,0,0.0437,5
66,CA1-SUB,expert,7,0.0525,0,0.027,0
66,CA1-SUB,expert,8,0.0282,0,0.0204,0
66,CA1-SUB,expert,9,0.0228,0,-0.012,-3
66,CA1-SUB,expert,10,0.0323,0,0.0055,0
66,CA1-SUB,expert,11,-0.0092,0,0.0456,4
66,CA1-SUB,expert,12,0.0091,0,0.0566,-1
66,CA1-SUB,expert,13,-0.0296,0,0.1256,1
66,RSC-SUB,naive,1,0.0953,1,-0.0002,0
66,RSC-SUB,naive,2,0.0327,0,0.02,1
66,RSC-SUB,naive,3,0.0257,0,0.0247,3
66,RSC-SUB,naive,4,0.0139,0,0.0204,1
66,RSC-SUB,naive,5,0.0435,0,-0.0003,-7
66,RSC-SUB,naive,6,0.0234,0,0.0137,1
66,RSC-SUB,naive,7,0.0103,0,0.0087,1
66,RSC-SUB,naive,8,0.0199,0,-0.0061,1
66,RSC-SUB,naive,9,0.0238,0,0.0271,1
66,RSC-SUB,naive,10,0.0303,0,0.0047,-7
66,RSC-SUB,naive,11,0.0229,0,-0.0552,-7
66,RSC-SUB,naive,12,0.0234,0,-0.0167,0
66,RSC-SUB,naive,13,-0.0115,0,-0.0502,1
66,RSC-SUB,intermediate,1,0.0872,0,-0.0092,1
66,RSC-SUB,intermediate,2,0.0871,0,0.015,0
66,RSC-SUB,intermediate,3,0.0347,0,0.0281,0
66,RSC-SUB,intermediate,4,0.0292,0,0.0058,0
66,RSC-SUB,intermediate,5,0.0588,0,0.0253,0
66,RSC-SUB,intermediate,6,0.0382,0,-0.0203,0
66,RSC-SUB,intermediate,7,0.025,0,0.0173,0
66,RSC-SUB,intermediate,8,0.0358,0,-0.0094,0
66,RSC-SUB,intermediate,9,-0.0053,0,-0.0028,-5
66,RSC-SUB,intermediate,10,0.0046,0,-0.0132,0
66,RSC-SUB,intermediate,11,0.0921,0,0.0165,0
66,RSC-SUB,intermediate,12,0.102,1,0.0545,0
66,RSC-SUB,intermediate,13,0.0311,0,0.0981,-1
66,RSC-SUB,expert,1,0.107,1,0.0205,0
66,RSC-SUB,expert,2,0.0591,0,-0.0266,1
66,RSC-SUB,expert,3,0.0723,0,-0.0038,0
66,RSC-SUB,expert,4,0.0793,0,0.0193,0
66,RSC-SUB,expert,5,0.0196,0,-0.0144,1
66,RSC-SUB,expert,6,0.0372,0,-0.0247,1
66,RSC-SUB,expert,7,0.0282,0,0.005,0
66,RSC-SUB,expert,8,0.0336,0,0.0428,0
66,RSC-SUB,expert,9,0.0117,0,0.0205,-4
66,RSC-SUB,expert,10,-0.0073,0,0.0213,7
66,RSC-SUB,expert,11,-0.003,0,0.0401,7
66,RSC-SUB,expert,12,0.0226,0,-0.0153,8
66,RSC-SUB,expert,13,0.022,0,0.0948,8
66,V1-RSC,naive,1,0.1629,1,-0.0115,1
66,V1-RSC,naive,2,0.1095,1,0.0363,0
66,V1-RSC,naive,3,0.0454,0,0.0412,5
66,V1-RSC,naive,4,0.0376,0,0.0347,5
66,V1-RSC,naive,5,0.0531,0,-0.009,0
66,V1-RSC,naive,6,0.0101,0,-0.0074,5
66,V1-RSC,naive,7,0.0348,0,0.0201,0
66,V1-RSC,naive,8,0.0357,0,0.0171,1
66,V1-RSC,naive,9,0.0241,0,0.0101,0
66,V1-RSC,naive,10,0.0426,0,0.026,0
66,V1-RSC,naive,11,0.0181,0,0.0124,1
66,V1-RSC,naive,12,0.0172,0,0.0072,-8
66,V1-RSC,naive,13,-0.0031,0,-0.0088,-8
66,V1-RSC,naive,14,-0.0132,0,0.0295,8
66,V1-RSC,naive,15,-0.0145,0,0.1239,1
66,V1-RSC,naive,16,-0.0125,0,0.008,-8
66,V1-RSC,intermediate,1,0.128,1,-0.0429,-6
66,V1-RSC,intermediate,2,0.1307,1,0.0124,0
66,V1-RSC,intermediate,3,0.0604,0,-0.0231,-1
66,V1-RSC,intermediate,4,0.0057,0,-0.0357,1
66,V1-RSC,intermediate,5,-0.0083,0,-0.0251,-3
66,V1-RSC,intermediate,6,0.0212,0,-0.0085,0
66,V1-RSC,intermediate,7,0.0398,0,-0.0135,0
66,V1-RSC,intermediate,8,0.0088,0,-0.0102,2
66,V1-RSC,intermediate,9,0.019,0,-0.0091,2
66,V1-RSC,intermediate,10,0.0058,0,0.0041,2
66,V1-RSC,intermediate,11,-0.0165,0,0.0218,2
66,V1-RSC,intermediate,12,0.0098,0,-0.0032,-1
66,V1-RSC,intermediate,13,-0.0213,0,-0.0096,-8
66,V1-RSC,intermediate,14,-0.0125,0,0.0616,8
66,V1-RSC,intermediate,15,-0.0289,0,0.0784,2
66,V1-RSC,intermediate,16,-0.0005,0,-0.0558,-7
66,V1-RSC,expert,1,0.1564,1,-0.1007,-2
66,V1-RSC,expert,2,0.1236,1,-0.0136,0
66,V1-RSC,expert,3,0.0805,0,-0.0226,0
66,V1-RSC,expert,4,0.0754,0,-0.0065,0
66,V1-RSC,expert,5,-0.0066,0,0.0123,5
66,V1-RSC,expert,6,0.0167,0,0.0001,1
66,V1-RSC,expert,7,0.0029,0,-0.0261,1
66,V1-RSC,expert,8,0.0231,0,-0.0234,0
66,V1-RSC,expert,9,0.0292,0,-0.0333,-1
66,V1-RSC,expert,10,0.0222,0,-0.0207,-7
66,V1-RSC,expert,11,0.0244,0,-0.0376,-7
66,V1-RSC,expert,12,0.021,0,-0.0114,0
66,V1-RSC,expert,13,0.0328,0,0.0111,-3
66,V1-RSC,expert,14,0.0169,0,0.026,0
66,V1-RSC,expert,15,-0.0205,0,-0.0362,-8
66,V1-RSC,expert,16,-0.0072,0,-0.0734,2
68,CA1-RSC,naive,1,0.0393,0,-0.0328,-6
68,CA1-RSC,naive,2,0.0748,0,-0.0057,-6
68,CA1-RSC,naive,3,0.0332,0,-0.0089,-6
68,CA1-RSC,naive,4,0.0271,0,-0.006,-6
68,CA1-RSC,naive,5,0.0259,0,-0.0309,-6
68,CA1-RSC,naive,6,0.0313,0,-0.0012,1
68,CA1-RSC,naive,7,0.0298,0,0.0152,1
68,CA1-RSC,naive,8,0.0322,0,-0.0293,0
68,CA1-RSC,naive,9,0.0144,0,-0.0443,0
68,CA1-RSC,naive,10,0.0275,0,-0.0575,-5
68,CA1-RSC,naive,11,-0.0378,0,0.0787,5
68,CA1-RSC,intermediate,1,0.0583,0,0.0092,-3
68,CA1-RSC,intermediate,2,0.0462,0,0.0158,3
68,CA1-RSC,intermediate,3,0.0485,0,-0.0034,-5
68,CA1-RSC,intermediate,4,0.0568,0,0.018,1
68,CA1-RSC,intermediate,5,-0.0051,0,0.0334,1
68,CA1-RSC,intermediate,6,-0.0078,0,0.0163,1
68,CA1-RSC,intermediate,7,0.0091,0,0.0242,1
68,CA1-RSC,intermediate,8,0.0059,0,0.0087,1
68,CA1-RSC,intermediate,9,-0.0046,0,0.0679,8
68,CA1-RSC,intermediate,10,0.0025,0,0.0692,8
68,CA1-RSC,intermediate,11,-0.0015,0,0.0381,1
68,CA1-RSC,expert,1,0.0787,0,-0.019,2
68,CA1-RSC,expert,2,0.0878,0,0.032,0
68,CA1-RSC,expert,3,0.0311,0,0.0263,0
68,CA1-RSC,expert,4,0.0453,0,-0.0075,0
68,CA1-RSC,expert,5,0.0071,0,-0.0113,1
68,CA1-RSC,expert,6,0.0017,0,0.0567,8
68,CA1-RSC,expert,7,0.0089,0,0.0395,5
68,CA1-RSC,expert,8,0.0066,0,0.0568,5
68,CA1-RSC,expert,9,0.0235,0,0.0551,5
68,CA1-RSC,expert,10,0.0199,0,0.0395,1
68,CA1-RSC,expert,11,0.0193,0,0.0872,0
68,CA1-CA3,naive,1,0.4731,1,-0.039,0
68,CA1-CA3,naive,2,0.2205,1,-0.032,0
68,CA1-CA3,naive,3,0.1733,1,0.0411,0
68,CA1-CA3,naive,4,0.0174,0,0.0098,0
68,CA1-CA3,naive,5,-0.0081,0,0.0317,4
68,CA1-CA3,naive,6,-0.0116,0,0.0426,-8
68,CA1-CA3,naive,7,-0.0047,0,0.0801,1
68,CA1-CA3,naive,8,0.0143,0,0.0675,3
68,CA1-CA3,naive,9,0.0155,0,0.0532,3
68,CA1-CA3,naive,10,0.0229,0,-0.0313,8
68,CA1-CA3,intermediate,1,0.4451,1,-0.0709,0
68,CA1-CA3,intermediate,2,0.1672,1,-0.0383,0
68,CA1-CA3,intermediate,3,0.0738,0,-0.0398,0
68,CA1-CA3,intermediate,4,0.018,0,-0.0041,5
68,CA1-CA3,intermediate,5,0.0017,0,0.0012,2
68,CA1-CA3,intermediate,6,0.0062,0,0.0142,3
68,CA1-CA3,intermediate,7,0.0199,0,0.0122,-8
68,CA1-CA3,intermediate,8,0.0001,0,-0.0968,-8
68,CA1-CA3,intermediate,9,0.0199,0,-0.0744,-1
68,CA1-CA3,intermediate,10,0.0454,0,-0.0659,0
68,CA1-CA3,expert,1,0.4705,1,-0.0492,0
68,CA1-CA3,expert,2,0.174,1,-0.009,0
68,CA1-CA3,expert,3,0.0608,0,0.0075,0
68,CA1-CA3,expert,4,0.0005,0,0.0479,7
68,CA1-CA3,expert,5,0.0333,0,0.0549,1
68,CA1-CA3,expert,6,0.0314,0,0.0726,4
68,CA1-CA3,expert,7,-0.0018,0,0.0161,1
68,CA1-CA3,expert,8,-0.0068,0,0.0005,8
68,CA1-CA3,expert,9,0.0013,0,0.0129,1
68,CA1-CA3,expert,10,0.0049,0,-0.0153,1
68,CA1-DG,naive,1,0.3291,1,-0.0242,0
68,CA1-DG,naive,2,0.1774,1,-0.0106,0
68,CA1-DG,naive,3,0.0516,0,-0.0044,0
68,CA1-DG,naive,4,0.0528,0,0.0329,0
68,CA1-DG,naive,5,-0.0046,0,0.0119,3
68,CA1-DG,naive,6,0.0164,0,-0.019,-4
68,CA1-DG,naive,7,-0.0002,0,-0.0104,-5
68,CA1-DG,naive,8,0.0267,0,0.0025,-5
68,CA1-DG,naive,9,0.0048,0,0.0253,0
68,CA1-DG,naive,10,0.0082,0,-0.0051,-5
68,CA1-DG,naive,11,0.0062,0,-0.0162,-1
68,CA1-DG,naive,12,0.0059,0,-0.0243,-5
68,CA1-DG,naive,13,0.0106,0,-0.0009,0
68,CA1-DG,naive,14,0.0087,0,-0.0228,7
68,CA1-DG,naive,15,0.0073,0,-0.0447,7
68,CA1-DG,naive,16,0.0053,0,0.0081,0
68,CA1-DG,intermediate,1,0.3421,1,-0.0444,0
68,CA1-DG,intermediate,2,0.1599,1,-0.0421,0
68,CA1-DG,intermediate,3,0.0925,0,-0.0039,0
68,CA1-DG,intermediate,4,0.0658,0,0.005,0
68,CA1-DG,intermediate,5,0.015,0,-0.0009,0
68,CA1-DG,intermediate,6,0.0214,0,0.005,-4
68,CA1-DG,intermediate,7,0.0097,0,0.036,0
68,CA1-DG,intermediate,8,0.0221,0,0.0514,0
68,CA1-DG,intermediate,9,0.022,0,0.0224,0
68,CA1-DG,intermediate,10,0.0135,0,0.0292,0
68,CA1-DG,intermediate,11,0.0183,0,0.0182,0
68,CA1-DG,intermediate,12,0.0017,0,-0.0132,0
68,CA1-DG,intermediate,13,0.0177,0,-0.0094,0
68,CA1-DG,intermediate,14,0.0155,0,0.0331,-8
68,CA1-DG,intermediate,15,0.0036,0,0.0206,8
68,CA1-DG,intermediate,16,0.0019,0,-0.0338,-8
68,CA1-DG,expert,1,0.3679,1,-0.027,0
68,CA1-DG,expert,2,0.1541,1,-0.0648,0
68,CA1-DG,expert,3,0.1063,0,-0.0069,0
68,CA1-DG,expert,4,0.0401,0,-0.0075,0
68,CA1-DG,expert,5,0.0309,0,0.001,0
68,CA1-DG,expert,6,0.0223,0,-0.0028,0
68,CA1-DG,expert,7,0.0204,0,-0.0096,0
68,CA1-DG,expert,8,0.0114,0,0.025,0
68,CA1-DG,expert,9,0.0262,0,0.0226,0
68,CA1-DG,expert,10,-0.0012,0,0.0283,0
68,CA1-DG,expert,11,0.0099,0,0.0202,2
68,CA1-DG,expert,12,0.0078,0,0.0243,0
68,CA1-DG,expert,13,0.0122,0,0.0368,7
68,CA1-DG,expert,14,-0.0011,0,0.018,0
68,CA1-DG,expert,15,-0.0068,0,-0.0047,-8
68,CA1-DG,expert,16,-0.0047,0,-0.0245,-8
68,CA3-DG,naive,1,0.3016,1,-0.0205,0
68,CA3-DG,naive,2,0.3047,1,-0.0104,0
68,CA3-DG,naive,3,0.1936,1,0.0258,0
68,CA3-DG,naive,4,0.0627,0,0.0299,0
68,CA3-DG,naive,5,0.0395,0,0.025,0
68,CA3-DG,naive,6,-0.0041,0,0.0023,-1
68,CA3-DG,naive,7,0.0193,0,0.0114,0
68,CA3-DG,naive,8,-0.0031,0,0.0118,-1
68,CA3-DG,naive,9,-0.0285,0,-0.001,4
68,CA3-DG,naive,10,-0.0354,0,0.0056,4
68,CA3-DG,intermediate,1,0.3724,1,0.0312,0
68,CA3-DG,intermediate,2,0.2982,1,-0.0006,0
68,CA3-DG,intermediate,3,0.1031,1,-0.0002,0
68,CA3-DG,intermediate,4,0.1177,1,0.0133,0
68,CA3-DG,intermediate,5,0.0548,0,0.0181,0
68,CA3-DG,intermediate,6,-0.0024,0,0.0032,1
68,CA3-DG,intermediate,7,0.0225,0,0.0723,1
68,CA3-DG,intermediate,8,0.0106,0,0.0216,8
68,CA3-DG,intermediate,9,-0.0027,0,-0.0128,8
68,CA3-DG,intermediate,10,-0.0064,0,0.0506,8
68,CA3-DG,expert,1,0.4115,1,0.0386,0
68,CA3-DG,expert,2,0.2846,1,-0.0189,0
68,CA3-DG,expert,3,0.0765,0,-0.054,0
68,CA3-DG,expert,4,0.079,0,-0.0266,0
68,CA3-DG,expert,5,0.0387,0,-0.0215,0
68,CA3-DG,expert,6,0.0046,0,-0.0425,0
68,CA3-DG,expert,7,0.0249,0,-0.0273,0
68,CA3-DG,expert,8,0.0354,0,-0.0461,0
68,CA3-DG,expert,9,0.0168,0,-0.0655,0
68,CA3-DG,expert,10,-0.011,0,-0.0235,-1
73,CA1-RSC,naive,1,0.048,0,0.0059,-5
73,CA1-RSC,naive,2,0.014,0,0.0275,2
73,CA1-RSC,naive,3,-0.0009,0,0.034,8
73,CA1-RSC,naive,4,0.0186,0,0.0061,-2
73,CA1-RSC,naive,5,0.025,0,-0.0034,0
73,CA1-RSC,naive,6,0.0062,0,-0.0126,-2
73,CA1-RSC,naive,7,-0.0031,0,-0.0199,-2
73,CA1-RSC,naive,8,0.0068,0,0.0066,-5
73,CA1-RSC,naive,9,-0.0002,0,0.0043,7
73,CA1-RSC,naive,10,0.0003,0,-0.003,-5
73,CA1-RSC,naive,11,0.0062,0,0.005,-5
73,CA1-RSC,naive,12,0.0017,0,0.0106,-5
73,CA1-RSC,naive,13,0.0245,0,0.0141,-5
73,CA1-RSC,naive,14,0.0015,0,0.0092,-5
73,CA1-RSC,naive,15,-0.0009,0,0.0251,-5
73,CA1-RSC,naive,16,-0.0072,0,0.0248,-5
73,CA1-RSC,naive,17,-0.0105,0,-0.0795,-2
73,CA1-RSC,naive,18,-0.0161,0,-0.0768,-1
73,CA1-RSC,naive,19,-0.0164,0,0.0153,2
73,CA1-RSC,naive,20,-0.0026,0,0.0455,0
73,CA1-RSC,intermediate,1,0.0939,0,-0.0317,0
73,CA1-RSC,intermediate,2,0.0794,0,0.0252,0
73,CA1-RSC,intermediate,3,0.0422,0,0.004,0
73,CA1-RSC,intermediate,4,0.0224,0,0.0165,7
73,CA1-RSC,intermediate,5,0.0172,0,0.015,-2
73,CA1-RSC,intermediate,6,0.0097,0,0.0232,7
73,CA1-RSC,intermediate,7,0.0258,0,0.0088,3
73,CA1-RSC,intermediate,8,0.0131,0,0.0047,3
73,CA1-RSC,intermediate,9,-0.0042,0,0.0123,3
73,CA1-RSC,intermediate,10,-0.0014,0,0.0188,3
73,CA1-RSC,intermediate,11,0.0206,0,0.0195,3
73,CA1-RSC,intermediate,12,0.0177,0,0.022,3
73,CA1-RSC,intermediate,13,0.0233,0,0.0109,3
73,CA1-RSC,intermediate,14,0.0158,0,0.0201,3
73,CA1-RSC,intermediate,15,0.0069,0,0.0413,3
73,CA1-RSC,intermediate,16,-0.0018,0,0.007,-6
73,CA1-RSC,intermediate,17,-0.0061,0,0.0117,3
73,CA1-RSC,intermediate,18,0.0,0,0.0519,2
73,CA1-RSC,intermediate,19,-0.0009,0,-0.0167,-8
73,CA1-RSC,intermediate,20,-0.0039,0,-0.0402,3
73,CA1-RSC,expert,1,0.1918,1,0.0214,4
73,CA1-RSC,expert,2,-0.0455,0,0.0225,0
73,CA1-RSC,expert,3,-0.1455,0,0.0235,0
73,CA1-RSC,expert,4,0.1147,1,0.0285,0
73,CA1-RSC,expert,5,0.1514,1,0.0236,-1
73,CA1-RSC,expert,6,0.155,1,0.0287,5
73,CA1-RSC,expert,7,0.1739,1,0.019,2
73,CA1-RSC,expert,8,0.1838,1,0.0092,-3
73,CA1-RSC,expert,9,0.015,0,0.0276,1
73,CA1-RSC,expert,10,0.0939,0,-0.0049,1
73,CA1-RSC,expert,11,0.0944,0,0.0074,0
73,CA1-RSC,expert,12,0.0722,0,-0.0296,1
73,CA1-RSC,expert,13,-0.1267,0,-0.0195,-8
73,CA1-RSC,expert,14,0.2184,1,-0.0171,-8
73,CA1-RSC,expert,15,0.0523,0,-0.0097,6
73,CA1-RSC,expert,16,0.1692,1,0.0141,6
73,CA1-RSC,expert,17,0.1662,1,0.0237,6
73,CA1-RSC,expert,18,0.0818,0,0.0479,8
73,CA1-RSC,expert,19,0.1863,1,0.0441,-1
73,CA1-RSC,expert,20,0.0815,0,0.3086,8
73,CA1-DG,naive,1,0.0744,0,0.017,0
73,CA1-DG,naive,2,0.0503,0,-0.0042,0
73,CA1-DG,naive,3,0.0417,0,0.0071,-1
73,CA1-DG,naive,4,-0.0002,0,-0.0122,0
73,CA1-DG,naive,5,0.0298,0,0.0065,0
73,CA1-DG,naive,6,0.0275,0,-0.0036,0
73,CA1-DG,naive,7,0.0353,0,-0.0082,0
73,CA1-DG,naive,8,0.0051,0,-0.0094,0
73,CA1-DG,naive,9,0.0038,0,-0.0153,0
73,CA1-DG,naive,10,0.0118,0,-0.0125,0
73,CA1-DG,naive,11,0.0046,0,0.0044,-1
73,CA1-DG,naive,12,0.0151,0,0.0189,1
73,CA1-DG,naive,13,-0.0057,0,0.0232,0
73,CA1-DG,naive,14,0.0061,0,0.0206,0
73,CA1-DG,naive,15,0.0052,0,0.0258,-1
73,CA1-DG,naive,16,-0.0074,0,0.0555,0
73,CA1-DG,naive,17,-0.0149,0,0.0321,-1
73,CA1-DG,naive,18,0.0096,0,0.0783,4
73,CA1-DG,naive,19,0.0113,0,0.1346,5
73,CA1-DG,naive,20,-0.0076,0,0.0453,0
73,CA1-DG,intermediate,1,0.073,0,-0.0591,0
73,CA1-DG,intermediate,2,0.0067,0,-0.0223,-1
73,CA1-DG,intermediate,3,0.0167,0,-0.0156,6
73,CA1-DG,intermediate,4,0.0295,0,0.0061,0
73,CA1-DG,intermediate,5,0.027,0,0.0021,0
73,CA1-DG,intermediate,6,0.0379,0,-0.0073,-1
73,CA1-DG,intermediate,7,0.0055,0,0.0103,0
73,CA1-DG,intermediate,8,0.02,0,0.0109,0
73,CA1-DG,intermediate,9,0.0027,0,0.035,6
73,CA1-DG,intermediate,10,0.0205,0,0.0162,8
73,CA1-DG,intermediate,11,0.0024,0,0.0219,6
73,CA1-DG,intermediate,12,-0.006,0,0.0234,0
73,CA1-DG,intermediate,13,0.0013,0,0.0264,7
73,CA1-DG,intermediate,14,0.0088,0,0.0313,7
73,CA1-DG,intermediate,15,0.0086,0,0.0168,7
73,CA1-DG,intermediate,16,-0.0073,0,-0.013,-6
73,CA1-DG,intermediate,17,0.0197,0,0.0088,-6
73,CA1-DG,intermediate,18,-0.0044,0,0.0295,8
73,CA1-DG,intermediate,19,0.0048,0,0.049,0
73,CA1-DG,intermediate,20,-0.0038,0,-0.058,-3
73,CA1-DG,expert,1,0.0525,0,0.0018,7
73,CA1-DG,expert,2,-0.1193,0,0.016,6
73,CA1-DG,expert,3,-0.1622,0,0.0137,6
73,CA1-DG,expert,4,0.105,0,-0.0057,0
73,CA1-DG,expert,5,-0.1779,0,-0.0103,0
73,CA1-DG,expert,6,0.2041,1,0.0108,0
73,CA1-DG,expert,7,-0.0298,0,0.0109,3
73,CA1-DG,expert,8,0.0405,0,-0.0022,7
73,CA1-DG,expert,9,-0.0177,0,-0.013,0
73,CA1-DG,expert,10,-0.1744,0,-0.0122,3
73,CA1-DG,expert,11,0.0517,0,0.0006,3
73,CA1-DG,expert,12,0.1326,1,0.0274,4
73,CA1-DG,expert,13,-0.169,0,-0.0003,4
73,CA1-DG,expert,14,0.154,1,0.0137,4
73,CA1-DG,expert,15,0.1609,1,0.0245,7
73,CA1-DG,expert,16,0.0161,0,0.0178,3
73,CA1-DG,expert,17,0.1793,1,-0.0098,3
73,CA1-DG,expert,18,-0.1529,0,0.0557,5
73,CA1-DG,expert,19,0.1214,1,-0.1316,-5
73,CA1-DG,expert,20,-0.1453,0,-0.0527,-4
73,CA1-V1,naive,1,0.2642,1,-0.0199,0
73,CA1-V1,naive,2,0.079,0,-0.0286,0
73,CA1-V1,naive,3,0.0331,0,-0.0065,0
73,CA1-V1,naive,4,0.0017,0,0.0022,0
73,CA1-V1,naive,5,0.0172,0,0.0173,0
73,CA1-V1,naive,6,0.0158,0,-0.0107,0
73,CA1-V1,naive,7,-0.012,0,-0.0129,-6
73,CA1-V1,naive,8,-0.0091,0,-0.0224,8
73,CA1-V1,naive,9,0.0116,0,-0.0111,-2
73,CA1-V1,naive,10,0.002,0,0.0201,-6
73,CA1-V1,naive,11,-0.0006,0,-0.0075,-7
73,CA1-V1,naive,12,0.0039,0,0.0362,6
73,CA1-V1,naive,13,0.0102,0,0.0135,0
73,CA1-V1,naive,14,0.0031,0,0.0349,7
73,CA1-V1,naive,15,0.0155,0,0.023,7
73,CA1-V1,naive,16,0.0213,0,0.0066,0
73,CA1-V1,naive,17,0.0111,0,0.1038,7
73,CA1-V1,naive,18,0.0127,0,-0.0705,0
73,CA1-V1,intermediate,1,0.1343,1,-0.007,0
73,CA1-V1,intermediate,2,0.0877,0,-0.0363,0
73,CA1-V1,intermediate,3,0.0435,0,-0.0202,-7
73,CA1-V1,intermediate,4,-0.0113,0,-0.0066,2
73,CA1-V1,intermediate,5,0.0116,0,0.012,1
73,CA1-V1,intermediate,6,0.0083,0,0.0243,1
73,CA1-V1,intermediate,7,0.0267,0,0.0137,1
73,CA1-V1,intermediate,8,0.0338,0,0.01,1
73,CA1-V1,intermediate,9,0.008,0,0.0058,1
73,CA1-V1,intermediate,10,0.0061,0,-0.005,-5
73,CA1-V1,intermediate,11,0.0086,0,-0.0054,4
73,CA1-V1,intermediate,12,-0.0234,0,-0.0096,1
73,CA1-V1,intermediate,13,-0.0052,0,-0.0296,2
73,CA1-V1,intermediate,14,-0.0264,0,-0.0059,-2
73,CA1-V1,intermediate,15,-0.0223,0,0.013,-8
73,CA1-V1,intermediate,16,0.0044,0,0.0231,1
73,CA1-V1,intermediate,17,0.0018,0,0.0574,-2
73,CA1-V1,intermediate,18,-0.0166,0,-0.0258,2
73,CA1-V1,expert,1,0.1191,0,-0.0034,0
73,CA1-V1,expert,2,0.036,0,0.0074,0
73,CA1-V1,expert,3,0.0295,0,0.0136,4
73,CA1-V1,expert,4,0.0231,0,0.0165,4
73,CA1-V1,expert,5,0.0264,0,0.0032,4
73,CA1-V1,expert,6,0.0218,0,-0.0085,0
73,CA1-V1,expert,7,0.0253,0,-0.0312,0
73,CA1-V1,expert,8,0.0201,0,-0.0098,-1
73,CA1-V1,expert,9,-0.0052,0,-0.0162,0
73,CA1-V1,expert,10,-0.0142,0,-0.0214,-7
73,CA1-V1,expert,11,0.0028,0,-0.0436,-7
73,CA1-V1,expert,12,0.0157,0,-0.0017,4
73,CA1-V1,expert,13,0.0044,0,0.0087,0
73,CA1-V1,expert,14,0.0197,0,-0.0343,6
73,CA1-V1,expert,15,0.0074,0,-0.0058,0
73,CA1-V1,expert,16,-0.0058,0,-0.029,6
73,CA1-V1,expert,17,0.0021,0,-0.0479,5
73,CA1-SUB,naive,1,0.0988,1,-0.0129,0
73,CA1-SUB,naive,2,0.0349,0,0.0,0
73,CA1-SUB,naive,3,0.0459,0,-0.0059,0
73,CA1-SUB,naive,4,0.0637,0,0.0044,0
73,CA1-SUB,naive,5,0.0476,0,0.0185,0
73,CA1-SUB,naive,6,0.056,0,0.0109,0
73,CA1-SUB,naive,7,0.0189,0,-0.0025,0
73,CA1-SUB,naive,8,0.0082,0,-0.0118,-1
73,CA1-SUB,naive,9,0.0152,0,-0.003,-1
73,CA1-SUB,naive,10,0.0046,0,-0.0256,-1
73,CA1-SUB,naive,11,-0.0028,0,-0.0294,-1
73,CA1-SUB,naive,12,0.0023,0,0.0025,-1
73,CA1-SUB,naive,13,-0.0033,0,-0.0033,-1
73,CA1-SUB,naive,14,-0.008,0,0.0022,-1
73,CA1-SUB,naive,15,0.0098,0,-0.0148,-1
73,CA1-SUB,naive,16,0.0065,0,-0.0003,-1
73,CA1-SUB,naive,17,-0.0179,0,-0.0017,1
73,CA1-SUB,naive,18,0.0009,0,-0.0531,-5
73,CA1-SUB,naive,19,-0.0007,0,-0.0315,-5
73,CA1-SUB,naive,20,0.0086,0,-0.2577,-7
73,CA1-SUB,intermediate,1,0.1121,1,-0.025,0
73,CA1-SUB,intermediate,2,0.1316,1,-0.0209,0
73,CA1-SUB,intermediate,3,0.1095,1,0.0063,0
73,CA1-SUB,intermediate,4,0.0926,0,0.0037,0
73,CA1-SUB,intermediate,5,0.0534,0,-0.0282,0
73,CA1-SUB,intermediate,6,0.0324,0,-0.0176,0
73,CA1-SUB,intermediate,7,0.0214,0,0.0002,0
73,CA1-SUB,intermediate,8,0.0353,0,0.0112,0
73,CA1-SUB,intermediate,9,0.02,0,0.0025,0
73,CA1-SUB,intermediate,10,0.0233,0,0.0041,-1
73,CA1-SUB,intermediate,11,0.0156,0,0.0079,0
73,CA1-SUB,intermediate,12,-0.0005,0,-0.0052,5
73,CA1-SUB,intermediate,13,0.0051,0,0.0087,0
73,CA1-SUB,intermediate,14,-0.01,0,0.0393,7
73,CA1-SUB,intermediate,15,0.0142,0,-0.0027,0
73,CA1-SUB,intermediate,16,0.021,0,-0.0087,0
73,CA1-SUB,intermediate,17,-0.0073,0,0.0197,0
73,CA1-SUB,intermediate,18,0.0176,0,-0.0575,1
73,CA1-SUB,intermediate,19,0.0161,0,-0.1275,-4
73,CA1-SUB,intermediate,20,0.0032,0,-0.0195,-3
73,CA1-SUB,expert,1,-0.1189,0,-0.0125,0
73,CA1-SUB,expert,2,0.1555,1,-0.0069,0
73,CA1-SUB,expert,3,0.1486,1,0.0036,-1
73,CA1-SUB,expert,4,0.0203,0,0.0028,0
73,CA1-SUB,expert,5,0.105,0,-0.0178,0
73,CA1-SUB,expert,6,-0.0108,0,-0.0227,0
73,CA1-SUB,expert,7,-0.0784,0,-0.0197,-1
73,CA1-SUB,expert,8,0.1859,1,-0.0146,0
73,CA1-SUB,expert,9,-0.1778,0,-0.0128,0
73,CA1-SUB,expert,10,0.1923,1,-0.0253,-1
73,CA1-SUB,expert,11,0.2081,1,-0.0563,-1
73,CA1-SUB,expert,12,0.0718,0,-0.05,-1
73,CA1-SUB,expert,13,0.0362,0,-0.0233,6
73,CA1-SUB,expert,14,0.1322,1,-0.0216,-8
73,CA1-SUB,expert,15,0.1675,1,-0.0288,-2
73,CA1-SUB,expert,16,0.1447,1,-0.0187,6
73,CA1-SUB,expert,17,0.1163,1,0.0031,6
73,CA1-SUB,expert,18,-0.1805,0,-0.0641,-3
73,CA1-SUB,expert,19,-0.1848,0,-0.0866,-3
73,CA1-SUB,expert,20,-0.1743,0,-0.2492,-7
73,RSC-SUB,naive,1,0.1447,1,-0.0203,0
73,RSC-SUB,naive,2,0.1326,1,-0.04,0
73,RSC-SUB,naive,3,0.0363,0,0.0156,-1
73,RSC-SUB,naive,4,0.0518,0,0.0107,-2
73,RSC-SUB,naive,5,0.0463,0,0.0308,0
73,RSC-SUB,naive,6,0.0258,0,0.0207,0
73,RSC-SUB,naive,7,0.0022,0,0.0167,-2
73,RSC-SUB,naive,8,0.0141,0,-0.0012,0
73,RSC-SUB,naive,9,0.0136,0,0.0045,2
73,RSC-SUB,naive,10,0.0137,0,-0.0138,0
73,RSC-SUB,naive,11,0.0223,0,0.003,0
73,RSC-SUB,naive,12,0.0116,0,-0.0141,0
73,RSC-SUB,naive,13,0.014,0,-0.0156,-2
73,RSC-SUB,naive,14,-0.0011,0,-0.0465,-1
73,RSC-SUB,naive,15,-0.004,0,-0.0509,-1
73,RSC-SUB,naive,16,-0.0158,0,-0.0304,-7
73,RSC-SUB,naive,17,-0.0133,0,-0.0047,-2
73,RSC-SUB,naive,18,0.0035,0,0.052,3
73,RSC-SUB,naive,19,0.0015,0,0.0327,3
73,RSC-SUB,naive,20,0.0018,0,0.0744,5
73,RSC-SUB,intermediate,1,0.1245,1,0.0029,0
73,RSC-SUB,intermediate,2,0.0737,0,0.015,0
73,RSC-SUB,intermediate,3,0.1034,0,0.0055,-1
73,RSC-SUB,intermediate,4,0.0432,0,0.002,0
73,RSC-SUB,intermediate,5,0.0391,0,-0.0039,1
73,RSC-SUB,intermediate,6,0.0197,0,0.0061,4
73,RSC-SUB,intermediate,7,0.0307,0,-0.0077,-7
73,RSC-SUB,intermediate,8,0.0142,0,-0.0099,-7
73,RSC-SUB,intermediate,9,0.0074,0,-0.0154,-7
73,RSC-SUB,intermediate,10,0.0212,0,-0.0012,4
73,RSC-SUB,intermediate,11,0.0089,0,0.0067,4
73,RSC-SUB,intermediate,12,0.0165,0,-0.016,4
73,RSC-SUB,intermediate,13,0.0098,0,-0.0288,4
73,RSC-SUB,intermediate,14,-0.0032,0,-0.032,-4
73,RSC-SUB,intermediate,15,0.013,0,0.0119,5
73,RSC-SUB,intermediate,16,0.0153,0,0.0036,-7
73,RSC-SUB,intermediate,17,-0.0019,0,-0.0207,-7
73,RSC-SUB,intermediate,18,0.0009,0,-0.0331,-7
73,RSC-SUB,intermediate,19,0.0178,0,0.0437,5
73,RSC-SUB,intermediate,20,-0.0058,0,0.048,7
73,RSC-SUB,expert,1,0.1518,1,-0.0137,0
73,RSC-SUB,expert,2,0.0296,0,-0.0123,-5
73,RSC-SUB,expert,3,-0.011,0,-0.0143,-2
73,RSC-SUB,expert,4,-0.0904,0,-0.0114,-1
73,RSC-SUB,expert,5,-0.1701,0,-0.009,0
73,RSC-SUB,expert,6,0.1484,1,-0.0018,0
73,RSC-SUB,expert,7,0.0886,0,-0.018,0
73,RSC-SUB,expert,8,0.091,0,-0.0138,0
73,RSC-SUB,expert,9,0.1659,1,-0.0218,0
73,RSC-SUB,expert,10,0.1958,1,-0.0085,0
73,RSC-SUB,expert,11,0.1691,1,-0.0424,-4
73,RSC-SUB,expert,12,-0.1684,0,0.0135,2
73,RSC-SUB,expert,13,0.1678,1,-0.0047,-8
73,RSC-SUB,expert,14,0.019,0,-0.004,5
73,RSC-SUB,expert,15,0.1678,1,-0.0174,-2
73,RSC-SUB,expert,16,0.1883,1,0.0092,2
73,RSC-SUB,expert,17,0.181,1,0.0212,3
73,RSC-SUB,expert,18,-0.0963,0,0.0278,3
73,RSC-SUB,expert,19,0.125,1,-0.0324,-7
73,RSC-SUB,expert,20,0.1455,1,-0.1292,-7
73,V1-RSC,naive,1,0.1124,1,0.0541,2
73,V1-RSC,naive,2,0.0967,1,0.0891,2
73,V1-RSC,naive,3,0.0898,1,0.0595,1
73,V1-RSC,naive,4,0.081,0,0.0243,0
73,V1-RSC,naive,5,0.0511,0,0.0371,1
73,V1-RSC,naive,6,0.0562,0,0.0449,0
73,V1-RSC,naive,7,0.0211,0,0.039,0
73,V1-RSC,naive,8,0.0032,0,0.0247,3
73,V1-RSC,naive,9,0.0171,0,0.0149,1
73,V1-RSC,naive,10,0.0045,0,0.0328,1
73,V1-RSC,naive,11,0.0013,0,0.0496,1
73,V1-RSC,naive,12,-0.002,0,0.0369,3
73,V1-RSC,naive,13,0.0127,0,0.0461,-1
73,V1-RSC,naive,14,0.0216,0,0.0703,8
73,V1-RSC,naive,15,0.0118,0,0.0544,6
73,V1-RSC,naive,16,-0.0078,0,0.092,6
73,V1-RSC,naive,17,0.0177,0,0.0534,0
73,V1-RSC,naive,18,0.0071,0,0.0992,6
73,V1-RSC,intermediate,1,0.2438,1,0.0292,2
73,V1-RSC,intermediate,2,0.1351,0,0.0862,3
73,V1-RSC,intermediate,3,0.1034,0,0.0654,2
73,V1-RSC,intermediate,4,0.102,0,0.0654,1
73,V1-RSC,intermediate,5,0.0152,0,0.0482,1
73,V1-RSC,intermediate,6,0.0351,0,0.0473,3
73,V1-RSC,intermediate,7,0.0293,0,0.0204,3
73,V1-RSC,intermediate,8,0.0213,0,0.0422,3
73,V1-RSC,intermediate,9,0.0344,0,0.0349,8
73,V1-RSC,intermediate,10,0.0169,0,0.0374,-4
73,V1-RSC,intermediate,11,0.0116,0,0.0574,3
73,V1-RSC,intermediate,12,-0.0049,0,0.0496,8
73,V1-RSC,intermediate,13,-0.0066,0,0.0329,7
73,V1-RSC,intermediate,14,0.0044,0,0.0332,7
73,V1-RSC,intermediate,15,0.0076,0,0.0414,7
73,V1-RSC,intermediate,16,0.0094,0,0.094,7
73,V1-RSC,intermediate,17,0.0015,0,0.0962,7
73,V1-RSC,intermediate,18,-0.0032,0,0.11,7
73,V1-RSC,expert,1,0.2583,1,-0.0135,0
73,V1-RSC,expert,2,0.0739,0,0.1159,2
73,V1-RSC,expert,3,0.0893,0,0.0656,1
73,V1-RSC,expert,4,0.0533,0,0.0593,1
73,V1-RSC,expert,5,0.0315,0,0.0513,0
73,V1-RSC,expert,6,0.0371,0,0.0328,1
73,V1-RSC,expert,7,0.0459,0,0.0076,3
73,V1-RSC,expert,8,0.0236,0,-0.0011,-1
73,V1-RSC,expert,9,0.0142,0,0.0144,0
73,V1-RSC,expert,10,0.0155,0,0.0368,0
73,V1-RSC,expert,11,0.0343,0,0.0361,0
73,V1-RSC,expert,12,0.019,0,0.0092,-5
73,V1-RSC,expert,13,0.0171,0,0.0215,0
73,V1-RSC,expert,14,-0.0028,0,0.0334,5
73,V1-RSC,expert,15,0.0047,0,0.042,-8
73,V1-RSC,expert,16,0.0078,0,0.0554,3
73,V1-RSC,expert,17,0.0105,0,-0.0561,0
73,V1-RSC,expert,18,0.0049,0,0.0515,0
75,CA1-RSC,naive,1,0.6197,1,0.0587,2
75,CA1-RSC,naive,2,0.2151,1,0.0078,8
75,CA1-RSC,naive,3,0.1221,1,0.0082,1
75,CA1-RSC,naive,4,0.5208,1,0.0058,5
75,CA1-RSC,naive,5,0.1682,1,0.0232,-8
75,CA1-RSC,naive,6,0.2311,1,0.0324,-8
75,CA1-RSC,naive,7,0.2265,1,0.0288,5
75,CA1-RSC,naive,8,-0.0277,0,0.039,5
75,CA1-RSC,naive,9,-0.1598,0,0.0225,6
75,CA1-RSC,naive,10,0.1822,1,0.0133,0
75,CA1-RSC,naive,11,0.52,1,-0.0078,0
75,CA1-RSC,naive,12,-0.1139,0,-0.0221,-6
75,CA1-RSC,naive,13,0.0493,0,0.0139,1
75,CA1-RSC,naive,14,0.3348,1,0.0459,0
75,CA1-RSC,naive,15,0.0447,0,0.0574,2
75,CA1-RSC,naive,16,-0.1983,0,0.0177,5
75,CA1-RSC,naive,17,0.0811,0,0.0706,5
75,CA1-RSC,naive,18,0.2042,1,0.0505,2
75,CA1-RSC,naive,19,-0.1801,0,-0.056,0
75,CA1-RSC,naive,20,0.1318,1,0.1269,0
75,CA1-RSC,intermediate,1,0.6494,1,0.04,0
75,CA1-RSC,intermediate,2,-0.3789,0,0.0221,0
75,CA1-RSC,intermediate,3,-0.2907,0,0.0162,0
75,CA1-RSC,intermediate,4,0.3993,1,-0.005,0
75,CA1-RSC,intermediate,5,-0.3892,0,0.0145,0
75,CA1-RSC,intermediate,6,-0.1969,0,0.0229,0
75,CA1-RSC,intermediate,7,-0.2788,0,-0.0148,0
75,CA1-RSC,intermediate,8,-0.164,0,-0.0033,3
75,CA1-RSC,intermediate,9,0.1841,1,-0.0028,0
75,CA1-RSC,intermediate,10,0.145,1,-0.0322,0
75,CA1-RSC,intermediate,11,-0.2004,0,-0.0285,-3
75,CA1-RSC,intermediate,12,-0.1499,0,-0.054,-3
75,CA1-RSC,intermediate,13,0.552,1,-0.0323,-5
75,CA1-RSC,intermediate,14,0.3712,1,0.015,0
75,CA1-RSC,intermediate,15,0.3045,1,-0.0154,-2
75,CA1-RSC,intermediate,16,0.364,1,-0.0435,3
75,CA1-RSC,intermediate,17,-0.1408,0,-0.0078,-5
75,CA1-RSC,intermediate,18,-0.0825,0,-0.1117,-5
75,CA1-RSC,intermediate,19,-0.4707,0,-0.18,-3
75,CA1-RSC,intermediate,20,0.2011,1,-0.2805,-4
75,CA1-RSC,expert,1,0.2655,1,0.0304,0
75,CA1-RSC,expert,2,0.0479,0,0.0404,1
75,CA1-RSC,expert,3,0.1884,1,0.0079,0
75,CA1-RSC,expert,4,0.2354,1,0.0243,2
75,CA1-RSC,expert,5,0.051,0,0.0284,1
75,CA1-RSC,expert,6,0.0212,0,0.0255,2
75,CA1-RSC,expert,7,0.1657,1,-0.0011,2
75,CA1-RSC,expert,8,0.169,1,0.0206,2
75,CA1-RSC,expert,9,0.084,0,0.0029,0
75,CA1-RSC,expert,10,-0.0989,0,0.0135,0
75,CA1-RSC,expert,11,-0.0693,0,-0.0076,0
75,CA1-RSC,expert,12,0.125,0,-0.0194,-7
75,CA1-RSC,expert,13,0.029,0,-0.0476,-7
75,CA1-RSC,expert,14,-0.069,0,-0.0773,-4
75,CA1-RSC,expert,15,0.029,0,-0.0534,-7
75,CA1-RSC,expert,16,0.0097,0,-0.1315,-2
75,CA1-RSC,expert,17,0.1178,0,-0.0763,-4
75,CA1-RSC,expert,18,0.0846,0,-0.0287,-4
75,CA1-RSC,expert,19,-0.0805,0,-0.014,-7
75,CA1-RSC,expert,20,0.0681,0,0.1268,4
75,CA1-DG,naive,1,0.7921,1,-0.0385,0
75,CA1-DG,naive,2,0.7215,1,-0.0376,-1
75,CA1-DG,naive,3,-0.0753,0,-0.0513,-1
75,CA1-DG,naive,4,-0.0754,0,0.0162,0
75,CA1-DG,naive,5,-0.4551,0,-0.0065,0
75,CA1-DG,naive,6,-0.1257,0,-0.0171,-6
75,CA1-DG,naive,7,0.0356,0,0.0018,-6
75,CA1-DG,naive,8,0.1294,0,0.0007,0
75,CA1-DG,naive,9,-0.3129,0,0.0106,-5
75,CA1-DG,naive,10,-0.0415,0,-0.0063,0
75,CA1-DG,naive,11,0.1937,1,0.0021,-6
75,CA1-DG,naive,12,-0.0334,0,-0.0122,0
75,CA1-DG,naive,13,-0.2174,0,0.0126,-6
75,CA1-DG,naive,14,-0.0076,0,-0.0012,3
75,CA1-DG,naive,15,0.0108,0,0.0418,7
75,CA1-DG,naive,16,0.1593,1,0.0149,7
75,CA1-DG,naive,17,0.5357,1,0.0589,7
75,CA1-DG,naive,18,0.6415,1,0.0614,7
75,CA1-DG,naive,19,0.3916,1,0.0683,7
75,CA1-DG,naive,20,-0.1564,0,-0.0399,-7
75,CA1-DG,intermediate,1,0.4233,1,0.0062,0
75,CA1-DG,intermediate,2,0.3176,1,0.0083,-1
75,CA1-DG,intermediate,3,-0.3103,0,0.0257,0
75,CA1-DG,intermediate,4,-0.0011,0,0.0281,0
75,CA1-DG,intermediate,5,-0.0371,0,0.0185,0
75,CA1-DG,intermediate,6,0.0276,0,0.0424,0
75,CA1-DG,intermediate,7,0.008,0,0.0439,0
75,CA1-DG,intermediate,8,0.0041,0,0.0336,0
75,CA1-DG,intermediate,9,0.1606,1,0.0285,0
75,CA1-DG,intermediate,10,-0.2817,0,0.0007,0
75,CA1-DG,intermediate,11,-0.3513,0,0.0492,0
75,CA1-DG,intermediate,12,-0.1171,0,0.0584,0
75,CA1-DG,intermediate,13,0.209,1,0.0363,6
75,CA1-DG,intermediate,14,0.2173,1,0.0727,0
75,CA1-DG,intermediate,15,-0.1083,0,0.0485,7
75,CA1-DG,intermediate,16,-0.3136,0,0.1031,7
75,CA1-DG,intermediate,17,0.1915,1,0.1524,7
75,CA1-DG,intermediate,18,-0.332,0,0.1199,7
75,CA1-DG,intermediate,19,0.1592,1,0.1346,7
75,CA1-DG,intermediate,20,0.0641,0,-0.0383,-3
75,CA1-DG,expert,1,0.357,1,0.0213,0
75,CA1-DG,expert,2,-0.1057,0,0.021,4
75,CA1-DG,expert,3,-0.0453,0,-0.0171,0
75,CA1-DG,expert,4,-0.3416,0,0.0141,-2
75,CA1-DG,expert,5,0.0101,0,0.0228,6
75,CA1-DG,expert,6,-0.1084,0,0.0177,-2
75,CA1-DG,expert,7,0.0922,0,0.013,6
75,CA1-DG,expert,8,0.3274,1,-0.0009,6
75,CA1-DG,expert,9,0.2402,1,0.022,-2
75,CA1-DG,expert,10,0.009,0,0.0079,-2
75,CA1-DG,expert,11,0.1834,1,0.0192,6
75,CA1-DG,expert,12,-0.2975,0,0.0233,6
75,CA1-DG,expert,13,-0.0929,0,0.0495,-2
75,CA1-DG,expert,14,0.2584,1,0.032,-2
75,CA1-DG,expert,15,-0.177,0,0.0117,4
75,CA1-DG,expert,16,0.0143,0,-0.0128,6
75,CA1-DG,expert,17,0.264,1,-0.0155,-2
75,CA1-DG,expert,18,-0.0939,0,0.0068,8
75,CA1-DG,expert,19,0.2664,1,0.072,8
75,CA1-DG,expert,20,0.0942,0,0.0092,-3
75,CA1-V1,naive,1,-0.0467,0,-0.0337,0
75,CA1-V1,naive,2,-0.1696,0,-0.0209,0
75,CA1-V1,naive,3,0.2449,1,-0.0242,0
75,CA1-V1,naive,4,0.1257,1,-0.0225,-4
75,CA1-V1,naive,5,0.1807,1,-0.0274,-7
75,CA1-V1,naive,6,0.2952,1,-0.0086,0
75,CA1-V1,naive,7,-0.2452,0,-0.01,-4
75,CA1-V1,naive,8,0.339,1,0.0038,0
75,CA1-V1,naive,9,0.0941,0,-0.0166,0
75,CA1-V1,naive,10,-0.0784,0,-0.0168,0
75,CA1-V1,naive,11,0.2934,1,-0.0108,0
75,CA1-V1,naive,12,0.3863,1,-0.0079,-1
75,CA1-V1,naive,13,0.6706,1,-0.0188,1
75,CA1-V1,naive,14,-0.0703,0,-0.0068,2
75,CA1-V1,naive,15,0.4341,1,0.0137,-1
75,CA1-V1,naive,16,-0.2576,0,-0.0178,6
75,CA1-V1,naive,17,0.0743,0,-0.0105,-3
75,CA1-V1,naive,18,0.5812,1,-0.0126,8
75,CA1-V1,naive,19,0.115,1,-0.108,-3
75,CA1-V1,naive,20,-0.0622,0,-0.0359,-5
75,CA1-V1,intermediate,1,-0.4916,0,0.0059,0
75,CA1-V1,intermediate,2,0.0733,0,0.0068,0
75,CA1-V1,intermediate,3,-0.1285,0,-0.0126,0
75,CA1-V1,intermediate,4,-0.173,0,0.0037,0
75,CA1-V1,intermediate,5,-0.2682,0,0.0126,0
75,CA1-V1,intermediate,6,0.0026,0,0.0331,0
75,CA1-V1,intermediate,7,-0.3667,0,0.0179,5
75,CA1-V1,intermediate,8,-0.2942,0,-0.003,1
75,CA1-V1,intermediate,9,-0.0431,0,0.0074,-1
75,CA1-V1,intermediate,10,-0.0831,0,0.0067,-1
75,CA1-V1,intermediate,11,-0.1798,0,-0.0045,0
75,CA1-V1,intermediate,12,-0.1082,0,-0.003,-1
75,CA1-V1,intermediate,13,0.1383,1,0.0264,2
75,CA1-V1,intermediate,14,-0.0258,0,0.0173,2
75,CA1-V1,intermediate,15,-0.1593,0,-0.0243,2
75,CA1-V1,intermediate,16,0.0748,0,0.056,6
75,CA1-V1,intermediate,17,-0.1058,0,0.0201,-3
75,CA1-V1,intermediate,18,0.0376,0,-0.0575,-2
75,CA1-V1,intermediate,19,0.3605,1,-0.1564,6
75,CA1-V1,intermediate,20,0.0232,0,-0.6148,-3
75,CA1-V1,expert,1,-0.0805,0,-0.0064,0
75,CA1-V1,expert,2,-0.1122,0,0.0181,0
75,CA1-V1,expert,3,-0.0837,0,0.0057,0
75,CA1-V1,expert,4,0.0859,0,-0.0038,0
75,CA1-V1,expert,5,0.0079,0,-0.0054,0
75,CA1-V1,expert,6,-0.139,0,0.0194,0
75,CA1-V1,expert,7,0.1095,1,0.021,0
75,CA1-V1,expert,8,-0.1117,0,0.0112,0
75,CA1-V1,expert,9,-0.0496,0,0.0267,5
75,CA1-V1,expert,10,-0.1031,0,0.0422,0
75,CA1-V1,expert,11,0.0895,0,0.0407,2
75,CA1-V1,expert,12,0.1662,1,0.0292,1
75,CA1-V1,expert,13,0.0292,0,0.0027,0
75,CA1-V1,expert,14,0.073,0,0.0086,4
75,CA1-V1,expert,15,0.0791,0,0.0065,8
75,CA1-V1,expert,16,0.0006,0,-0.082,-3
75,CA1-V1,expert,17,-0.1095,0,-0.0097,4
75,CA1-V1,expert,18,0.0503,0,-0.0181,-2
75,CA1-V1,expert,19,-0.1254,0,-0.1233,-7
75,CA1-V1,expert,20,0.0114,0,-0.2039,-2
75,CA1-SUB,naive,1,0.4341,1,-0.0017,0
75,CA1-SUB,naive,2,0.8911,1,-0.0038,0
75,CA1-SUB,naive,3,-0.0021,0,0.0117,0
75,CA1-SUB,naive,4,0.0187,0,0.0149,0
75,CA1-SUB,naive,5,0.75,1,-0.0053,0
75,CA1-SUB,naive,6,-0.1527,0,-0.0022,0
75,CA1-SUB,naive,7,0.1435,1,-0.0174,0
75,CA1-SUB,naive,8,0.2624,1,-0.0067,0
75,CA1-SUB,naive,9,-0.0259,0,-0.016,0
75,CA1-SUB,naive,10,0.2875,1,-0.0052,0
75,CA1-SUB,naive,11,-0.079,0,-0.0198,0
75,CA1-SUB,naive,12,-0.2293,0,-0.019,-2
75,CA1-SUB,naive,13,0.3517,1,-0.0009,-2
75,CA1-SUB,naive,14,-0.3086,0,-0.0263,0
75,CA1-SUB,naive,15,0.3098,1,-0.02,0
75,CA1-SUB,naive,16,0.0655,0,-0.0522,0
75,CA1-SUB,naive,17,-0.308,0,-0.0452,3
75,CA1-SUB,naive,18,0.3199,1,-0.0907,-5
75,CA1-SUB,naive,19,0.3655,1,-0.1368,-5
75,CA1-SUB,naive,20,0.5762,1,0.081,1
75,CA1-SUB,intermediate,1,-0.0829,0,-0.0195,0
75,CA1-SUB,intermediate,2,0.3611,1,0.0015,0
75,CA1-SUB,intermediate,3,0.1922,1,-0.005,0
75,CA1-SUB,intermediate,4,0.3441,1,-0.0073,0
75,CA1-SUB,intermediate,5,0.1205,1,-0.0023,0
75,CA1-SUB,intermediate,6,-0.0779,0,-0.0069,0
75,CA1-SUB,intermediate,7,-0.0947,0,0.0079,0
75,CA1-SUB,intermediate,8,-0.0587,0,-0.0019,0
75,CA1-SUB,intermediate,9,-0.2396,0,-0.0223,0
75,CA1-SUB,intermediate,10,0.0627,0,-0.0122,0
75,CA1-SUB,intermediate,11,0.0062,0,-0.016,0
75,CA1-SUB,intermediate,12,-0.4292,0,-0.0288,0
75,CA1-SUB,intermediate,13,-0.0918,0,-0.0315,0
75,CA1-SUB,intermediate,14,-0.0384,0,-0.0345,0
75,CA1-SUB,intermediate,15,-0.0284,0,0.0069,0
75,CA1-SUB,intermediate,16,0.2302,1,-0.011,0
75,CA1-SUB,intermediate,17,0.1192,1,-0.0006,0
75,CA1-SUB,intermediate,18,-0.1664,0,0.0053,-6
75,CA1-SUB,intermediate,19,-0.0926,0,-0.0632,-6
75,CA1-SUB,intermediate,20,-0.0295,0,0.0369,-6
75,CA1-SUB,expert,1,0.07,0,0.031,0
75,CA1-SUB,expert,2,0.2509,1,0.008,0
75,CA1-SUB,expert,3,0.1337,1,0.0126,0
75,CA1-SUB,expert,4,0.0293,0,0.0066,0
75,CA1-SUB,expert,5,0.059,0,-0.0033,0
75,CA1-SUB,expert,6,0.1246,1,-0.0181,0
75,CA1-SUB,expert,7,-0.0526,0,0.0099,5
75,CA1-SUB,expert,8,-0.1716,0,0.0106,0
75,CA1-SUB,expert,9,-0.1742,0,-0.0059,0
75,CA1-SUB,expert,10,0.0508,0,-0.0017,0
75,CA1-SUB,expert,11,-0.1211,0,0.0229,4
75,CA1-SUB,expert,12,0.0413,0,-0.0018,4
75,CA1-SUB,expert,13,0.0801,0,0.0002,-3
75,CA1-SUB,expert,14,-0.0036,0,-0.0068,4
75,CA1-SUB,expert,15,0.1151,1,-0.0063,4
75,CA1-SUB,expert,16,-0.0797,0,0.0269,7
75,CA1-SUB,expert,17,0.0401,0,0.0471,7
75,CA1-SUB,expert,18,0.0308,0,0.0116,7
75,CA1-SUB,expert,19,-0.1872,0,-0.0903,-1
75,CA1-SUB,expert,20,0.1197,1,-0.0979,-3
75,RSC-SUB,naive,1,0.6704,1,-0.003,0
75,RSC-SUB,naive,2,0.3857,1,-0.0274,0
75,RSC-SUB,naive,3,-0.1073,0,-0.0338,0
75,RSC-SUB,naive,4,0.1269,1,-0.0369,-2
75,RSC-SUB,naive,5,-0.0157,0,-0.0275,0
75,RSC-SUB,naive,6,-0.1754,0,-0.0293,-6
75,RSC-SUB,naive,7,0.3326,1,-0.0487,-6
75,RSC-SUB,naive,8,0.2387,1,-0.0108,8
75,RSC-SUB,naive,9,0.2856,1,-0.0101,-4
75,RSC-SUB,naive,10,-0.0988,0,0.0103,2
75,RSC-SUB,naive,11,0.0925,0,0.0072,2
75,RSC-SUB,naive,12,0.2004,1,0.002,2
75,RSC-SUB,naive,13,0.1423,1,0.0359,5
75,RSC-SUB,naive,14,-0.0727,0,0.0332,3
75,RSC-SUB,naive,15,0.2685,1,0.0245,3
75,RSC-SUB,naive,16,-0.3357,0,-0.0067,3
75,RSC-SUB,naive,17,0.1426,1,-0.05,-1
75,RSC-SUB,naive,18,-0.0082,0,-0.059,-2
75,RSC-SUB,naive,19,0.1386,1,-0.0574,0
75,RSC-SUB,naive,20,-0.1584,0,0.0443,-5
75,RSC-SUB,intermediate,1,-0.4141,0,0.0091,0
75,RSC-SUB,intermediate,2,0.7661,1,0.011,0
75,RSC-SUB,intermediate,3,0.0333,0,-0.0494,0
75,RSC-SUB,intermediate,4,0.7885,1,-0.0947,0
75,RSC-SUB,intermediate,5,0.4407,1,-0.0676,0
75,RSC-SUB,intermediate,6,0.7833,1,-0.0178,0
75,RSC-SUB,intermediate,7,0.1352,1,-0.0316,0
75,RSC-SUB,intermediate,8,0.4398,1,-0.0213,-2
75,RSC-SUB,intermediate,9,0.3042,1,-0.033,-2
75,RSC-SUB,intermediate,10,0.2348,1,-0.0123,0
75,RSC-SUB,intermediate,11,0.208,1,-0.0119,-2
75,RSC-SUB,intermediate,12,-0.2693,0,-0.0349,-1
75,RSC-SUB,intermediate,13,0.1114,0,-0.0226,-2
75,RSC-SUB,intermediate,14,-0.177,0,-0.0227,-2
75,RSC-SUB,intermediate,15,0.3446,1,-0.0007,-2
75,RSC-SUB,intermediate,16,0.6453,1,-0.0465,-8
75,RSC-SUB,intermediate,17,-0.1782,0,-0.0442,3
75,RSC-SUB,intermediate,18,0.1758,1,-0.0845,0
75,RSC-SUB,intermediate,19,0.6869,1,-0.0891,-4
75,RSC-SUB,intermediate,20,-0.1519,0,-0.0657,-1
75,RSC-SUB,expert,1,0.3975,1,0.0167,0
75,RSC-SUB,expert,2,0.2394,1,-0.0088,0
75,RSC-SUB,expert,3,0.1313,0,-0.0125,-2
75,RSC-SUB,expert,4,0.2623,1,-0.0116,0
75,RSC-SUB,expert,5,0.2348,1,0.0046,-2
75,RSC-SUB,expert,6,0.0012,0,0.0103,3
75,RSC-SUB,expert,7,-0.0473,0,-0.0198,0
75,RSC-SUB,expert,8,0.2003,1,-0.0113,-8
75,RSC-SUB,expert,9,0.0921,0,-0.0281,0
75,RSC-SUB,expert,10,0.1081,0,-0.032,-8
75,RSC-SUB,expert,11,0.0486,0,-0.0108,-2
75,RSC-SUB,expert,12,0.0256,0,0.0134,3
75,RSC-SUB,expert,13,0.0174,0,0.0402,0
75,RSC-SUB,expert,14,0.0895,0,0.0223,4
75,RSC-SUB,expert,15,-0.0408,0,0.0316,-3
75,RSC-SUB,expert,16,-0.0995,0,0.0099,8
75,RSC-SUB,expert,17,-0.0109,0,0.011,-3
75,RSC-SUB,expert,18,-0.0264,0,0.0143,-3
75,RSC-SUB,expert,19,0.0506,0,0.1419,-5
75,RSC-SUB,expert,20,0.0403,0,0.1941,7
75,V1-RSC,naive,1,0.4588,1,-0.0045,0
75,V1-RSC,naive,2,0.6067,1,-0.023,0
75,V1-RSC,naive,3,0.3421,1,0.004,0
75,V1-RSC,naive,4,0.6372,1,0.0407,0
75,V1-RSC,naive,5,-0.1139,0,-0.0174,-4
75,V1-RSC,naive,6,0.0965,0,0.0079,0
75,V1-RSC,naive,7,-0.0779,0,0.0145,0
75,V1-RSC,naive,8,0.2037,1,0.0188,0
75,V1-RSC,naive,9,-0.1329,0,0.0381,0
75,V1-RSC,naive,10,0.2814,1,0.0014,0
75,V1-RSC,naive,11,0.3725,1,-0.0166,0
75,V1-RSC,naive,12,0.2121,1,0.018,0
75,V1-RSC,naive,13,0.3037,1,0.0181,0
75,V1-RSC,naive,14,-0.0753,0,-0.0288,-5
75,V1-RSC,naive,15,-0.4073,0,-0.0284,-8
75,V1-RSC,naive,16,-0.0172,0,0.0058,1
75,V1-RSC,naive,17,-0.101,0,-0.0378,8
75,V1-RSC,naive,18,-0.135,0,-0.1275,-5
75,V1-RSC,naive,19,-0.227,0,-0.0108,-7
75,V1-RSC,naive,20,0.2455,1,0.1473,-7
75,V1-RSC,intermediate,1,0.5884,1,0.0366,0
75,V1-RSC,intermediate,2,0.5725,1,-0.0008,0
75,V1-RSC,intermediate,3,0.4893,1,0.0334,0
75,V1-RSC,intermediate,4,0.7375,1,0.0219,0
75,V1-RSC,intermediate,5,-0.6363,0,0.0637,0
75,V1-RSC,intermediate,6,-0.2626,0,0.003,0
75,V1-RSC,intermediate,7,0.0416,0,0.0124,0
75,V1-RSC,intermediate,8,0.2269,0,-0.0249,0
75,V1-RSC,intermediate,9,-0.2187,0,0.0038,0
75,V1-RSC,intermediate,10,0.1385,0,-0.029,-6
75,V1-RSC,intermediate,11,-0.1403,0,0.0056,-3
75,V1-RSC,intermediate,12,-0.1193,0,-0.003,6
75,V1-RSC,intermediate,13,0.2464,0,-0.02,-4
75,V1-RSC,intermediate,14,-0.0996,0,-0.0005,-6
75,V1-RSC,intermediate,15,-0.2961,0,0.0126,4
75,V1-RSC,intermediate,16,0.0118,0,-0.0243,-1
75,V1-RSC,intermediate,17,0.0999,0,-0.0126,-1
75,V1-RSC,intermediate,18,0.3786,1,-0.0455,-3
75,V1-RSC,intermediate,19,-0.1613,0,-0.1452,1
75,V1-RSC,intermediate,20,0.1602,0,-0.2872,-4
75,V1-RSC,expert,1,0.5268,1,0.0115,0
75,V1-RSC,expert,2,0.4179,1,-0.0151,0
75,V1-RSC,expert,3,0.3874,1,0.0222,0
75,V1-RSC,expert,4,0.2269,0,0.0382,0
75,V1-RSC,expert,5,0.071,0,-0.0291,0
75,V1-RSC,expert,6,0.0568,0,-0.0073,0
75,V1-RSC,expert,7,-0.0047,0,-0.0081,0
75,V1-RSC,expert,8,0.1954,0,-0.0127,0
75,V1-RSC,expert,9,0.0972,0,-0.0371,0
75,V1-RSC,expert,10,0.1555,0,-0.0187,-6
75,V1-RSC,expert,11,0.0945,0,0.0111,0
75,V1-RSC,expert,12,-0.0625,0,-0.0138,0
75,V1-RSC,expert,13,0.082,0,0.0201,2
75,V1-RSC,expert,14,-0.0319,0,-0.0189,2
75,V1-RSC,expert,15,-0.0771,0,0.0374,8
75,V1-RSC,expert,16,-0.1804,0,0.0516,3
75,V1-RSC,expert,17,0.0314,0,0.0883,7
75,V1-RSC,expert,18,0.0383,0,0.0768,7
75,V1-RSC,expert,19,0.0767,0,0.1312,7
75,V1-RSC,expert,20,-0.0043,0,0.1127,-4
77,CA1-RSC,naive,1,0.1638,1,-0.0298,0
77,CA1-RSC,naive,2,0.0431,0,-0.0032,-6
77,CA1-RSC,naive,3,0.0388,0,-0.001,0
77,CA1-RSC,naive,4,0.0348,0,0.001,-5
77,CA1-RSC,naive,5,0.003,0,0.0311,7
77,CA1-RSC,naive,6,0.0254,0,0.0208,0
77,CA1-RSC,naive,7,0.0459,0,0.0135,0
77,CA1-RSC,naive,8,0.0105,0,-0.016,-5
77,CA1-RSC,intermediate,1,0.0878,0,-0.0065,7
77,CA1-RSC,intermediate,2,0.0947,0,-0.0364,-4
77,CA1-RSC,intermediate,3,0.0622,0,-0.0296,0
77,CA1-RSC,intermediate,4,0.0362,0,0.035,0
77,CA1-RSC,intermediate,5,0.0427,0,0.0326,0
77,CA1-RSC,intermediate,6,0.0447,0,0.007,0
77,CA1-RSC,intermediate,7,0.0036,0,0.02,2
77,CA1-RSC,intermediate,8,-0.0005,0,-0.0514,6
77,CA1-RSC,expert,1,0.3386,1,-0.0208,0
77,CA1-RSC,expert,2,-0.1256,0,0.0247,7
77,CA1-RSC,expert,3,-0.1055,0,-0.0003,8
77,CA1-RSC,expert,4,-0.1161,0,-0.0059,1
77,CA1-RSC,expert,5,0.2551,1,-0.0171,0
77,CA1-RSC,expert,6,-0.1084,0,-0.0445,-8
77,CA1-RSC,expert,7,-0.1982,0,-0.0321,-7
77,CA1-RSC,expert,8,-0.2082,0,-0.0335,-6
77,CA1-DG,naive,1,-0.0297,0,-0.0308,0
77,CA1-DG,naive,2,-0.1739,0,0.0596,0
77,CA1-DG,naive,3,-0.1771,0,0.0329,0
77,CA1-DG,naive,4,0.2063,1,-0.0366,-1
77,CA1-DG,naive,5,-0.1674,0,-0.1455,0
77,CA1-DG,intermediate,1,0.0471,0,0.0232,1
77,CA1-DG,intermediate,2,0.032,0,-0.0334,0
77,CA1-DG,intermediate,3,0.0328,0,-0.0951,0
77,CA1-DG,intermediate,4,0.0385,0,-0.0438,-6
77,CA1-DG,intermediate,5,-0.0046,0,-0.0963,-6
77,CA1-DG,expert,1,0.119,1,-0.0181,-1
77,CA1-DG,expert,2,0.1914,1,-0.0691,-1
77,CA1-DG,expert,3,-0.1559,0,-0.0761,3
77,CA1-DG,expert,4,-0.0509,0,-0.0957,-5
77,CA1-DG,expert,5,0.1653,1,-0.1042,-2
77,CA1-V1,naive,1,-0.1433,0,-0.0268,0
77,CA1-V1,naive,2,-0.1862,0,-0.0203,0
77,CA1-V1,naive,3,0.2078,1,-0.0366,0
77,CA1-V1,naive,4,0.2054,1,-0.0527,-4
77,CA1-V1,naive,5,0.2236,1,-0.0108,0
77,CA1-V1,naive,6,-0.2032,0,0.034,-8
77,CA1-V1,naive,7,-0.2049,0,-0.0015,4
77,CA1-V1,naive,8,0.2063,1,-0.0787,-6
77,CA1-V1,intermediate,1,0.0606,0,0.0183,0
77,CA1-V1,intermediate,2,0.0149,0,0.0397,0
77,CA1-V1,intermediate,3,-0.0101,0,0.0562,6
77,CA1-V1,intermediate,4,0.0143,0,0.017,0
77,CA1-V1,intermediate,5,0.0056,0,0.0808,4
77,CA1-V1,intermediate,6,-0.0045,0,0.0929,4
77,CA1-V1,intermediate,7,0.013,0,0.0563,4
77,CA1-V1,intermediate,8,0.0156,0,0.0258,0
77,CA1-V1,expert,1,-0.0679,0,0.051,0
77,CA1-V1,expert,2,0.0841,1,0.0135,0
77,CA1-V1,expert,3,-0.0925,0,0.0117,0
77,CA1-V1,expert,4,0.0823,1,0.0213,0
77,CA1-V1,expert,5,-0.0219,0,0.0215,0
77,CA1-V1,expert,6,0.1003,1,0.0123,7
77,CA1-V1,expert,7,0.1754,1,-0.0119,0
77,CA1-V1,expert,8,0.0812,1,0.0257,0
77,CA1-SUB,naive,1,-0.2117,0,-0.0412,-3
77,CA1-SUB,naive,2,-0.1981,0,-0.0486,-8
77,CA1-SUB,naive,3,0.1966,1,-0.0726,-3
77,CA1-SUB,naive,4,-0.1961,0,-0.0386,-3
77,CA1-SUB,naive,5,0.2126,1,-0.1317,-3
77,CA1-SUB,naive,6,-0.1946,0,-0.1436,-3
77,CA1-SUB,intermediate,1,0.0403,0,0.0332,3
77,CA1-SUB,intermediate,2,0.0058,0,0.0016,-5
77,CA1-SUB,intermediate,3,0.0135,0,0.0225,-5
77,CA1-SUB,intermediate,4,0.0207,0,0.0613,-6
77,CA1-SUB,intermediate,5,-0.0032,0,0.0738,5
77,CA1-SUB,intermediate,6,-0.0127,0,0.0645,-6
77,CA1-SUB,expert,1,0.152,1,0.0369,6
77,CA1-SUB,expert,2,0.0953,1,0.0244,6
77,CA1-SUB,expert,3,-0.0427,0,0.0095,4
77,CA1-SUB,expert,4,0.0763,1,0.0643,2
77,CA1-SUB,expert,5,-0.1655,0,0.1139,4
77,RSC-SUB,naive,1,0.065,0,0.0138,-1
77,RSC-SUB,naive,2,0.0875,1,0.0893,0
77,RSC-SUB,naive,3,0.0739,0,-0.0293,0
77,RSC-SUB,naive,4,0.0309,0,-0.0333,3
77,RSC-SUB,naive,5,0.0202,0,-0.1047,-2
77,RSC-SUB,naive,6,0.0028,0,-0.0323,-2
77,RSC-SUB,intermediate,1,0.1578,1,0.1274,4
77,RSC-SUB,intermediate,2,0.1195,1,0.0825,4
77,RSC-SUB,intermediate,3,0.1031,0,0.0345,2
77,RSC-SUB,intermediate,4,0.0469,0,0.0596,2
77,RSC-SUB,intermediate,5,0.0083,0,0.0325,4
77,RSC-SUB,intermediate,6,0.0078,0,0.1563,4
77,RSC-SUB,expert,1,0.1496,1,0.02,0
77,RSC-SUB,expert,2,0.0914,0,-0.0234,-1
77,RSC-SUB,expert,3,0.0759,0,0.0058,0
77,RSC-SUB,expert,4,0.0215,0,0.0695,2
77,RSC-SUB,expert,5,0.0039,0,0.0464,-1
77,RSC-SUB,expert,6,0.0165,0,-0.0006,5
77,V1-RSC,naive,1,0.3439,1,0.0177,0
77,V1-RSC,naive,2,0.2706,1,0.0404,1
77,V1-RSC,naive,3,0.1655,0,0.0851,1
77,V1-RSC,naive,4,0.1092,0,0.0131,1
77,V1-RSC,naive,5,0.0357,0,0.0045,1
77,V1-RSC,naive,6,0.0121,0,-0.0066,1
77,V1-RSC,naive,7,0.0199,0,0.0052,-3
77,V1-RSC,naive,8,0.015,0,0.0122,2
77,V1-RSC,naive,9,0.0029,0,0.0446,2
77,V1-RSC,naive,10,0.0261,0,0.0393,3
77,V1-RSC,naive,11,0.0192,0,0.0119,3
77,V1-RSC,naive,12,0.0034,0,0.0314,1
77,V1-RSC,intermediate,1,0.4006,1,0.043,0
77,V1-RSC,intermediate,2,0.3185,1,-0.0335,-7
77,V1-RSC,intermediate,3,0.1766,0,0.0482,6
77,V1-RSC,intermediate,4,0.141,0,0.0382,5
77,V1-RSC,intermediate,5,0.0729,0,-0.018,0
77,V1-RSC,intermediate,6,0.0411,0,-0.0078,0
77,V1-RSC,intermediate,7,0.0512,0,-0.0132,0
77,V1-RSC,intermediate,8,0.0134,0,-0.0114,0
77,V1-RSC,intermediate,9,0.026,0,-0.0217,-7
77,V1-RSC,intermediate,10,0.0243,0,-0.0486,-4
77,V1-RSC,intermediate,11,0.0016,0,-0.0019,4
77,V1-RSC,intermediate,12,0.0052,0,0.0196,-2
77,V1-RSC,expert,1,0.1456,0,0.0537,0
77,V1-RSC,expert,2,0.0561,0,-0.0196,-8
77,V1-RSC,expert,3,0.2587,0,0.0802,6
77,V1-RSC,expert,4,-0.0848,0,0.0448,0
77,V1-RSC,expert,5,0.2046,0,-0.0131,0
77,V1-RSC,expert,6,0.109,0,0.0268,1
77,V1-RSC,expert,7,0.2339,0,0.0027,3
77,V1-RSC,expert,8,-0.1175,0,-0.0076,0
77,V1-RSC,expert,9,0.1915,0,-0.0232,-1
77,V1-RSC,expert,10,0.2011,0,-0.0442,-5
77,V1-RSC,expert,11,0.1812,0,-0.0703,-8
77,V1-RSC,expert,12,-0.1325,0,-0.0679,-5
