animal,pair,epoch,peak_r,peak_lag_ms,ifi,width_ms,side_peak_ms,side_peak_ratio,n_bins,r_fit
28,CA1-CA3,expert,0.25535,0.0,0.09213553701169042,0.0,190.0,0.2715880164480125,6000,0.2722
28,CA1-CA3,intermediate,0.26788,0.0,0.15349224464015274,0.0,190.0,0.22510079139913394,6000,0.2722
28,CA1-CA3,naive,0.2954,0.0,-0.08487606804710947,0.0,60.0,0.2174678402166554,6000,0.2722
28,CA1-DG,expert,0.18752,0.0,-0.07804203585073917,20.0,130.0,0.4844816552901024,6000,0.244
28,CA1-DG,intermediate,0.23927,0.0,-0.05689671298076425,30.0,140.0,0.532160320976303,6000,0.244
28,CA1-DG,naive,0.29876,0.0,-0.11296198628747628,30.0,140.0,0.5970678805730352,6000,0.244
28,CA1-V1,expert,0.10299,-30.0,-0.04453216764374266,450.0,260.0,0.7138557141470045,6000,0.1935
28,CA1-V1,intermediate,0.0988,0.0,-0.03172080001898028,70.0,160.0,0.8330971659919028,6000,0.1935
28,CA1-V1,naive,0.21866,-120.0,-0.07154368746472815,500.0,,,6000,0.1935
28,CA3-DG,expert,0.56153,0.0,0.0439401947080122,20.0,140.0,0.514700906452015,6000,0.537
28,CA3-DG,intermediate,0.54063,0.0,-0.006491109787845484,20.0,140.0,0.5438654902613617,6000,0.537
28,CA3-DG,naive,0.50842,0.0,0.010376942738784204,20.0,130.0,0.49573187522127377,6000,0.537
34,CA1-CA3,expert,0.52344,0.0,-0.03615158619461681,30.0,140.0,0.7424919761577258,6000,0.5024
34,CA1-CA3,intermediate,0.49716,0.0,-0.08350903077883921,30.0,140.0,0.7074181350068389,6000,0.5024
34,CA1-CA3,naive,0.47543,0.0,-0.0024374624774865274,30.0,130.0,0.7614790820941043,6000,0.5024
34,CA1-V1,expert,0.3076,0.0,-0.020219126011972437,0.0,150.0,0.4198634590377113,6000,0.3096
34,CA1-V1,intermediate,0.24238,0.0,-0.06525366918172605,0.0,30.0,0.25138212723822095,6000,0.3096
34,CA1-V1,naive,0.28559,0.0,-0.35938048858374577,0.0,160.0,0.11786126965229875,6000,0.3096
36,CA1-CA3,expert,0.36903,0.0,0.06400049638687624,30.0,140.0,0.8230767146302468,6000,0.3279
36,CA1-CA3,intermediate,0.31046,0.0,0.1226156933492794,40.0,140.0,0.8101204664046898,6000,0.3279
36,CA1-CA3,naive,0.31103,10.0,0.17552309044066192,40.0,140.0,0.7742018454811433,6000,0.3279
36,CA1-V1,expert,0.12185,0.0,0.04206779094404055,500.0,,,6000,0.1334
36,CA1-V1,intermediate,0.14132,-30.0,-0.03137370042697096,500.0,,,6000,0.1334
36,CA1-V1,naive,0.13897,0.0,-0.007236742818952043,500.0,,,6000,0.1334
41,CA1-CA3,expert,0.51107,0.0,0.07046073063131761,30.0,140.0,0.7414444205294773,6000,0.5219
41,CA1-CA3,intermediate,0.52062,0.0,0.044684206217273495,30.0,130.0,0.8082094425876839,6000,0.5219
41,CA1-CA3,naive,0.5343,0.0,0.05525338704898039,30.0,130.0,0.8666292345124462,6000,0.5219
41,CA1-V1,expert,0.13215,-170.0,0.005176763313404993,500.0,,,6000,0.1455
41,CA1-V1,intermediate,0.16089,220.0,0.010151299079379299,500.0,,,6000,0.1455
41,CA1-V1,naive,0.15693,0.0,0.02854429411906739,500.0,,,6000,0.1455
52,CA1-CA3,expert,0.21202,0.0,-0.041085521555706425,30.0,130.0,0.387557777568154,6000,0.2065
52,CA1-CA3,intermediate,0.19818,0.0,-0.10207055519493427,30.0,130.0,0.45388031082853975,6000,0.2065
52,CA1-CA3,naive,0.1927,0.0,-0.04027373671397197,20.0,120.0,0.36829268292682926,6000,0.2065
52,CA1-DG,expert,0.18592,0.0,-0.025323292027963733,10.0,130.0,0.33853270223752147,6000,0.1977
52,CA1-DG,intermediate,0.18493,0.0,0.07891265883866819,10.0,150.0,0.32698859027740224,6000,0.1977
52,CA1-DG,naive,0.22263,0.0,-0.02115673852604703,20.0,130.0,0.2387818353321655,6000,0.1977
52,CA1-RSC,expert,0.10512,0.0,0.02673360303353298,50.0,240.0,0.6776065449010654,6000,0.1052
52,CA1-RSC,intermediate,0.09035,30.0,0.020885152051409638,100.0,230.0,0.7714443829551743,6000,0.1052
52,CA1-RSC,naive,0.11348,0.0,0.17717399390017108,70.0,150.0,0.7188050757842792,6000,0.1052
52,CA1-V1,expert,0.22393,0.0,-0.06759069845113352,500.0,,,6000,0.2464
52,CA1-V1,intermediate,0.23678,0.0,-0.19968782632056895,420.0,210.0,0.4566686375538475,6000,0.2464
52,CA1-V1,naive,0.26804,0.0,-0.10108283250474395,500.0,,,6000,0.2464
52,CA3-DG,expert,0.54142,0.0,-0.09802528525084091,0.0,140.0,0.2564183074138377,6000,0.5432
52,CA3-DG,intermediate,0.55003,0.0,-0.021406814345394598,10.0,130.0,0.19668018108103194,6000,0.5432
52,CA3-DG,naive,0.53722,0.0,-0.03951692250310281,20.0,110.0,0.11862923941774318,6000,0.5432
52,V1-RSC,expert,0.21058,0.0,0.02771471859116712,300.0,240.0,0.4945388925823915,6000,0.2648
52,V1-RSC,intermediate,0.24756,0.0,0.15603912460335645,360.0,140.0,0.5356681208595896,6000,0.2648
52,V1-RSC,naive,0.30754,0.0,0.0701859451212209,450.0,,,6000,0.2648
61,CA1-CA3,expert,0.26036,0.0,0.009826375116752195,20.0,130.0,0.2935550775848825,6000,0.2076
61,CA1-CA3,intermediate,0.24553,0.0,0.22340400700252866,20.0,170.0,0.20347819003787723,6000,0.2076
61,CA1-CA3,naive,0.10279,0.0,0.2313633622489215,40.0,120.0,0.6953983850569121,6000,0.2076
61,CA1-DG,expert,0.25314,0.0,-0.10169594063199484,10.0,140.0,0.38630797187327176,6000,0.25
61,CA1-DG,intermediate,0.24456,0.0,-0.12982078039927408,10.0,140.0,0.35042525351651943,6000,0.25
61,CA1-DG,naive,0.25236,0.0,-0.055846054555273035,20.0,130.0,0.5151371057219846,6000,0.25
61,CA1-RSC,expert,0.15519,0.0,-0.028078424727652693,0.0,140.0,0.40047683484760616,6000,0.2311
61,CA1-RSC,intermediate,0.16742,0.0,0.05631383029493183,0.0,160.0,0.34064030581770394,6000,0.2311
61,CA1-RSC,naive,0.18275,0.0,-0.15567579647059102,30.0,140.0,0.66703146374829,6000,0.2311
61,CA1-V1,expert,0.13222,0.0,0.015138697743715363,0.0,240.0,0.3181061866585993,6000,0.1932
61,CA1-V1,intermediate,0.12315,0.0,-0.5057980351103237,0.0,40.0,0.31693057247259443,6000,0.1932
61,CA1-V1,naive,0.1257,0.0,0.1354351252921672,10.0,100.0,0.5089101034208432,6000,0.1932
61,CA3-DG,expert,0.39536,0.0,0.16852478556073472,20.0,160.0,0.32188385269121816,6000,0.3615
61,CA3-DG,intermediate,0.3873,0.0,0.0524055302973838,20.0,150.0,0.33302349599793446,6000,0.3615
61,CA3-DG,naive,0.30488,0.0,-0.06685239753549425,20.0,140.0,0.39556546838100237,6000,0.3615
61,V1-RSC,expert,0.37481,0.0,-0.016690815565874824,500.0,,,6000,0.4097
61,V1-RSC,intermediate,0.35043,0.0,-0.0203209679336066,500.0,,,6000,0.4097
61,V1-RSC,naive,0.48149,0.0,0.11119032806977376,500.0,,,6000,0.4097
63,CA1-RSC,expert,0.09676,10.0,0.036811675797405956,40.0,140.0,0.7278834229020257,6000,0.1281
63,CA1-RSC,intermediate,0.10133,0.0,0.13751749706805902,20.0,130.0,0.5416954505082404,6000,0.1281
63,CA1-RSC,naive,0.08864,0.0,0.08092440537477172,30.0,140.0,0.827504512635379,6000,0.1281
66,CA1-DG,expert,0.30882,0.0,-0.04900337599957373,20.0,130.0,0.6176737257949615,6000,0.3164
66,CA1-DG,intermediate,0.33938,0.0,-0.06693379894445346,30.0,140.0,0.6121751429076551,6000,0.3164
66,CA1-DG,naive,0.2632,0.0,-0.09759938071235669,20.0,150.0,0.6044072948328267,6000,0.3164
66,CA1-RSC,expert,0.16178,0.0,-0.07522903593611725,0.0,90.0,0.2797008282853257,6000,0.1841
66,CA1-RSC,intermediate,0.18129,0.0,0.035017072883551124,0.0,130.0,0.35661095482376304,6000,0.1841
66,CA1-RSC,naive,0.20281,0.0,-0.019551104624830153,80.0,110.0,0.6662886445441547,6000,0.1841
66,CA1-SUB,expert,0.13964,0.0,-0.15752399892202323,0.0,100.0,0.39279576052706966,6000,0.1461
66,CA1-SUB,intermediate,0.12501,0.0,-0.0917105145450258,0.0,130.0,0.3837293016558675,6000,0.1461
66,CA1-SUB,naive,0.17457,0.0,-0.22118186891548341,0.0,140.0,0.23761241908689926,6000,0.1461
66,CA1-V1,expert,0.1689,0.0,0.0724374660646946,0.0,190.0,0.3429248075784488,6000,0.2312
66,CA1-V1,intermediate,0.31672,0.0,0.18391864277907155,0.0,140.0,0.16159383682748168,6000,0.2312
66,CA1-V1,naive,0.27864,0.0,0.08786854471250108,0.0,30.0,0.19979184610967557,6000,0.2312
66,RSC-SUB,expert,0.2092,0.0,0.1902691588322,50.0,220.0,0.28250478011472274,6000,0.2218
66,RSC-SUB,intermediate,0.28512,10.0,0.38111674069057133,50.0,60.0,0.0979236812570146,6000,0.2218
66,RSC-SUB,naive,0.25122,10.0,0.35798344158242557,20.0,110.0,0.2538810604251254,6000,0.2218
66,V1-RSC,expert,0.15778,0.0,-0.057553325519152064,70.0,100.0,0.6004563316009633,6000,0.2044
66,V1-RSC,intermediate,0.2047,0.0,-0.28454212351429525,80.0,130.0,0.686028334147533,6000,0.2044
66,V1-RSC,naive,0.25089,20.0,-0.07888987657960138,220.0,60.0,0.508509705448603,6000,0.2044
68,CA1-CA3,expert,0.44043,0.0,-0.0635506117651147,20.0,140.0,0.6974547601207911,6000,0.4403
68,CA1-CA3,intermediate,0.43,0.0,-0.06830870279146135,20.0,140.0,0.7213953488372092,6000,0.4403
68,CA1-CA3,naive,0.45119,0.0,-0.04484146816332424,20.0,130.0,0.6610075577916178,6000,0.4403
68,CA1-DG,expert,0.27672,0.0,0.009386803180364809,20.0,130.0,0.6247108991037872,6000,0.2809
68,CA1-DG,intermediate,0.27967,0.0,-0.04086359457891024,20.0,140.0,0.5476096828404906,6000,0.2809
68,CA1-DG,naive,0.28469,0.0,-0.024557468284786204,20.0,140.0,0.5464891636516913,6000,0.2809
68,CA1-RSC,expert,0.11727,0.0,-0.04556908224293389,30.0,140.0,0.37878400272874563,6000,0.1225
68,CA1-RSC,intermediate,0.11213,0.0,-0.04648875483574853,20.0,150.0,0.5509676268616784,6000,0.1225
68,CA1-RSC,naive,0.09559,0.0,-0.04665097834139549,20.0,80.0,0.45465006799874463,6000,0.1225
68,CA3-DG,expert,0.37936,0.0,-0.038547780262199294,30.0,130.0,0.6201760860396458,6000,0.3618
68,CA3-DG,intermediate,0.37599,0.0,-0.011274963092746674,20.0,130.0,0.5611585414505705,6000,0.3618
68,CA3-DG,naive,0.33203,0.0,-0.02936835608508813,20.0,140.0,0.5531427883022618,6000,0.3618
73,CA1-DG,expert,0.20814,0.0,-0.030446842282471052,0.0,120.0,0.3120495820121072,6000,0.1991
73,CA1-DG,intermediate,0.18788,0.0,-0.17404813218390813,20.0,140.0,0.4632212050244837,6000,0.1991
73,CA1-DG,naive,0.19303,0.0,0.22700900792133658,10.0,140.0,0.4792001243330052,6000,0.1991
73,CA1-RSC,expert,0.10469,0.0,0.09975469779043915,70.0,60.0,0.716496322475881,6000,0.1176
73,CA1-RSC,intermediate,0.12178,0.0,0.11410504018441216,170.0,50.0,0.6303990803087536,6000,0.1176
73,CA1-RSC,naive,0.09608,0.0,-0.12475578624534481,30.0,190.0,0.6732930890924229,6000,0.1176
73,CA1-SUB,expert,0.18691,0.0,-0.08361250295506566,20.0,130.0,0.5951527473115403,6000,0.1924
73,CA1-SUB,intermediate,0.19184,0.0,0.17562625804887813,20.0,130.0,0.47654295246038364,6000,0.1924
73,CA1-SUB,naive,0.19157,0.0,-0.08166575002467875,0.0,20.0,0.32437229211254376,6000,0.1924
73,CA1-V1,expert,0.1365,0.0,-0.0699388332864301,100.0,80.0,0.9032234432234432,6000,0.1221
73,CA1-V1,intermediate,0.11143,0.0,-0.054197969651179956,20.0,140.0,0.7002602530736786,6000,0.1221
73,CA1-V1,naive,0.07836,0.0,-0.2006223337515684,20.0,220.0,0.631955079122001,6000,0.1221
73,RSC-SUB,expert,0.18836,0.0,0.011659815043065534,500.0,,,6000,0.1726
73,RSC-SUB,intermediate,0.18579,0.0,-0.0016006264322152139,70.0,110.0,0.7172614241886,6000,0.1726
73,RSC-SUB,naive,0.12789,0.0,0.0005826207652896182,0.0,20.0,0.568848228946751,6000,0.1726
73,V1-RSC,expert,0.23793,0.0,-0.04686049787240351,0.0,140.0,0.4131467238263355,6000,0.2394
73,V1-RSC,intermediate,0.23363,0.0,-0.09813458615448391,0.0,150.0,0.6156743568890981,6000,0.2394
73,V1-RSC,naive,0.2083,0.0,-0.11879878577623583,0.0,140.0,0.3069131060969755,6000,0.2394
75,CA1-DG,expert,0.24488,0.0,0.018227322671224594,10.0,120.0,0.5293204835021236,6000,0.2727
75,CA1-DG,intermediate,0.31585,0.0,0.05193475860774247,20.0,130.0,0.46933671046382774,6000,0.2727
75,CA1-DG,naive,0.25393,0.0,-0.03861187911145017,20.0,130.0,0.41511440160674207,6000,0.2727
75,CA1-RSC,expert,0.09827,0.0,0.0687485808166481,40.0,160.0,0.6825073776330519,6000,0.141
75,CA1-RSC,intermediate,0.10582,0.0,0.05952594935950446,320.0,180.0,0.960971460971461,6000,0.141
75,CA1-RSC,naive,0.18278,0.0,0.0381735061981216,80.0,110.0,0.6737608053397527,6000,0.141
75,CA1-SUB,expert,0.13216,0.0,0.03243042247075314,30.0,140.0,0.5819461259079903,6000,0.1251
75,CA1-SUB,intermediate,0.12331,0.0,-0.061625387310395095,10.0,130.0,0.41399724272159594,6000,0.1251
75,CA1-SUB,naive,0.11925,0.0,-0.1993967276275933,0.0,140.0,0.34691823899371066,6000,0.1251
75,CA1-V1,expert,0.09798,0.0,-0.04254261791458355,10.0,80.0,0.5813431312512758,6000,0.0991
75,CA1-V1,intermediate,0.07313,0.0,-0.365518718868834,10.0,200.0,0.5223574456447422,6000,0.0991
75,CA1-V1,naive,0.09885,0.0,-0.35785234545442557,20.0,150.0,0.7275670207384927,6000,0.0991
75,RSC-SUB,expert,0.22487,0.0,0.006792344367321183,500.0,,,6000,0.2616
75,RSC-SUB,intermediate,0.25256,0.0,0.0034177397622223295,500.0,,,6000,0.2616
75,RSC-SUB,naive,0.28168,0.0,0.04047749113981532,490.0,,,6000,0.2616
75,V1-RSC,expert,0.41226,0.0,-0.020515013919811184,90.0,100.0,0.6269344588366565,6000,0.395
75,V1-RSC,intermediate,0.40236,0.0,0.03376721007823723,110.0,140.0,0.5869370712794513,6000,0.395
75,V1-RSC,naive,0.37359,0.0,0.24271149396717015,290.0,130.0,0.36826467517867184,6000,0.395
77,CA1-DG,expert,0.0696,0.0,0.07097965325813435,50.0,120.0,0.7206896551724139,6000,0.0868
77,CA1-DG,intermediate,0.09908,0.0,0.052135543043441736,30.0,110.0,0.6793500201857084,6000,0.0868
77,CA1-DG,naive,0.08527,0.0,-0.234503299271034,20.0,110.0,0.7694382549548493,6000,0.0868
77,CA1-RSC,expert,0.06122,-20.0,-0.09742263794622205,30.0,20.0,0.957530218882718,6000,0.1464
77,CA1-RSC,intermediate,0.07156,-30.0,-0.11496963752383263,60.0,210.0,0.8870877585243152,6000,0.1464
77,CA1-RSC,naive,0.13447,0.0,0.03070332201505138,230.0,170.0,0.7502045065813936,6000,0.1464
77,CA1-SUB,expert,0.0368,0.0,0.02031665966092202,0.0,40.0,0.9790760869565217,6000,0.0429
77,CA1-SUB,intermediate,0.05742,-10.0,-0.3647606954678611,50.0,60.0,0.728143504005573,6000,0.0429
77,CA1-SUB,naive,0.03516,0.0,-0.14141823996944877,0.0,40.0,0.7417519908987487,6000,0.0429
77,CA1-V1,expert,0.09092,0.0,0.4698570235346141,0.0,160.0,0.38495380554333486,6000,0.0896
77,CA1-V1,intermediate,0.08328,0.0,0.2661150128641959,0.0,160.0,0.4424831892411143,6000,0.0896
77,CA1-V1,naive,0.09479,0.0,-0.039926246365506075,0.0,170.0,0.43759890283785213,6000,0.0896
77,RSC-SUB,expert,0.27729,0.0,0.043508988496703045,90.0,120.0,0.4429297847019366,6000,0.2342
77,RSC-SUB,intermediate,0.19047,0.0,0.10309301143021374,70.0,120.0,0.5936892949020843,6000,0.2342
77,RSC-SUB,naive,0.21847,0.0,0.009571214971301843,110.0,40.0,0.7855083077768116,6000,0.2342
77,V1-RSC,expert,0.31257,0.0,0.012247897030505685,50.0,60.0,0.31589723901845984,6000,0.2892
77,V1-RSC,intermediate,0.24551,0.0,-0.02579681624907742,70.0,90.0,0.582460999551953,6000,0.2892
77,V1-RSC,naive,0.29577,0.0,0.007502839774714221,70.0,60.0,0.5002873854684383,6000,0.2892
