animal,learner,pair,scope,n_bins,cc_kcca,cc_linear,n_sig,mi_sig,ifi,optimal_lag,gini_x,gini_y
28,1,CA1-CA3,session,900,0.2431,0.2006,2,0.0479,-0.478,0,0.3386,0.5068
28,1,CA1-CA3,naive,900,0.1487,0.1557,3,0.0203,0.1793,0,0.4449,0.7701
28,1,CA1-CA3,intermediate,900,0.2296,0.1645,2,0.0441,-0.2324,0,0.3514,0.6576
28,1,CA1-CA3,expert,900,0.2093,-0.0461,3,0.041,-0.2828,0,0.3693,0.4982
28,1,CA1-DG,session,900,0.2707,0.2367,3,0.0481,0.5698,0,0.3295,0.3102
28,1,CA1-DG,naive,900,0.3627,0.4103,2,0.0737,-0.021,0,0.4649,0.3305
28,1,CA1-DG,intermediate,900,0.1798,0.1472,3,0.0285,0.0808,0,0.3869,0.3991
28,1,CA1-DG,expert,900,0.1342,0.3192,2,0.0302,-0.2347,0,0.4553,0.3685
28,1,CA1-V1,session,900,0.0682,0.1333,0,0.0,0.5288,4,0.3458,0.3252
28,1,CA1-V1,naive,900,0.2449,0.1628,1,0.0309,-0.0284,0,0.4538,0.4507
28,1,CA1-V1,intermediate,900,0.0559,-0.0021,3,0.0167,0.3632,1,0.4524,0.345
28,1,CA1-V1,expert,900,0.1596,0.2168,1,0.0129,0.2193,4,0.4056,0.3376
28,1,CA3-DG,session,900,0.6027,0.6313,2,0.2358,-0.9599,0,0.5804,0.3255
28,1,CA3-DG,naive,900,0.5105,0.4953,3,0.1703,-0.013,0,0.6921,0.4351
28,1,CA3-DG,intermediate,900,0.5633,0.577,1,0.1909,-0.1699,0,0.6477,0.3137
28,1,CA3-DG,expert,900,0.5261,0.5931,2,0.1716,0.574,0,0.4588,0.4008
34,1,CA1-CA3,session,900,0.5196,0.5507,3,0.2161,0.6014,0,0.4563,0.2767
34,1,CA1-CA3,naive,900,0.5672,0.5151,3,0.2245,0.5167,0,0.4412,0.3367
34,1,CA1-CA3,intermediate,900,0.4612,0.4731,3,0.1956,-0.5566,0,0.4926,0.3758
34,1,CA1-CA3,expert,900,0.5423,0.5145,2,0.3073,0.0794,0,0.4828,0.4264
34,1,CA1-V1,session,900,0.0476,0.0813,1,0.0195,-0.3678,-1,0.3624,0.3589
34,1,CA1-V1,naive,900,0.1578,-0.0036,2,0.0204,0.2885,3,0.458,0.3426
34,1,CA1-V1,intermediate,900,0.3527,0.2257,1,0.0664,-0.2265,0,0.4086,0.3439
34,1,CA1-V1,expert,900,0.3868,0.3961,2,0.0867,0.0604,0,0.3784,0.3865
36,1,CA1-CA3,session,900,0.3137,0.3096,2,0.0588,0.3409,0,0.4153,0.1499
36,1,CA1-CA3,naive,900,0.3895,0.3815,2,0.1056,0.6535,0,0.4422,0.2498
36,1,CA1-CA3,intermediate,900,0.3526,0.3134,2,0.0914,-0.2695,0,0.4711,0.2149
36,1,CA1-CA3,expert,900,0.4121,0.3359,3,0.1587,-0.1294,0,0.4684,0.2936
36,1,CA1-V1,session,900,-0.0738,0.0296,0,0.0,-0.3816,-1,0.3431,0.2417
36,1,CA1-V1,naive,900,0.0809,0.1212,0,0.0,0.2427,2,0.3948,0.196
36,1,CA1-V1,intermediate,900,-0.0355,-0.0059,0,0.0,-0.3872,-4,0.3801,0.2697
36,1,CA1-V1,expert,900,0.0752,0.0959,0,0.0,-0.1838,1,0.4116,0.2515
41,1,CA1-CA3,session,900,0.577,0.6497,3,0.332,0.882,0,0.4998,0.4249
41,1,CA1-CA3,naive,900,0.6566,0.5796,3,0.3852,-0.5583,0,0.565,0.4871
41,1,CA1-CA3,intermediate,900,0.6126,0.415,3,0.4294,-0.0598,0,0.5682,0.5176
41,1,CA1-CA3,expert,900,0.5813,-0.5222,3,0.4849,-0.4484,0,0.4825,0.3831
41,1,CA1-V1,session,900,0.0808,0.1148,1,0.0033,0.5672,3,0.3542,0.2976
41,1,CA1-V1,naive,900,0.1128,0.2296,2,0.0073,-0.3559,-1,0.4378,0.3406
41,1,CA1-V1,intermediate,900,0.1035,0.045,2,0.0107,0.0817,-1,0.4851,0.3042
41,1,CA1-V1,expert,900,0.1206,0.0517,0,0.0,0.14,-4,0.4366,0.3609
52,1,CA1-RSC,session,900,0.0045,0.1188,0,0.0,0.6896,3,0.3229,0.3323
52,1,CA1-RSC,naive,900,0.0231,-0.148,0,0.0,0.3239,1,0.4043,0.1766
52,1,CA1-RSC,intermediate,900,0.1123,-0.0552,1,0.0063,0.8391,1,0.3513,0.1722
52,1,CA1-RSC,expert,900,0.0249,-0.0196,0,0.0,0.1617,0,0.3583,0.2847
52,1,CA1-CA3,session,900,0.0732,0.2164,2,0.0112,0.0322,4,0.3683,0.4546
52,1,CA1-CA3,naive,900,0.2513,0.11,3,0.0585,-0.0387,0,0.4635,0.5072
52,1,CA1-CA3,intermediate,900,0.3349,0.1988,3,0.1013,1.0,0,0.3731,0.4379
52,1,CA1-CA3,expert,900,-0.0022,-0.0035,2,0.0143,0.7123,1,0.3745,0.4233
52,1,CA1-DG,session,900,0.141,0.1392,3,0.0114,-0.0794,0,0.331,0.3127
52,1,CA1-DG,naive,900,0.1381,0.2007,1,0.0096,0.6134,2,0.462,0.3317
52,1,CA1-DG,intermediate,900,0.0715,0.0046,1,0.0026,-0.1254,0,0.3694,0.2401
52,1,CA1-DG,expert,900,0.3053,0.4013,1,0.0489,-0.8225,0,0.3351,0.27
52,1,CA1-V1,session,900,0.1626,0.2192,2,0.0302,-1.0,-1,0.3479,0.3101
52,1,CA1-V1,naive,900,0.159,0.0473,1,0.0128,0.9171,0,0.4247,0.2993
52,1,CA1-V1,intermediate,900,-0.0077,0.1384,2,0.0142,-0.1048,2,0.3542,0.3204
52,1,CA1-V1,expert,900,0.2883,0.1706,3,0.0698,-0.2703,0,0.3732,0.3464
52,1,CA3-DG,session,900,0.5176,0.5824,3,0.2751,-0.1017,0,0.4957,0.3497
52,1,CA3-DG,naive,900,0.5483,0.7585,3,0.3099,0.2572,0,0.481,0.4257
52,1,CA3-DG,intermediate,900,0.491,0.6419,3,0.3255,-0.4679,0,0.4439,0.368
52,1,CA3-DG,expert,900,0.5004,0.5491,3,0.3071,-0.657,0,0.4762,0.3168
52,1,V1-RSC,session,900,0.2108,0.135,1,0.0227,0.3788,0,0.3098,0.2576
52,1,V1-RSC,naive,900,0.2549,0.1912,3,0.0512,-0.0486,0,0.3068,0.3408
52,1,V1-RSC,intermediate,900,0.2379,0.3108,1,0.0291,-0.244,0,0.298,0.2589
52,1,V1-RSC,expert,900,0.2877,0.4152,2,0.0762,-0.1072,0,0.3472,0.3271
61,1,CA1-RSC,session,900,0.1255,0.1022,1,0.0079,-0.3868,0,0.3486,0.2552
61,1,CA1-RSC,naive,900,0.02,-0.0825,0,0.0,0.303,1,0.3955,0.3236
61,1,CA1-RSC,intermediate,900,0.1169,0.0345,2,0.0192,0.2461,2,0.3778,0.3066
61,1,CA1-RSC,expert,900,0.0216,0.1034,1,0.0023,-0.0321,-1,0.3901,0.2707
61,1,CA1-CA3,session,900,0.1412,0.0994,1,0.0101,-0.2829,0,0.3542,0.4469
61,1,CA1-CA3,naive,900,0.0424,0.2841,1,0.0065,-1.0,0,0.4165,0.4166
61,1,CA1-CA3,intermediate,900,0.2509,0.2488,2,0.0338,-0.2346,0,0.3805,0.4324
61,1,CA1-CA3,expert,900,0.2182,0.1987,3,0.0392,0.216,0,0.3985,0.5226
61,1,CA1-DG,session,900,0.1954,0.2287,1,0.0195,-0.0433,0,0.348,0.5315
61,1,CA1-DG,naive,900,0.2187,0.1694,1,0.0245,-0.8634,0,0.3919,0.5288
61,1,CA1-DG,intermediate,900,0.2734,0.2765,3,0.0506,1.0,0,0.3764,0.5359
61,1,CA1-DG,expert,900,0.1847,0.0987,2,0.0196,-0.0204,0,0.4428,0.5308
61,1,CA1-V1,session,900,0.0098,-0.0274,0,0.0,-0.0399,0,0.3294,0.3126
61,1,CA1-V1,naive,900,-0.062,0.0927,1,0.0092,-0.0067,2,0.4301,0.3801
61,1,CA1-V1,intermediate,900,0.0663,-0.0292,2,0.0066,0.7549,3,0.3957,0.3464
61,1,CA1-V1,expert,900,0.0197,0.1913,0,0.0,0.627,4,0.4077,0.3713
61,1,CA3-DG,session,900,0.3328,0.151,3,0.103,-0.0266,0,0.4413,0.589
61,1,CA3-DG,naive,900,0.3963,0.438,3,0.1713,-0.8839,0,0.4886,0.5282
61,1,CA3-DG,intermediate,900,0.2882,0.0546,3,0.1294,0.3215,0,0.4593,0.6244
61,1,CA3-DG,expert,900,0.3662,0.4194,3,0.1436,0.0144,0,0.4741,0.6479
61,1,V1-RSC,session,900,0.3167,0.2699,3,0.1351,-0.0385,0,0.3709,0.2911
61,1,V1-RSC,naive,900,0.2786,0.3024,3,0.0634,0.3722,0,0.3566,0.2884
61,1,V1-RSC,intermediate,900,0.3959,0.306,3,0.1246,0.2517,0,0.3376,0.3299
61,1,V1-RSC,expert,900,0.2411,0.4128,3,0.089,0.1671,2,0.3623,0.3357
63,1,CA1-RSC,session,900,0.203,0.1444,2,0.0212,-0.9586,0,0.2488,0.2356
63,1,CA1-RSC,naive,900,0.1438,0.1273,1,0.0105,-0.0627,0,0.3604,0.313
63,1,CA1-RSC,intermediate,900,0.1101,0.0121,1,0.0061,-0.2006,0,0.3806,0.2927
63,1,CA1-RSC,expert,900,0.163,0.0977,1,0.0135,0.3709,0,0.3261,0.2834
66,1,CA1-RSC,session,900,0.0979,0.0818,1,0.0048,-0.4379,-1,0.3004,0.3376
66,1,CA1-RSC,naive,900,0.0396,0.1556,0,0.0,-0.341,-4,0.374,0.3259
66,1,CA1-RSC,intermediate,900,0.2208,0.1137,2,0.0302,0.5238,4,0.3074,0.286
66,1,CA1-RSC,expert,900,0.0288,-0.0097,0,0.0,-0.1302,-1,0.3567,0.3929
66,1,CA1-DG,session,900,0.2664,0.1636,2,0.0565,-0.1794,0,0.3869,0.3852
66,1,CA1-DG,naive,900,0.3574,0.2677,2,0.0808,-0.2384,0,0.3475,0.3287
66,1,CA1-DG,intermediate,900,0.3482,0.3248,3,0.0746,0.2203,0,0.3674,0.378
66,1,CA1-DG,expert,900,0.3016,0.2934,3,0.0692,-0.0282,0,0.3867,0.3876
66,1,CA1-V1,session,900,0.0329,-0.0099,1,0.0016,0.5271,0,0.3585,0.2128
66,1,CA1-V1,naive,900,0.0536,0.0985,0,0.0,-0.4168,-1,0.4348,0.2529
66,1,CA1-V1,intermediate,900,0.0174,-0.0922,2,0.0037,-0.0706,4,0.3459,0.2869
66,1,CA1-V1,expert,900,-0.0118,0.0626,0,0.0,-0.2886,1,0.3808,0.3409
66,1,CA1-SUB,session,900,0.0449,0.0698,0,0.0,0.4074,1,0.3278,0.2329
66,1,CA1-SUB,naive,900,0.1008,0.0005,3,0.0183,-0.5805,0,0.4556,0.2931
66,1,CA1-SUB,intermediate,900,0.1045,-0.0608,3,0.0198,0.1334,4,0.3493,0.2822
66,1,CA1-SUB,expert,900,0.1119,-0.0453,2,0.0085,0.078,0,0.2997,0.359
66,1,RSC-SUB,session,900,-0.0151,-0.0781,0,0.0,0.1193,2,0.2161,0.2548
66,1,RSC-SUB,naive,900,0.0852,-0.0427,1,0.0036,-0.2397,-2,0.2256,0.166
66,1,RSC-SUB,intermediate,900,0.1104,0.1477,1,0.0061,-0.2277,0,0.2823,0.2282
66,1,RSC-SUB,expert,900,0.0547,0.1576,0,0.0,0.0969,3,0.3038,0.228
66,1,V1-RSC,session,900,0.1154,0.15,3,0.0158,0.3808,4,0.2067,0.2472
66,1,V1-RSC,naive,900,0.1849,0.0289,1,0.0174,0.2187,0,0.2829,0.274
66,1,V1-RSC,intermediate,900,0.0979,-0.0137,3,0.0211,-0.5947,0,0.2807,0.2615
66,1,V1-RSC,expert,900,0.1306,0.0614,3,0.028,-0.8275,-1,0.2957,0.2094
68,1,CA1-RSC,session,900,0.0691,-0.0474,0,0.0,-1.0,-3,0.2381,0.2063
68,1,CA1-RSC,naive,900,-0.0062,-0.102,1,0.0039,-0.2385,-3,0.2637,0.2908
68,1,CA1-RSC,intermediate,900,-0.0764,0.0254,0,0.0,0.146,4,0.3426,0.257
68,1,CA1-RSC,expert,900,0.0818,0.1388,0,0.0,-0.3304,0,0.2765,0.2846
68,1,CA1-CA3,session,900,0.4376,0.45,3,0.1239,0.6551,0,0.439,0.4248
68,1,CA1-CA3,naive,900,0.4491,0.4798,3,0.1424,-0.1147,0,0.3936,0.492
68,1,CA1-CA3,intermediate,900,0.4887,0.4727,2,0.1817,-0.5017,0,0.3814,0.3952
68,1,CA1-CA3,expert,900,0.442,0.4661,2,0.1269,-0.2793,0,0.3748,0.411
68,1,CA1-DG,session,900,0.2867,0.2782,2,0.0546,-0.4341,0,0.3078,0.3912
68,1,CA1-DG,naive,900,0.2439,0.2499,3,0.0369,0.7522,0,0.3022,0.2497
68,1,CA1-DG,intermediate,900,0.1486,0.1431,2,0.0214,-0.4674,0,0.2607,0.3253
68,1,CA1-DG,expert,900,0.2743,0.2748,2,0.0527,-0.3353,0,0.3821,0.4645
68,1,CA3-DG,session,900,0.3947,0.4054,3,0.124,-0.4158,0,0.3146,0.2795
68,1,CA3-DG,naive,900,0.273,0.4146,2,0.0881,-0.2599,0,0.4253,0.2651
68,1,CA3-DG,intermediate,900,0.4163,0.4205,3,0.1643,-0.0194,0,0.3597,0.4075
68,1,CA3-DG,expert,900,0.4271,0.4147,2,0.1299,-0.3894,0,0.396,0.4028
70,0,CA1-RSC,session,900,0.1286,-0.0071,3,0.0112,-0.0441,-1,0.3031,0.324
70,0,CA1-DG,session,900,0.1175,0.1533,1,0.007,-0.8754,0,0.3169,0.533
70,0,CA1-V1,session,900,0.0662,0.0093,2,0.0054,0.1462,0,0.3408,0.3173
70,0,CA1-SUB,session,900,-0.0293,0.0824,2,0.0012,0.0361,0,0.3051,0.5453
70,0,RSC-SUB,session,900,0.1329,0.1755,3,0.0221,0.4841,0,0.2914,0.5407
70,0,V1-RSC,session,900,0.1913,0.1405,3,0.0516,-0.1529,0,0.344,0.2842
71,0,CA1-RSC,session,900,-0.0197,0.0205,0,0.0,-0.3394,-1,0.269,0.2753
71,0,CA1-CA3,session,900,0.2011,0.1664,2,0.0235,-1.0,0,0.3153,0.3118
71,0,CA1-DG,session,900,0.0408,0.0265,1,0.0008,1.0,4,0.3067,0.3193
71,0,CA1-V1,session,900,-0.0071,-0.1114,0,0.0,0.0578,-2,0.3366,0.2726
71,0,CA3-DG,session,900,0.4073,0.4516,3,0.1892,-0.1169,0,0.3774,0.392
71,0,CA1-SUB,session,900,-0.034,-0.0402,0,0.0,-1.0,-2,0.2517,0.2296
71,0,RSC-SUB,session,900,-0.0121,-0.0381,1,0.0028,0.6255,1,0.2786,0.2436
71,0,V1-RSC,session,900,0.2215,0.1488,3,0.0381,0.3423,0,0.2727,0.3083
73,1,CA1-RSC,session,900,-0.0199,-0.0645,0,0.0,1.0,2,0.3117,0.2909
73,1,CA1-RSC,naive,900,0.07,0.0567,2,0.0038,-0.0131,2,0.4957,0.384
73,1,CA1-RSC,intermediate,900,0.1336,-0.1507,1,0.009,0.4118,0,0.3504,0.3508
73,1,CA1-RSC,expert,900,0.0638,0.2223,0,0.0,0.0178,4,0.3365,0.4129
73,1,CA1-DG,session,900,0.1479,0.179,1,0.0111,-0.6409,0,0.3286,0.2399
73,1,CA1-DG,naive,900,0.1072,0.0323,2,0.0133,0.5187,0,0.4315,0.4693
73,1,CA1-DG,intermediate,900,0.1082,-0.145,2,0.0092,0.2082,0,0.3965,0.3623
73,1,CA1-DG,expert,900,0.1958,0.132,2,0.0265,-0.0312,0,0.3706,0.3476
73,1,CA1-V1,session,900,0.1121,-0.0181,1,0.0063,-0.8767,0,0.3339,0.2857
73,1,CA1-V1,naive,900,0.0985,0.0107,0,0.0,-1.0,0,0.434,0.3496
73,1,CA1-V1,intermediate,900,0.0903,0.2033,0,0.0,-0.8604,-2,0.3817,0.3118
73,1,CA1-V1,expert,900,0.0251,0.0146,0,0.0,-0.4433,-1,0.3189,0.2702
73,1,CA1-SUB,session,900,0.0132,-0.0913,1,0.0049,0.0535,-1,0.3059,0.2719
73,1,CA1-SUB,naive,900,0.0167,0.0286,0,0.0,0.7823,3,0.4849,0.2654
73,1,CA1-SUB,intermediate,900,0.0843,0.0695,2,0.0096,1.0,0,0.3588,0.2454
73,1,CA1-SUB,expert,900,0.0345,-0.1044,2,0.0069,0.2473,4,0.3545,0.3095
73,1,RSC-SUB,session,900,0.0806,0.2401,0,0.0,0.1335,0,0.3197,0.2467
73,1,RSC-SUB,naive,900,0.067,0.0332,1,0.0023,-0.3047,-4,0.4075,0.3113
73,1,RSC-SUB,intermediate,900,-0.0194,0.0284,0,0.0,0.0566,1,0.3567,0.2981
73,1,RSC-SUB,expert,900,-0.058,0.0388,0,0.0,0.3819,2,0.3505,0.2542
73,1,V1-RSC,session,900,0.1936,-0.0413,1,0.0191,-0.0482,0,0.2892,0.3358
73,1,V1-RSC,naive,900,0.0074,-0.0406,0,0.0,0.1377,0,0.3456,0.4065
73,1,V1-RSC,intermediate,900,0.1289,0.0975,3,0.0302,0.1037,0,0.3469,0.394
73,1,V1-RSC,expert,900,0.207,0.1291,1,0.0219,-0.3513,-3,0.4152,0.3442
75,1,CA1-RSC,session,900,0.0467,0.1864,1,0.0032,0.0866,4,0.338,0.3662
75,1,CA1-RSC,naive,900,0.0702,-0.2232,1,0.0048,-0.5838,-3,0.4971,0.4593
75,1,CA1-RSC,intermediate,900,0.1108,0.0856,0,0.0,0.099,0,0.4902,0.4171
75,1,CA1-RSC,expert,900,0.0302,0.0257,0,0.0,-0.5319,0,0.4913,0.3911
75,1,CA1-DG,session,900,0.2675,0.2564,1,0.0371,-0.3263,0,0.3552,0.5359
75,1,CA1-DG,naive,900,0.2333,0.211,3,0.0347,0.3324,0,0.4119,0.5402
75,1,CA1-DG,intermediate,900,0.1985,0.1778,2,0.0314,-0.6597,0,0.4452,0.6208
75,1,CA1-DG,expert,900,0.1894,0.0416,2,0.0211,0.3119,0,0.4004,0.5474
75,1,CA1-V1,session,900,0.0406,0.056,0,0.0,0.4607,1,0.3869,0.2868
75,1,CA1-V1,naive,900,0.1073,0.0419,0,0.0,0.5698,4,0.4593,0.2848
75,1,CA1-V1,intermediate,900,0.0858,0.1005,2,0.0106,0.3576,0,0.4059,0.2464
75,1,CA1-V1,expert,900,0.0349,-0.0321,1,0.0065,0.3258,0,0.3473,0.2914
75,1,CA1-SUB,session,900,0.0155,-0.0201,1,0.0064,-0.6967,0,0.3395,0.2487
75,1,CA1-SUB,naive,900,0.107,0.0666,0,0.0,-0.2322,0,0.4,0.2336
75,1,CA1-SUB,intermediate,900,0.0911,0.0096,2,0.0063,-0.996,0,0.3981,0.2517
75,1,CA1-SUB,expert,900,0.0785,0.0809,2,0.0106,0.851,2,0.4653,0.2856
75,1,RSC-SUB,session,900,0.2318,0.1664,3,0.0467,-0.2229,0,0.3825,0.2451
75,1,RSC-SUB,naive,900,0.207,-0.137,2,0.024,0.6363,0,0.4426,0.2193
75,1,RSC-SUB,intermediate,900,0.2936,0.2439,3,0.0735,-0.2836,0,0.4183,0.2456
75,1,RSC-SUB,expert,900,0.1799,0.208,3,0.0475,-0.0177,0,0.4153,0.2737
75,1,V1-RSC,session,900,0.4555,0.3893,3,0.2073,-0.6411,0,0.3168,0.4619
75,1,V1-RSC,naive,900,0.4196,0.4504,3,0.1757,-0.0239,0,0.2762,0.4651
75,1,V1-RSC,intermediate,900,0.5049,0.4704,3,0.2459,-0.0581,0,0.2717,0.4624
75,1,V1-RSC,expert,900,0.5757,0.5596,3,0.3569,-0.0355,0,0.3108,0.4242
77,1,CA1-RSC,session,900,0.0193,-0.2013,0,0.0,-0.4117,-2,0.2153,0.2627
77,1,CA1-RSC,naive,900,0.0067,0.0398,1,0.0056,-0.8508,-4,0.2416,0.367
77,1,CA1-RSC,intermediate,900,0.0905,0.0782,1,0.0041,0.8255,1,0.2802,0.3219
77,1,CA1-RSC,expert,900,0.101,0.0523,1,0.0051,0.0797,0,0.2345,0.2979
77,1,CA1-DG,session,900,0.0588,0.2688,2,0.002,-0.3553,-4,0.1791,0.2482
77,1,CA1-DG,naive,900,0.053,-0.5507,3,0.0033,0.5123,1,0.1995,0.3349
77,1,CA1-DG,intermediate,900,0.05,0.0446,0,0.0,-0.6743,-1,0.2646,0.3053
77,1,CA1-DG,expert,900,0.0856,0.0474,0,0.0,-0.0682,1,0.3214,0.2637
77,1,CA1-V1,session,900,0.0579,0.098,2,0.0046,0.3421,3,0.3711,0.3483
77,1,CA1-V1,naive,900,-0.0599,-0.1033,0,0.0,0.2564,4,0.4335,0.3163
77,1,CA1-V1,intermediate,900,0.0673,0.1698,2,0.0025,-1.0,-3,0.246,0.2149
77,1,CA1-V1,expert,900,0.0091,0.0163,1,0.0056,-0.4101,-4,0.3482,0.2655
77,1,CA1-SUB,session,900,0.0278,-0.0378,0,0.0,-0.1786,0,0.3207,0.4568
77,1,CA1-SUB,naive,900,0.0584,-0.3757,0,0.0,0.133,4,0.2921,0.5209
77,1,CA1-SUB,intermediate,900,0.0016,0.041,1,0.0018,1.0,0,0.3194,0.4155
77,1,CA1-SUB,expert,900,-0.0385,-0.0212,0,0.0,-0.0271,4,0.2467,0.4957
77,1,RSC-SUB,session,900,0.0991,0.0743,2,0.0139,-0.0649,2,0.2826,0.3768
77,1,RSC-SUB,naive,900,0.0373,0.0717,2,0.0325,-0.3301,-1,0.3303,0.3607
77,1,RSC-SUB,intermediate,900,0.0778,0.0408,1,0.003,-0.288,-2,0.3125,0.3873
77,1,RSC-SUB,expert,900,0.1086,0.1705,2,0.0399,-0.1654,-3,0.2999,0.4746
77,1,V1-RSC,session,900,0.3296,0.0633,2,0.078,0.1012,0,0.3154,0.2865
77,1,V1-RSC,naive,900,0.3745,0.309,2,0.0999,0.2099,0,0.3273,0.3523
77,1,V1-RSC,intermediate,900,0.3775,0.2807,2,0.11,-0.1289,0,0.3113,0.3091
77,1,V1-RSC,expert,900,0.1642,0.1743,1,0.0456,-0.1258,-3,0.3974,0.3332
98,0,CA1-RSC,session,900,0.0651,0.0304,0,0.0,0.2144,-3,0.2214,0.3195
98,0,CA1-CA3,session,900,0.5191,0.5412,3,0.2279,0.175,0,0.4262,0.4241
100,0,CA1-RSC,session,900,0.0238,0.2327,0,0.0,-0.343,-3,0.2534,0.2782
100,0,CA1-DG,session,900,0.447,0.3083,2,0.1209,-0.3644,0,0.2763,0.417
100,0,CA1-V1,session,900,0.1182,0.0243,3,0.0099,0.0085,0,0.2732,0.2535
100,0,CA1-SUB,session,900,0.018,0.0615,1,0.0086,-0.8564,0,0.2354,0.2603
100,0,RSC-SUB,session,900,0.0792,-0.1186,0,0.0,-0.3836,0,0.2801,0.232
100,0,V1-RSC,session,900,0.2823,0.298,3,0.0687,-0.5909,0,0.3204,0.2747
