scope,pair,landmark,stat,contrast,n,median_delta,wilcoxon_W,p,p_fdr_pass
per_landmark,CA1-V1,1,mi_sig,expert-naive,10,-0.36035270821797083,19.0,0.431640625,False
per_landmark,CA1-V1,2,mi_sig,expert-naive,10,0.0,9.0,0.7531523647659145,False
per_landmark,CA1-V1,3,mi_sig,expert-naive,10,-0.01539320358489997,22.0,0.625,False
per_landmark,CA1-V1,4,mi_sig,expert-naive,10,0.05570398871984478,12.0,0.130859375,False
per_landmark,CA1-V1,5,mi_sig,expert-naive,10,0.0,14.0,1.0,False
per_landmark,CA1-V1,6,mi_sig,expert-naive,10,-0.04410771324013515,21.0,0.556640625,False
per_landmark,CA1-DG,1,mi_sig,expert-naive,8,0.09097038062149787,13.0,0.546875,False
per_landmark,CA1-DG,2,mi_sig,expert-naive,8,0.0,10.0,0.916511907863894,False
per_landmark,CA1-DG,3,mi_sig,expert-naive,8,-0.13761163844381438,8.0,0.1953125,False
per_landmark,CA1-DG,4,mi_sig,expert-naive,8,-0.12744496486828572,16.0,0.84375,False
per_landmark,CA1-DG,5,mi_sig,expert-naive,8,0.041494121454122346,13.0,0.8657723749926214,False
per_landmark,CA1-DG,6,mi_sig,expert-naive,8,-0.22845298065202613,7.0,0.1484375,False
per_landmark,CA1-CA3,1,mi_sig,expert-naive,6,0.12753825921902204,10.0,1.0,False
per_landmark,CA1-CA3,2,mi_sig,expert-naive,6,-0.12849679231344968,8.0,0.6875,False
per_landmark,CA1-CA3,3,mi_sig,expert-naive,6,0.027047083419961135,8.0,0.6875,False
per_landmark,CA1-CA3,4,mi_sig,expert-naive,6,0.16404119847496068,7.0,0.5625,False
per_landmark,CA1-CA3,5,mi_sig,expert-naive,6,-0.19119743658373622,1.0,0.07961580146011343,False
per_landmark,CA1-CA3,6,mi_sig,expert-naive,6,0.06645482387830268,6.0,0.4375,False
per_landmark,CA1-RSC,1,mi_sig,expert-naive,8,0.004011815021325124,16.0,0.84375,False
per_landmark,CA1-RSC,2,mi_sig,expert-naive,8,0.03155539894616781,16.0,0.84375,False
per_landmark,CA1-RSC,3,mi_sig,expert-naive,8,-0.10338861530758504,6.0,0.17629637444051116,False
per_landmark,CA1-RSC,4,mi_sig,expert-naive,8,0.03219460411979405,17.0,0.9453125,False
per_landmark,CA1-RSC,5,mi_sig,expert-naive,8,0.14002385090405095,10.0,0.3125,False
per_landmark,CA1-RSC,6,mi_sig,expert-naive,8,0.03283227402238903,15.0,0.7421875,False
per_landmark,CA1-SUB,1,mi_sig,expert-naive,4,0.2448764075756868,3.0,0.625,False
per_landmark,CA1-SUB,2,mi_sig,expert-naive,4,-0.2780961014665796,2.0,0.375,False
per_landmark,CA1-SUB,3,mi_sig,expert-naive,4,0.0026637847354470112,2.0,0.5929800980174267,False
per_landmark,CA1-SUB,4,mi_sig,expert-naive,4,-0.017111703337685802,3.0,1.0,False
per_landmark,CA1-SUB,5,mi_sig,expert-naive,4,-0.1844222610606887,3.0,0.625,False
per_landmark,CA1-SUB,6,mi_sig,expert-naive,4,-0.01615547566071919,4.0,0.875,False
per_landmark,V1-RSC,1,mi_sig,expert-naive,6,0.02122007049047571,10.0,1.0,False
per_landmark,V1-RSC,2,mi_sig,expert-naive,6,0.0,1.0,0.28504940740261275,False
per_landmark,V1-RSC,3,mi_sig,expert-naive,6,-0.03489368298776893,7.0,0.5625,False
per_landmark,V1-RSC,4,mi_sig,expert-naive,6,-0.03629579026361199,7.0,0.5625,False
per_landmark,V1-RSC,5,mi_sig,expert-naive,6,-0.1227892627531817,4.0,0.34523107177184,False
per_landmark,V1-RSC,6,mi_sig,expert-naive,6,0.283780404298802,3.0,0.15625,False
per_landmark,RSC-SUB,1,mi_sig,expert-naive,4,0.1573842587519627,0.0,0.125,False
per_landmark,RSC-SUB,2,mi_sig,expert-naive,4,0.1266839247645864,2.0,0.375,False
per_landmark,RSC-SUB,3,mi_sig,expert-naive,4,-0.08708541788646473,4.0,0.875,False
per_landmark,RSC-SUB,4,mi_sig,expert-naive,4,0.2043840709788694,0.0,0.10880943004054568,False
per_landmark,RSC-SUB,5,mi_sig,expert-naive,4,0.10256466977785958,0.0,0.17971249487899976,False
per_landmark,RSC-SUB,6,mi_sig,expert-naive,4,-0.21592236905755618,0.0,0.10880943004054568,False
per_landmark,CA3-DG,1,mi_sig,expert-naive,4,-0.10600730892655158,3.0,0.625,False
per_landmark,CA3-DG,2,mi_sig,expert-naive,4,0.171949727742864,3.0,0.625,False
per_landmark,CA3-DG,3,mi_sig,expert-naive,4,-0.12597499955037758,3.0,0.625,False
per_landmark,CA3-DG,4,mi_sig,expert-naive,4,-0.019236924898318117,3.0,0.625,False
per_landmark,CA3-DG,5,mi_sig,expert-naive,4,0.7430556128303063,0.0,0.125,False
per_landmark,CA3-DG,6,mi_sig,expert-naive,4,0.25499993436377794,0.0,0.125,False
per_landmark,CA1-V1,1,mi_sig,expert-intermediate,10,0.2125222852119677,19.0,0.6784023758521882,False
per_landmark,CA1-V1,2,mi_sig,expert-intermediate,10,-0.09645225551691797,17.0,0.5146697234497355,False
per_landmark,CA1-V1,3,mi_sig,expert-intermediate,10,0.025716349663955237,20.0,0.7670968684102772,False
per_landmark,CA1-V1,4,mi_sig,expert-intermediate,10,0.1421498511322484,6.0,0.050612432239184685,False
per_landmark,CA1-V1,5,mi_sig,expert-intermediate,10,0.0,17.0,0.8886378608950078,False
per_landmark,CA1-V1,6,mi_sig,expert-intermediate,10,-0.048442056090752306,22.0,0.9527650219907529,False
per_landmark,CA1-DG,1,mi_sig,expert-intermediate,8,0.05303836992381732,11.0,0.6120898800892568,False
per_landmark,CA1-DG,2,mi_sig,expert-intermediate,8,0.06070266768485545,2.0,0.07473549830588248,False
per_landmark,CA1-DG,3,mi_sig,expert-intermediate,8,0.006214483604388546,15.0,0.7421875,False
per_landmark,CA1-DG,4,mi_sig,expert-intermediate,8,0.1660432568087666,11.0,0.3828125,False
per_landmark,CA1-DG,5,mi_sig,expert-intermediate,8,-0.011636987165503376,10.0,0.49896229860376107,False
per_landmark,CA1-DG,6,mi_sig,expert-intermediate,8,0.07516704276778699,9.0,0.39802471950693785,False
per_landmark,CA1-CA3,1,mi_sig,expert-intermediate,6,-0.2178568263386624,8.0,0.6875,False
per_landmark,CA1-CA3,2,mi_sig,expert-intermediate,6,-0.07024366707881698,9.0,0.84375,False
per_landmark,CA1-CA3,3,mi_sig,expert-intermediate,6,0.005234501972342265,10.0,1.0,False
per_landmark,CA1-CA3,4,mi_sig,expert-intermediate,6,-0.055356394158453864,9.0,0.84375,False
per_landmark,CA1-CA3,5,mi_sig,expert-intermediate,6,-0.17725064997186513,4.0,0.34523107177184,False
per_landmark,CA1-CA3,6,mi_sig,expert-intermediate,6,-0.08838288768541006,7.0,0.5625,False
per_landmark,CA1-RSC,1,mi_sig,expert-intermediate,8,-0.019033312455282385,13.0,0.546875,False
per_landmark,CA1-RSC,2,mi_sig,expert-intermediate,8,-0.016011728758881662,18.0,1.0,False
per_landmark,CA1-RSC,3,mi_sig,expert-intermediate,8,0.007894918725432652,10.0,0.916511907863894,False
per_landmark,CA1-RSC,4,mi_sig,expert-intermediate,8,0.2383804773719842,2.0,0.04252247799805163,False
per_landmark,CA1-RSC,5,mi_sig,expert-intermediate,8,-0.05456667411210628,11.0,0.3828125,False
per_landmark,CA1-RSC,6,mi_sig,expert-intermediate,8,0.05138365814368373,4.0,0.17295491798842066,False
per_landmark,CA1-SUB,1,mi_sig,expert-intermediate,4,0.2640568183042196,4.0,0.875,False
per_landmark,CA1-SUB,2,mi_sig,expert-intermediate,4,-0.12646001135468699,0.0,0.125,False
per_landmark,CA1-SUB,3,mi_sig,expert-intermediate,4,-0.06800608864605426,1.0,0.28504940740261275,False
per_landmark,CA1-SUB,4,mi_sig,expert-intermediate,4,-0.0008478413293622755,3.0,1.0,False
per_landmark,CA1-SUB,5,mi_sig,expert-intermediate,4,-0.1466971081060379,0.0,0.125,False
per_landmark,CA1-SUB,6,mi_sig,expert-intermediate,4,0.07023875319106554,2.0,0.5929800980174267,False
per_landmark,V1-RSC,1,mi_sig,expert-intermediate,6,0.41939310497668303,7.0,0.5625,False
per_landmark,V1-RSC,2,mi_sig,expert-intermediate,6,0.030626755850978925,6.0,0.6858304344516057,False
per_landmark,V1-RSC,3,mi_sig,expert-intermediate,6,0.12761384089379688,0.0,0.043114446783075355,False
per_landmark,V1-RSC,4,mi_sig,expert-intermediate,6,0.16776207778646518,1.0,0.0625,False
per_landmark,V1-RSC,5,mi_sig,expert-intermediate,6,0.07966662225206503,3.0,0.22491588401596185,False
per_landmark,V1-RSC,6,mi_sig,expert-intermediate,6,0.2874430209709481,0.0,0.03125,False
per_landmark,RSC-SUB,1,mi_sig,expert-intermediate,4,-0.049346944384007566,4.0,0.875,False
per_landmark,RSC-SUB,2,mi_sig,expert-intermediate,4,0.02275698044770052,2.0,0.5929800980174267,False
per_landmark,RSC-SUB,3,mi_sig,expert-intermediate,4,0.007745412135305857,2.0,0.5929800980174267,False
per_landmark,RSC-SUB,4,mi_sig,expert-intermediate,4,0.2134705020078161,0.0,0.10880943004054568,False
per_landmark,RSC-SUB,5,mi_sig,expert-intermediate,4,0.015327071773219195,3.0,1.0,False
per_landmark,RSC-SUB,6,mi_sig,expert-intermediate,4,-0.05571627725634215,3.0,1.0,False
per_landmark,CA3-DG,1,mi_sig,expert-intermediate,4,0.024358331986605378,4.0,0.875,False
per_landmark,CA3-DG,2,mi_sig,expert-intermediate,4,0.09452519120000816,1.0,0.25,False
per_landmark,CA3-DG,3,mi_sig,expert-intermediate,4,0.025869189996609754,3.0,0.625,False
per_landmark,CA3-DG,4,mi_sig,expert-intermediate,4,-0.15041067080486015,2.0,0.375,False
per_landmark,CA3-DG,5,mi_sig,expert-intermediate,4,0.466567249295072,2.0,0.375,False
per_landmark,CA3-DG,6,mi_sig,expert-intermediate,4,0.07377256192605436,3.0,0.625,False
per_landmark,CA1-V1,1,mi_sig,intermediate-naive,10,-0.24712958188441222,12.0,0.21352435403618242,False
per_landmark,CA1-V1,2,mi_sig,intermediate-naive,10,0.027199617815159984,8.0,0.16142946236708333,False
per_landmark,CA1-V1,3,mi_sig,intermediate-naive,10,-0.17647982855631356,25.0,0.845703125,False
per_landmark,CA1-V1,4,mi_sig,intermediate-naive,10,-0.07345221322131604,14.0,0.193359375,False
per_landmark,CA1-V1,5,mi_sig,intermediate-naive,10,-0.07232701198689283,15.0,0.3742593192802244,False
per_landmark,CA1-V1,6,mi_sig,intermediate-naive,10,-0.1367881460546469,12.0,0.130859375,False
per_landmark,CA1-DG,1,mi_sig,intermediate-naive,8,0.10977168422705173,16.0,0.84375,False
per_landmark,CA1-DG,2,mi_sig,intermediate-naive,8,-0.12428496865323665,7.0,0.23672357063785732,False
per_landmark,CA1-DG,3,mi_sig,intermediate-naive,8,-0.16028480561364344,7.0,0.1484375,False
per_landmark,CA1-DG,4,mi_sig,intermediate-naive,8,-0.13680196353174834,15.0,0.7421875,False
per_landmark,CA1-DG,5,mi_sig,intermediate-naive,8,0.04393733831839863,13.0,0.8657723749926214,False
per_landmark,CA1-DG,6,mi_sig,intermediate-naive,8,-0.2866003181990917,7.0,0.1484375,False
per_landmark,CA1-CA3,1,mi_sig,intermediate-naive,6,-0.4594543067279846,10.0,1.0,False
per_landmark,CA1-CA3,2,mi_sig,intermediate-naive,6,-0.004031243952063272,8.0,0.6875,False
per_landmark,CA1-CA3,3,mi_sig,intermediate-naive,6,0.06999320719792813,9.0,0.84375,False
per_landmark,CA1-CA3,4,mi_sig,intermediate-naive,6,0.044903387712337706,7.0,0.5625,False
per_landmark,CA1-CA3,5,mi_sig,intermediate-naive,6,-0.11942819479589761,7.0,0.892738400944348,False
per_landmark,CA1-CA3,6,mi_sig,intermediate-naive,6,0.01677994811887179,5.0,0.5001842570707944,False
per_landmark,CA1-RSC,1,mi_sig,intermediate-naive,8,0.13773886926287032,11.0,0.6120898800892568,False
per_landmark,CA1-RSC,2,mi_sig,intermediate-naive,8,0.014847406297625751,6.0,0.3454475304692257,False
per_landmark,CA1-RSC,3,mi_sig,intermediate-naive,8,-0.1090360786848096,7.0,0.23672357063785732,False
per_landmark,CA1-RSC,4,mi_sig,intermediate-naive,8,-0.18280532938898253,2.0,0.0234375,False
per_landmark,CA1-RSC,5,mi_sig,intermediate-naive,8,0.15991704066136425,4.0,0.17295491798842066,False
per_landmark,CA1-RSC,6,mi_sig,intermediate-naive,8,-0.0890718624180599,6.0,0.17629637444051116,False
per_landmark,CA1-SUB,1,mi_sig,intermediate-naive,4,-0.12064748403551041,3.0,1.0,False
per_landmark,CA1-SUB,2,mi_sig,intermediate-naive,4,-0.15667945901353864,3.0,0.625,False
per_landmark,CA1-SUB,3,mi_sig,intermediate-naive,4,0.07066987338150127,1.0,0.28504940740261275,False
per_landmark,CA1-SUB,4,mi_sig,intermediate-naive,4,0.09078481333704999,1.0,0.28504940740261275,False
per_landmark,CA1-SUB,5,mi_sig,intermediate-naive,4,-0.03530532163480746,5.0,1.0,False
per_landmark,CA1-SUB,6,mi_sig,intermediate-naive,4,-0.005447683559087257,4.0,0.875,False
per_landmark,V1-RSC,1,mi_sig,intermediate-naive,6,-0.2670864662072321,7.0,0.5625,False
per_landmark,V1-RSC,2,mi_sig,intermediate-naive,6,0.0,2.0,0.5929800980174267,False
per_landmark,V1-RSC,3,mi_sig,intermediate-naive,6,-0.2200466233712202,2.0,0.13801073756865956,False
per_landmark,V1-RSC,4,mi_sig,intermediate-naive,6,-0.1773879062069898,1.0,0.0625,False
per_landmark,V1-RSC,5,mi_sig,intermediate-naive,6,-0.21807272138595207,0.0,0.06788915486182899,False
per_landmark,V1-RSC,6,mi_sig,intermediate-naive,6,-0.05714573044991961,5.0,0.5001842570707944,False
per_landmark,RSC-SUB,1,mi_sig,intermediate-naive,4,0.2067312031359703,2.0,0.375,False
per_landmark,RSC-SUB,2,mi_sig,intermediate-naive,4,0.0010205404375306162,5.0,1.0,False
per_landmark,RSC-SUB,3,mi_sig,intermediate-naive,4,-0.1594527619370591,3.0,0.625,False
per_landmark,RSC-SUB,4,mi_sig,intermediate-naive,4,-0.009086431028946684,0.0,0.17971249487899976,False
per_landmark,RSC-SUB,5,mi_sig,intermediate-naive,4,0.16020905138556313,0.0,0.10880943004054568,False
per_landmark,RSC-SUB,6,mi_sig,intermediate-naive,4,-0.0969530811408606,0.0,0.10880943004054568,False
per_landmark,CA3-DG,1,mi_sig,intermediate-naive,4,-0.1136910734320054,3.0,0.625,False
per_landmark,CA3-DG,2,mi_sig,intermediate-naive,4,0.07700803713816992,5.0,1.0,False
per_landmark,CA3-DG,3,mi_sig,intermediate-naive,4,-0.11011879062764063,3.0,0.625,False
per_landmark,CA3-DG,4,mi_sig,intermediate-naive,4,0.2576353358403399,4.0,0.875,False
per_landmark,CA3-DG,5,mi_sig,intermediate-naive,4,0.2050325195407558,1.0,0.28504940740261275,False
per_landmark,CA3-DG,6,mi_sig,intermediate-naive,4,0.04079558553408848,4.0,0.875,False
per_landmark,CA1-V1,1,ifi_weighted,expert-naive,10,-0.0695346052551004,23.0,0.6953125,False
per_landmark,CA1-V1,2,ifi_weighted,expert-naive,10,-0.03952310586067106,24.0,0.76953125,False
per_landmark,CA1-V1,3,ifi_weighted,expert-naive,10,0.07835175164307911,13.0,0.16015625,False
per_landmark,CA1-V1,4,ifi_weighted,expert-naive,10,0.08662134630705699,17.0,0.322265625,False
per_landmark,CA1-V1,5,ifi_weighted,expert-naive,10,0.023466489158857653,22.0,0.625,False
per_landmark,CA1-V1,6,ifi_weighted,expert-naive,10,-0.04072094453885963,22.0,0.625,False
per_landmark,CA1-DG,1,ifi_weighted,expert-naive,8,0.016556937095440177,11.0,0.3828125,False
per_landmark,CA1-DG,2,ifi_weighted,expert-naive,8,-0.07290848982345648,15.0,0.7421875,False
per_landmark,CA1-DG,3,ifi_weighted,expert-naive,8,-0.11370337405213676,10.0,0.3125,False
per_landmark,CA1-DG,4,ifi_weighted,expert-naive,8,-0.01665445114943179,14.0,0.640625,False
per_landmark,CA1-DG,5,ifi_weighted,expert-naive,8,0.006214090429048816,17.0,0.9453125,False
per_landmark,CA1-DG,6,ifi_weighted,expert-naive,8,0.14873228383187506,7.0,0.1484375,False
per_landmark,CA1-CA3,1,ifi_weighted,expert-naive,6,-0.03870156759942142,10.0,1.0,False
per_landmark,CA1-CA3,2,ifi_weighted,expert-naive,6,-0.013473914205836473,9.0,0.84375,False
per_landmark,CA1-CA3,3,ifi_weighted,expert-naive,6,0.08487845762454352,5.0,0.3125,False
per_landmark,CA1-CA3,4,ifi_weighted,expert-naive,6,0.26566828544602994,2.0,0.09375,False
per_landmark,CA1-CA3,5,ifi_weighted,expert-naive,6,-0.02688789334704139,8.0,0.6875,False
per_landmark,CA1-CA3,6,ifi_weighted,expert-naive,6,-0.21424124294759697,6.0,0.4375,False
per_landmark,CA1-RSC,1,ifi_weighted,expert-naive,8,0.02109997452773274,15.0,0.7421875,False
per_landmark,CA1-RSC,2,ifi_weighted,expert-naive,8,0.024095943753697387,15.0,0.7421875,False
per_landmark,CA1-RSC,3,ifi_weighted,expert-naive,8,0.015996691006857966,15.0,0.7421875,False
per_landmark,CA1-RSC,4,ifi_weighted,expert-naive,8,-0.07456240449996937,9.0,0.25,False
per_landmark,CA1-RSC,5,ifi_weighted,expert-naive,8,0.038940327914215214,18.0,1.0,False
per_landmark,CA1-RSC,6,ifi_weighted,expert-naive,8,-0.06228201749100571,14.0,0.640625,False
per_landmark,CA1-SUB,1,ifi_weighted,expert-naive,4,-0.002164996267307498,4.0,0.875,False
per_landmark,CA1-SUB,2,ifi_weighted,expert-naive,4,-0.09298609437795029,2.0,0.375,False
per_landmark,CA1-SUB,3,ifi_weighted,expert-naive,4,0.11086931117105175,2.0,0.375,False
per_landmark,CA1-SUB,4,ifi_weighted,expert-naive,4,-0.08721176128594807,3.0,0.625,False
per_landmark,CA1-SUB,5,ifi_weighted,expert-naive,4,-0.04886034144990871,3.0,0.625,False
per_landmark,CA1-SUB,6,ifi_weighted,expert-naive,4,0.05786013601887613,4.0,0.875,False
per_landmark,V1-RSC,1,ifi_weighted,expert-naive,6,-0.09484678574914955,10.0,1.0,False
per_landmark,V1-RSC,2,ifi_weighted,expert-naive,6,-0.0788061101123278,9.0,0.84375,False
per_landmark,V1-RSC,3,ifi_weighted,expert-naive,6,-0.06967833725316853,9.0,0.84375,False
per_landmark,V1-RSC,4,ifi_weighted,expert-naive,6,-0.06601285917067719,6.0,0.4375,False
per_landmark,V1-RSC,5,ifi_weighted,expert-naive,6,0.08966684973298633,6.0,0.4375,False
per_landmark,V1-RSC,6,ifi_weighted,expert-naive,6,-0.08474223277753629,6.0,0.4375,False
per_landmark,RSC-SUB,1,ifi_weighted,expert-naive,4,0.13947193620595238,4.0,0.875,False
per_landmark,RSC-SUB,2,ifi_weighted,expert-naive,4,0.11882408787818607,3.0,0.625,False
per_landmark,RSC-SUB,3,ifi_weighted,expert-naive,4,-0.07113946332284195,4.0,0.875,False
per_landmark,RSC-SUB,4,ifi_weighted,expert-naive,4,-0.07665590602005516,4.0,0.875,False
per_landmark,RSC-SUB,5,ifi_weighted,expert-naive,4,0.05031079081764907,1.0,0.25,False
per_landmark,RSC-SUB,6,ifi_weighted,expert-naive,4,0.06835266672145215,3.0,0.625,False
per_landmark,CA3-DG,1,ifi_weighted,expert-naive,4,0.001033562688639144,5.0,1.0,False
per_landmark,CA3-DG,2,ifi_weighted,expert-naive,4,0.034874611515813024,4.0,0.875,False
per_landmark,CA3-DG,3,ifi_weighted,expert-naive,4,0.014426071479579888,3.0,0.625,False
per_landmark,CA3-DG,4,ifi_weighted,expert-naive,4,-0.11985629541674958,1.0,0.25,False
per_landmark,CA3-DG,5,ifi_weighted,expert-naive,4,0.19125971079916204,2.0,0.375,False
per_landmark,CA3-DG,6,ifi_weighted,expert-naive,4,0.12681732742893595,3.0,0.625,False
per_landmark,CA1-V1,1,ifi_weighted,expert-intermediate,10,0.06557567735890715,25.0,0.845703125,False
per_landmark,CA1-V1,2,ifi_weighted,expert-intermediate,10,0.016879219840874017,26.0,0.921875,False
per_landmark,CA1-V1,3,ifi_weighted,expert-intermediate,10,0.12092310711880738,11.0,0.10546875,False
per_landmark,CA1-V1,4,ifi_weighted,expert-intermediate,10,-0.014146716806687484,21.0,0.556640625,False
per_landmark,CA1-V1,5,ifi_weighted,expert-intermediate,10,0.03562192363110438,26.0,0.921875,False
per_landmark,CA1-V1,6,ifi_weighted,expert-intermediate,10,0.17055526433045531,12.0,0.130859375,False
per_landmark,CA1-DG,1,ifi_weighted,expert-intermediate,8,0.02459036799722092,13.0,0.546875,False
per_landmark,CA1-DG,2,ifi_weighted,expert-intermediate,8,-0.06614794622534187,10.0,0.3125,False
per_landmark,CA1-DG,3,ifi_weighted,expert-intermediate,8,0.020209034489734386,16.0,0.84375,False
per_landmark,CA1-DG,4,ifi_weighted,expert-intermediate,8,-0.011101670455551953,18.0,1.0,False
per_landmark,CA1-DG,5,ifi_weighted,expert-intermediate,8,-0.09898919793101196,11.0,0.3828125,False
per_landmark,CA1-DG,6,ifi_weighted,expert-intermediate,8,0.0701821934754292,13.0,0.546875,False
per_landmark,CA1-CA3,1,ifi_weighted,expert-intermediate,6,0.055814461016326936,9.0,0.84375,False
per_landmark,CA1-CA3,2,ifi_weighted,expert-intermediate,6,0.014683784720738238,9.0,0.84375,False
per_landmark,CA1-CA3,3,ifi_weighted,expert-intermediate,6,-0.08044397601174133,5.0,0.3125,False
per_landmark,CA1-CA3,4,ifi_weighted,expert-intermediate,6,0.21274541721393403,1.0,0.0625,False
per_landmark,CA1-CA3,5,ifi_weighted,expert-intermediate,6,0.04670906906397726,5.0,0.3125,False
per_landmark,CA1-CA3,6,ifi_weighted,expert-intermediate,6,-0.15898329332662214,1.0,0.0625,False
per_landmark,CA1-RSC,1,ifi_weighted,expert-intermediate,8,0.015562707906520751,16.0,0.84375,False
per_landmark,CA1-RSC,2,ifi_weighted,expert-intermediate,8,0.0017384024013651495,14.0,0.640625,False
per_landmark,CA1-RSC,3,ifi_weighted,expert-intermediate,8,0.05906521554322658,0.0,0.0078125,False
per_landmark,CA1-RSC,4,ifi_weighted,expert-intermediate,8,0.013337532659047593,15.0,0.7421875,False
per_landmark,CA1-RSC,5,ifi_weighted,expert-intermediate,8,-0.0278934713727663,16.0,0.84375,False
per_landmark,CA1-RSC,6,ifi_weighted,expert-intermediate,8,-0.06829585998587692,17.0,0.9453125,False
per_landmark,CA1-SUB,1,ifi_weighted,expert-intermediate,4,0.08953636939611287,3.0,0.625,False
per_landmark,CA1-SUB,2,ifi_weighted,expert-intermediate,4,0.043321179073876316,1.0,0.25,False
per_landmark,CA1-SUB,3,ifi_weighted,expert-intermediate,4,-0.03732990968686126,4.0,0.875,False
per_landmark,CA1-SUB,4,ifi_weighted,expert-intermediate,4,-0.1184379349968769,2.0,0.375,False
per_landmark,CA1-SUB,5,ifi_weighted,expert-intermediate,4,-0.04993136622074964,4.0,0.875,False
per_landmark,CA1-SUB,6,ifi_weighted,expert-intermediate,4,0.019126042136861067,5.0,1.0,False
per_landmark,V1-RSC,1,ifi_weighted,expert-intermediate,6,0.06764160262911292,9.0,0.84375,False
per_landmark,V1-RSC,2,ifi_weighted,expert-intermediate,6,0.013858308868146853,10.0,1.0,False
per_landmark,V1-RSC,3,ifi_weighted,expert-intermediate,6,-0.019925049962375617,8.0,0.6875,False
per_landmark,V1-RSC,4,ifi_weighted,expert-intermediate,6,-0.042284197652493916,10.0,1.0,False
per_landmark,V1-RSC,5,ifi_weighted,expert-intermediate,6,0.15792165233398114,3.0,0.15625,False
per_landmark,V1-RSC,6,ifi_weighted,expert-intermediate,6,0.030823532054566387,9.0,0.84375,False
per_landmark,RSC-SUB,1,ifi_weighted,expert-intermediate,4,0.0451677271835461,3.0,0.625,False
per_landmark,RSC-SUB,2,ifi_weighted,expert-intermediate,4,-0.006021914154680251,4.0,0.875,False
per_landmark,RSC-SUB,3,ifi_weighted,expert-intermediate,4,0.1656362523528776,0.0,0.125,False
per_landmark,RSC-SUB,4,ifi_weighted,expert-intermediate,4,0.17094214568496427,0.0,0.125,False
per_landmark,RSC-SUB,5,ifi_weighted,expert-intermediate,4,0.052099765794542945,3.0,0.625,False
per_landmark,RSC-SUB,6,ifi_weighted,expert-intermediate,4,0.24921371783457894,1.0,0.25,False
per_landmark,CA3-DG,1,ifi_weighted,expert-intermediate,4,-0.005330307271919556,4.0,0.875,False
per_landmark,CA3-DG,2,ifi_weighted,expert-intermediate,4,0.18120086687882453,1.0,0.25,False
per_landmark,CA3-DG,3,ifi_weighted,expert-intermediate,4,-0.1921713419999806,2.0,0.375,False
per_landmark,CA3-DG,4,ifi_weighted,expert-intermediate,4,-0.10334028862359027,0.0,0.125,False
per_landmark,CA3-DG,5,ifi_weighted,expert-intermediate,4,-0.0003236964191856151,4.0,0.875,False
per_landmark,CA3-DG,6,ifi_weighted,expert-intermediate,4,0.1418967907503784,4.0,0.875,False
per_landmark,CA1-V1,1,ifi_weighted,intermediate-naive,10,-0.058319879363184154,14.0,0.193359375,False
per_landmark,CA1-V1,2,ifi_weighted,intermediate-naive,10,0.0096099563123263,27.0,1.0,False
per_landmark,CA1-V1,3,ifi_weighted,intermediate-naive,10,-0.04314574246000125,25.0,0.845703125,False
per_landmark,CA1-V1,4,ifi_weighted,intermediate-naive,10,0.10051106184881951,11.0,0.10546875,False
per_landmark,CA1-V1,5,ifi_weighted,intermediate-naive,10,0.03680407824600045,23.0,0.6953125,False
per_landmark,CA1-V1,6,ifi_weighted,intermediate-naive,10,-0.10702185269219826,8.0,0.048828125,False
per_landmark,CA1-DG,1,ifi_weighted,intermediate-naive,8,0.03582511142927079,14.0,0.640625,False
per_landmark,CA1-DG,2,ifi_weighted,intermediate-naive,8,0.07674064152835502,9.0,0.25,False
per_landmark,CA1-DG,3,ifi_weighted,intermediate-naive,8,-0.11689568123723044,9.0,0.25,False
per_landmark,CA1-DG,4,ifi_weighted,intermediate-naive,8,-0.05052688519661101,13.0,0.546875,False
per_landmark,CA1-DG,5,ifi_weighted,intermediate-naive,8,0.012089608418688703,18.0,1.0,False
per_landmark,CA1-DG,6,ifi_weighted,intermediate-naive,8,0.11378438465300145,9.0,0.25,False
per_landmark,CA1-CA3,1,ifi_weighted,intermediate-naive,6,0.053380152819283225,10.0,1.0,False
per_landmark,CA1-CA3,2,ifi_weighted,intermediate-naive,6,0.03931882312758417,8.0,0.6875,False
per_landmark,CA1-CA3,3,ifi_weighted,intermediate-naive,6,0.17192295671876734,1.0,0.0625,False
per_landmark,CA1-CA3,4,ifi_weighted,intermediate-naive,6,0.0735769899658068,7.0,0.5625,False
per_landmark,CA1-CA3,5,ifi_weighted,intermediate-naive,6,-0.04588574921958358,8.0,0.6875,False
per_landmark,CA1-CA3,6,ifi_weighted,intermediate-naive,6,0.009535083677830666,10.0,1.0,False
per_landmark,CA1-RSC,1,ifi_weighted,intermediate-naive,8,-0.0070659541958902235,17.0,0.9453125,False
per_landmark,CA1-RSC,2,ifi_weighted,intermediate-naive,8,0.11007218064059195,16.0,0.84375,False
per_landmark,CA1-RSC,3,ifi_weighted,intermediate-naive,8,-0.06652229215678826,9.0,0.25,False
per_landmark,CA1-RSC,4,ifi_weighted,intermediate-naive,8,-0.05390462261110737,16.0,0.84375,False
per_landmark,CA1-RSC,5,ifi_weighted,intermediate-naive,8,0.07337076246785078,14.0,0.640625,False
per_landmark,CA1-RSC,6,ifi_weighted,intermediate-naive,8,-0.02286537848822659,14.0,0.640625,False
per_landmark,CA1-SUB,1,ifi_weighted,intermediate-naive,4,-0.09255275556665261,0.0,0.125,False
per_landmark,CA1-SUB,2,ifi_weighted,intermediate-naive,4,-0.17033196391097125,0.0,0.125,False
per_landmark,CA1-SUB,3,ifi_weighted,intermediate-naive,4,0.03140796522095252,4.0,0.875,False
per_landmark,CA1-SUB,4,ifi_weighted,intermediate-naive,4,0.055212517011475296,3.0,0.625,False
per_landmark,CA1-SUB,5,ifi_weighted,intermediate-naive,4,0.001071024770840926,4.0,0.875,False
per_landmark,CA1-SUB,6,ifi_weighted,intermediate-naive,4,0.059306089875830546,1.0,0.25,False
per_landmark,V1-RSC,1,ifi_weighted,intermediate-naive,6,-0.0752481085445547,6.0,0.4375,False
per_landmark,V1-RSC,2,ifi_weighted,intermediate-naive,6,-0.07708772317278033,8.0,0.6875,False
per_landmark,V1-RSC,3,ifi_weighted,intermediate-naive,6,-0.0469292749735009,10.0,1.0,False
per_landmark,V1-RSC,4,ifi_weighted,intermediate-naive,6,-0.036754718538674735,7.0,0.5625,False
per_landmark,V1-RSC,5,ifi_weighted,intermediate-naive,6,-0.1709103556944318,7.0,0.5625,False
per_landmark,V1-RSC,6,ifi_weighted,intermediate-naive,6,-0.09583831941204704,8.0,0.6875,False
per_landmark,RSC-SUB,1,ifi_weighted,intermediate-naive,4,0.014653278038512234,5.0,1.0,False
per_landmark,RSC-SUB,2,ifi_weighted,intermediate-naive,4,0.07526204648033681,2.0,0.375,False
per_landmark,RSC-SUB,3,ifi_weighted,intermediate-naive,4,-0.24226627230379244,0.0,0.125,False
per_landmark,RSC-SUB,4,ifi_weighted,intermediate-naive,4,-0.18896564384058465,0.0,0.125,False
per_landmark,RSC-SUB,5,ifi_weighted,intermediate-naive,4,0.0034847298191965775,4.0,0.875,False
per_landmark,RSC-SUB,6,ifi_weighted,intermediate-naive,4,0.0676314733546391,5.0,1.0,False
per_landmark,CA3-DG,1,ifi_weighted,intermediate-naive,4,-0.09535080580589604,3.0,0.625,False
per_landmark,CA3-DG,2,ifi_weighted,intermediate-naive,4,-0.14632625536301153,2.0,0.375,False
per_landmark,CA3-DG,3,ifi_weighted,intermediate-naive,4,0.14940631727862067,1.0,0.25,False
per_landmark,CA3-DG,4,ifi_weighted,intermediate-naive,4,-0.0067175338056652545,5.0,1.0,False
per_landmark,CA3-DG,5,ifi_weighted,intermediate-naive,4,0.17192718469447577,0.0,0.125,False
per_landmark,CA3-DG,6,ifi_weighted,intermediate-naive,4,0.07159311404412705,2.0,0.375,False
per_pair_pooled,CA1-V1,,mi_sig,expert-naive,60,0.0,636.0,0.4815605803488612,False
per_pair_pooled,CA1-DG,,mi_sig,expert-naive,48,-0.06120284778851043,426.0,0.3016923646792019,False
per_pair_pooled,CA1-CA3,,mi_sig,expert-naive,36,0.007612072161478911,313.0,0.9738673433335014,False
per_pair_pooled,CA1-RSC,,mi_sig,expert-naive,48,0.03382485808679479,555.0,0.9241246530120816,False
per_pair_pooled,CA1-SUB,,mi_sig,expert-naive,24,-0.017111703337685802,115.0,0.7088842633568615,False
per_pair_pooled,V1-RSC,,mi_sig,expert-naive,36,0.0,250.0,0.7934870829529873,False
per_pair_pooled,RSC-SUB,,mi_sig,expert-naive,24,0.1030428664968793,70.0,0.1913338368695522,False
per_pair_pooled,CA3-DG,,mi_sig,expert-naive,24,0.15755707899006977,106.0,0.21821892261505127,False
per_pair_pooled,CA1-V1,,mi_sig,expert-intermediate,60,0.0,563.0,0.17700103407766576,False
per_pair_pooled,CA1-DG,,mi_sig,expert-intermediate,48,0.03148452952488559,403.0,0.3979731298918886,False
per_pair_pooled,CA1-CA3,,mi_sig,expert-intermediate,36,-0.052459569239222764,243.0,0.2382794172551712,False
per_pair_pooled,CA1-RSC,,mi_sig,expert-intermediate,48,0.010639723092778684,416.0,0.49128132903886657,False
per_pair_pooled,CA1-SUB,,mi_sig,expert-intermediate,24,-0.036665328999269955,95.0,0.47613551179087055,False
per_pair_pooled,V1-RSC,,mi_sig,expert-intermediate,36,0.13588083967705866,102.0,0.0014256475483254694,True
per_pair_pooled,RSC-SUB,,mi_sig,expert-intermediate,24,0.007745412135305857,73.0,0.3759797524564171,False
per_pair_pooled,CA3-DG,,mi_sig,expert-intermediate,24,0.033004430302000703,114.0,0.3165123462677002,False
per_pair_pooled,CA1-V1,,mi_sig,intermediate-naive,60,-0.05185369061770122,513.0,0.02008431204197025,False
per_pair_pooled,CA1-DG,,mi_sig,intermediate-naive,48,-0.14803125229409847,406.0,0.14170731387757024,False
per_pair_pooled,CA1-CA3,,mi_sig,intermediate-naive,36,0.0,297.0,0.9931795603343961,False
per_pair_pooled,CA1-RSC,,mi_sig,intermediate-naive,48,0.0,367.0,0.4105900093378534,False
per_pair_pooled,CA1-SUB,,mi_sig,intermediate-naive,24,0.0,114.0,0.9584199496651095,False
per_pair_pooled,V1-RSC,,mi_sig,intermediate-naive,36,-0.12672095906351125,87.0,0.004775081659652943,True
per_pair_pooled,RSC-SUB,,mi_sig,intermediate-naive,24,0.0,103.0,0.9404809859004396,False
per_pair_pooled,CA3-DG,,mi_sig,intermediate-naive,24,0.04124605176978885,120.0,0.584056453701191,False
per_pair_pooled,CA1-V1,,ifi_weighted,expert-naive,60,0.024777158047984797,818.0,0.4751805002284377,False
per_pair_pooled,CA1-DG,,ifi_weighted,expert-naive,48,-0.0139540028025495,571.0,0.866842398448064,False
per_pair_pooled,CA1-CA3,,ifi_weighted,expert-naive,36,0.033357120964542776,301.0,0.6246803064132109,False
per_pair_pooled,CA1-RSC,,ifi_weighted,expert-naive,48,0.003108865501277947,555.0,0.7411409011974683,False
per_pair_pooled,CA1-SUB,,ifi_weighted,expert-naive,24,-0.023936312475476326,126.0,0.5087660551071167,False
per_pair_pooled,V1-RSC,,ifi_weighted,expert-naive,36,-0.04197164683590329,293.0,0.5393326855264604,False
per_pair_pooled,RSC-SUB,,ifi_weighted,expert-naive,24,0.03559945152719424,108.0,0.2405325174331665,False
per_pair_pooled,CA3-DG,,ifi_weighted,expert-naive,24,0.015485795597990896,130.0,0.5838061571121216,False
per_pair_pooled,CA1-V1,,ifi_weighted,expert-intermediate,60,0.04614117540123787,698.0,0.11016145833763198,False
per_pair_pooled,CA1-DG,,ifi_weighted,expert-intermediate,48,-0.016942358372041097,576.0,0.9069740528045429,False
per_pair_pooled,CA1-CA3,,ifi_weighted,expert-intermediate,36,0.02596414963177239,329.0,0.9566913228773046,False
per_pair_pooled,CA1-RSC,,ifi_weighted,expert-intermediate,48,0.020598218030546022,579.0,0.9311720701221233,False
per_pair_pooled,CA1-SUB,,ifi_weighted,expert-intermediate,24,0.007242911186983898,145.0,0.899570107460022,False
per_pair_pooled,V1-RSC,,ifi_weighted,expert-intermediate,36,0.016411374368913743,293.0,0.5393326855264604,False
per_pair_pooled,RSC-SUB,,ifi_weighted,expert-intermediate,24,0.10037263163802196,64.0,0.012604832649230957,False
per_pair_pooled,CA3-DG,,ifi_weighted,expert-intermediate,24,-0.06314271292472923,143.0,0.8553357124328613,False
per_pair_pooled,CA1-V1,,ifi_weighted,intermediate-naive,60,-0.013014427002646045,855.0,0.6587090742591128,False
per_pair_pooled,CA1-DG,,ifi_weighted,intermediate-naive,48,0.010384442966822376,543.0,0.6509454979670011,False
per_pair_pooled,CA1-CA3,,ifi_weighted,intermediate-naive,36,0.040306795445757576,256.0,0.2324965409352444,False
per_pair_pooled,CA1-RSC,,ifi_weighted,intermediate-naive,48,0.013771115482191898,562.0,0.7955129094812108,False
per_pair_pooled,CA1-SUB,,ifi_weighted,intermediate-naive,24,-0.02747574672139631,134.0,0.6634435653686523,False
per_pair_pooled,V1-RSC,,ifi_weighted,intermediate-naive,36,-0.07497302169924798,246.0,0.1762826904305257,False
per_pair_pooled,RSC-SUB,,ifi_weighted,intermediate-naive,24,-0.08368862392528875,108.0,0.2405325174331665,False
per_pair_pooled,CA3-DG,,ifi_weighted,intermediate-naive,24,0.039998607863880015,113.0,0.30289924144744873,False
