animal,learner,pair,bin,trial_lo,trial_hi,n_bins,cc1,n_sig,mi_sig,ifi,optimal_lag,gini_x,gini_y
28,1,CA1-CA3,1,1,5,8000,0.2196,1,0.0247,0.043,0,0.3396,0.6477
28,1,CA1-CA3,2,6,10,8000,0.1759,2,0.0291,0.0373,0,0.2479,0.8642
28,1,CA1-CA3,3,11,15,8000,0.1966,1,0.0197,0.0257,0,0.7296,0.6687
28,1,CA1-CA3,4,16,20,8000,0.2367,3,0.0589,-0.0759,0,0.2815,0.6536
28,1,CA1-CA3,5,21,25,8000,0.1927,1,0.0327,0.0037,3,0.2724,0.7725
28,1,CA1-CA3,6,26,30,8000,0.2387,2,0.0718,0.0705,0,0.2657,0.589
28,1,CA1-DG,1,1,5,8000,0.3156,2,0.0654,-0.0544,0,0.332,0.2148
28,1,CA1-DG,2,6,10,8000,0.2945,2,0.0611,-0.0035,0,0.2784,0.2526
28,1,CA1-DG,3,11,15,8000,0.3202,2,0.0625,0.0134,0,0.6916,0.256
28,1,CA1-DG,4,16,20,8000,0.3066,2,0.0593,0.0393,0,0.3306,0.4456
28,1,CA1-DG,5,21,25,8000,0.2628,2,0.0481,0.0324,0,0.2964,0.1778
28,1,CA1-DG,6,26,30,8000,0.2145,2,0.0508,-0.005,0,0.2513,0.2685
28,1,CA1-V1,1,1,5,8000,0.1472,0,0.0,-0.0047,2,0.3518,0.4345
28,1,CA1-V1,2,6,10,8000,0.2087,0,0.0,-0.0185,-2,0.3705,0.437
28,1,CA1-V1,3,11,15,8000,0.182,0,0.0,-0.0118,-2,0.6979,0.3992
28,1,CA1-V1,4,16,20,8000,0.2046,0,0.0,-0.0098,-1,0.3025,0.4002
28,1,CA1-V1,5,21,25,8000,0.1515,0,0.0,0.0105,0,0.2919,0.3942
28,1,CA1-V1,6,26,30,8000,0.0962,0,0.0,-0.0189,-1,0.2344,0.3733
28,1,CA3-DG,1,1,5,8000,0.4704,2,0.1347,0.0204,0,0.65,0.2134
28,1,CA3-DG,2,6,10,8000,0.5195,2,0.1689,0.0163,0,0.8653,0.2221
28,1,CA3-DG,3,11,15,8000,0.5375,2,0.1799,0.0158,0,0.6706,0.2544
28,1,CA3-DG,4,16,20,8000,0.4395,4,0.1924,-0.0203,0,0.6576,0.4234
28,1,CA3-DG,5,21,25,8000,0.5148,2,0.1697,-0.004,0,0.7514,0.1754
28,1,CA3-DG,6,26,30,8000,0.481,2,0.1407,0.0104,0,0.5902,0.2855
34,1,CA1-CA3,1,1,5,8000,0.3956,2,0.1072,-0.0222,0,0.9714,0.6762
34,1,CA1-CA3,2,6,10,8000,0.5186,3,0.1889,-0.0003,0,0.3021,0.526
34,1,CA1-CA3,3,11,15,8000,0.6109,7,0.4465,-0.0296,0,0.3826,0.1633
34,1,CA1-CA3,4,16,20,8000,0.8609,3,0.7815,-0.0223,0,0.9035,0.9316
34,1,CA1-CA3,5,21,25,8000,0.5274,3,0.2395,0.0037,0,0.949,0.8517
34,1,CA1-CA3,6,26,30,8000,0.3858,5,0.2124,-0.0124,0,0.9429,0.1484
34,1,CA1-V1,1,1,5,8000,0.158,0,0.0,0.0089,0,0.8816,0.4273
34,1,CA1-V1,2,6,10,8000,0.1363,0,0.0,0.0099,1,0.3035,0.4109
34,1,CA1-V1,3,11,15,8000,0.1233,0,0.0,0.0089,3,0.3251,0.3444
34,1,CA1-V1,4,16,20,8000,0.1161,0,0.0,-0.0159,-2,0.4369,0.3273
34,1,CA1-V1,5,21,25,8000,0.018,0,0.0,0.0138,4,0.4257,0.3088
34,1,CA1-V1,6,26,30,8000,0.1351,0,0.0,-0.085,-3,0.9494,0.3285
36,1,CA1-CA3,1,1,5,8000,0.317,2,0.064,0.0093,1,0.3751,0.1314
36,1,CA1-CA3,2,6,10,8000,0.3122,2,0.0675,-0.0161,-3,0.3493,0.0744
36,1,CA1-CA3,3,11,15,8000,0.3426,2,0.079,-0.0119,0,0.3662,0.0565
36,1,CA1-CA3,4,16,20,8000,0.3524,2,0.0838,0.0048,0,0.347,0.0399
36,1,CA1-CA3,5,21,25,8000,0.2835,2,0.065,0.0479,1,0.3507,0.0433
36,1,CA1-CA3,6,26,30,8000,0.282,2,0.0605,0.0184,1,0.342,0.04
36,1,CA1-V1,1,1,5,8000,0.0267,0,0.0,-0.0349,-2,0.3405,0.081
36,1,CA1-V1,2,6,10,8000,0.1027,0,0.0,-0.0304,-5,0.3296,0.0731
36,1,CA1-V1,3,11,15,8000,0.0966,0,0.0,0.0259,2,0.3322,0.0807
36,1,CA1-V1,4,16,20,8000,0.0189,0,0.0,0.022,3,0.3142,0.0801
36,1,CA1-V1,5,21,25,8000,0.0679,0,0.0,-0.0041,0,0.3007,0.0653
36,1,CA1-V1,6,26,30,8000,0.0972,0,0.0,0.0077,1,0.2909,0.074
41,1,CA1-CA3,1,1,5,8000,1.0,3,3.3115,0.028,0,0.9013,0.9599
41,1,CA1-CA3,2,6,10,8000,0.8032,3,0.6567,0.0177,0,0.8734,0.8987
41,1,CA1-CA3,3,11,15,8000,0.8447,3,0.7502,0.0037,0,0.8148,0.9291
41,1,CA1-CA3,4,16,20,8000,0.8274,3,0.7151,0.0112,0,0.9592,0.9132
41,1,CA1-CA3,5,21,25,8000,0.61,3,0.2941,0.0203,0,0.9617,0.9873
41,1,CA1-CA3,6,26,30,8000,0.8056,3,0.6627,0.0108,0,0.7905,0.9873
41,1,CA1-V1,1,1,5,8000,0.0771,0,0.0,-0.0071,-2,0.2036,0.4133
41,1,CA1-V1,2,6,10,8000,0.1868,0,0.0,-0.0172,-3,0.4483,0.3992
41,1,CA1-V1,3,11,15,8000,0.0726,0,0.0,-0.0184,1,0.2076,0.3496
41,1,CA1-V1,4,16,20,8000,0.055,0,0.0,0.0283,5,0.3492,0.351
41,1,CA1-V1,5,21,25,8000,0.2543,1,0.0334,0.0152,0,0.4776,0.3114
41,1,CA1-V1,6,26,30,8000,0.1844,0,0.0,-0.0051,2,0.361,0.306
52,1,CA1-RSC,1,1,5,8000,-0.0481,0,0.0,0.0424,2,0.3837,0.132
52,1,CA1-RSC,2,6,10,8000,0.0116,1,0.0815,0.0507,1,0.4239,0.0714
52,1,CA1-RSC,3,11,15,8000,0.1897,3,0.0609,0.0143,3,0.3621,0.1477
52,1,CA1-RSC,4,16,20,8000,-0.0429,3,0.0266,-0.0241,-2,0.3758,0.0692
52,1,CA1-RSC,5,21,25,8000,-0.1498,3,0.0464,0.04,2,0.367,0.0645
52,1,CA1-RSC,6,26,30,8000,-0.1979,0,0.0,0.014,2,0.3238,0.0549
52,1,CA1-CA3,1,1,5,8000,0.1921,1,0.0188,-0.1211,-5,0.3545,0.3287
52,1,CA1-CA3,2,6,10,8000,0.2773,3,0.0783,-0.0119,0,0.3784,0.3619
52,1,CA1-CA3,3,11,15,8000,0.1957,1,0.0195,-0.0226,0,0.3275,0.3171
52,1,CA1-CA3,4,16,20,8000,0.344,10,0.2567,-0.0109,0,0.3397,0.3507
52,1,CA1-CA3,5,21,25,8000,0.1822,1,0.0169,0.0076,0,0.3279,0.3302
52,1,CA1-CA3,6,26,30,8000,0.3133,14,0.2853,-0.0112,0,0.286,0.3429
52,1,CA1-DG,1,1,5,8000,0.2753,2,0.0494,-0.0071,0,0.355,0.1842
52,1,CA1-DG,2,6,10,8000,0.4637,10,0.4566,-0.0092,0,0.3834,0.1506
52,1,CA1-DG,3,11,15,8000,-0.0781,10,0.1913,0.0056,0,0.3287,0.1695
52,1,CA1-DG,4,16,20,8000,0.1562,1,0.0124,-0.0186,0,0.3397,0.1498
52,1,CA1-DG,5,21,25,8000,-0.0136,7,0.1443,0.0017,0,0.3275,0.1051
52,1,CA1-DG,6,26,30,8000,-0.0558,8,0.1363,0.0056,0,0.2849,0.1212
52,1,CA1-V1,1,1,5,8000,0.2033,1,0.0211,-0.015,0,0.3584,0.3246
52,1,CA1-V1,2,6,10,8000,-0.2531,7,0.5899,-0.0105,0,0.3832,0.2816
52,1,CA1-V1,3,11,15,8000,-0.0927,10,0.238,-0.006,0,0.3295,0.3026
52,1,CA1-V1,4,16,20,8000,0.0583,0,0.0,-0.0281,-2,0.3384,0.3393
52,1,CA1-V1,5,21,25,8000,-0.0168,1,0.0443,-0.0106,-1,0.3272,0.3028
52,1,CA1-V1,6,26,30,8000,-0.2343,10,0.5446,-0.0198,0,0.2827,0.2867
52,1,CA3-DG,1,1,5,8000,0.3536,10,0.4595,0.0228,0,0.3316,0.1829
52,1,CA3-DG,2,6,10,8000,0.5246,4,0.3174,0.0435,0,0.3633,0.1492
52,1,CA3-DG,3,11,15,8000,0.6001,14,0.6263,0.0048,0,0.3121,0.1637
52,1,CA3-DG,4,16,20,8000,0.5423,6,0.3848,0.0195,0,0.3546,0.1522
52,1,CA3-DG,5,21,25,8000,0.497,5,0.3496,0.0077,0,0.3348,0.1042
52,1,CA3-DG,6,26,30,8000,0.5581,6,0.5066,0.0196,0,0.3419,0.1197
52,1,V1-RSC,1,1,5,8000,-0.043,1,0.0114,-0.0343,0,0.302,0.1338
52,1,V1-RSC,2,6,10,8000,0.1025,1,0.0964,0.0303,3,0.2927,0.0732
52,1,V1-RSC,3,11,15,8000,0.4954,5,0.3313,0.0084,0,0.307,0.1484
52,1,V1-RSC,4,16,20,8000,0.285,1,0.0424,0.0128,0,0.3247,0.0705
52,1,V1-RSC,5,21,25,8000,0.262,2,0.0504,0.0217,0,0.3085,0.0643
52,1,V1-RSC,6,26,30,8000,-0.0716,3,0.1208,0.0017,0,0.2922,0.0555
61,1,CA1-RSC,1,1,5,8000,0.1263,0,0.0,0.1435,2,0.4496,0.3711
61,1,CA1-RSC,2,6,10,8000,0.2026,1,0.021,0.0872,0,0.4295,0.358
61,1,CA1-RSC,3,11,15,8000,-0.0801,3,0.0725,0.0137,-5,0.4267,0.3217
61,1,CA1-RSC,4,16,20,8000,0.0501,2,0.0448,0.0685,3,0.4114,0.3053
61,1,CA1-RSC,5,21,25,8000,0.0953,4,0.0766,0.0401,0,0.3972,0.2677
61,1,CA1-RSC,6,26,30,8000,0.0615,0,0.0,0.0783,0,0.3505,0.254
61,1,CA1-CA3,1,1,5,8000,0.1194,0,0.0,-0.0533,-1,0.4507,0.3246
61,1,CA1-CA3,2,6,10,8000,0.1991,7,0.4697,-0.18,-5,0.4316,0.3776
61,1,CA1-CA3,3,11,15,8000,0.3456,18,0.42,-0.0184,-1,0.4306,0.3172
61,1,CA1-CA3,4,16,20,8000,0.1579,1,0.0126,0.0083,0,0.3997,0.2913
61,1,CA1-CA3,5,21,25,8000,0.1893,6,0.0767,0.019,-2,0.3957,0.2191
61,1,CA1-CA3,6,26,30,8000,0.144,2,0.0294,0.043,4,0.3554,0.2017
61,1,CA1-DG,1,1,5,8000,0.2213,1,0.0251,-0.0227,0,0.4539,0.2157
61,1,CA1-DG,2,6,10,8000,0.2228,1,0.0255,-0.007,0,0.4331,0.231
61,1,CA1-DG,3,11,15,8000,0.2182,1,0.0244,-0.0103,0,0.4326,0.2671
61,1,CA1-DG,4,16,20,8000,0.2238,1,0.0257,-0.0095,0,0.4192,0.1879
61,1,CA1-DG,5,21,25,8000,0.3273,2,0.0728,-0.0305,0,0.4008,0.6325
61,1,CA1-DG,6,26,30,8000,0.18,1,0.0165,-0.0161,0,0.3592,0.4407
61,1,CA1-V1,1,1,5,8000,0.0822,0,0.0,0.0604,2,0.4502,0.4286
61,1,CA1-V1,2,6,10,8000,0.1783,3,0.0464,0.0281,0,0.4333,0.4125
61,1,CA1-V1,3,11,15,8000,0.1631,1,0.0135,0.0142,0,0.4298,0.3722
61,1,CA1-V1,4,16,20,8000,0.2013,1,0.0207,-0.0102,0,0.4024,0.348
61,1,CA1-V1,5,21,25,8000,0.3044,8,0.1827,-0.0398,0,0.3982,0.3863
61,1,CA1-V1,6,26,30,8000,0.2132,7,0.2641,-0.0188,0,0.3529,0.3375
61,1,CA3-DG,1,1,5,8000,0.3241,3,0.135,-0.0207,0,0.3296,0.2087
61,1,CA3-DG,2,6,10,8000,0.1128,3,0.1552,-0.0219,0,0.3773,0.2324
61,1,CA3-DG,3,11,15,8000,0.394,3,0.3062,-0.0058,0,0.3028,0.2662
61,1,CA3-DG,4,16,20,8000,0.2779,2,0.1097,-0.0202,0,0.2884,0.187
61,1,CA3-DG,5,21,25,8000,0.3318,5,0.167,0.0017,0,0.2564,0.6354
61,1,CA3-DG,6,26,30,8000,0.2339,3,0.1006,-0.1027,0,0.2054,0.4388
61,1,V1-RSC,1,1,5,8000,0.3658,1,0.0718,0.0215,0,0.4228,0.3686
61,1,V1-RSC,2,6,10,8000,0.3811,2,0.1378,0.0239,0,0.4116,0.3572
61,1,V1-RSC,3,11,15,8000,0.3589,3,0.2478,0.0344,0,0.3686,0.3163
61,1,V1-RSC,4,16,20,8000,0.3331,3,0.2099,0.0077,0,0.3428,0.3023
61,1,V1-RSC,5,21,25,8000,-0.2154,4,0.5249,0.0064,0,0.3851,0.2641
61,1,V1-RSC,6,26,30,8000,0.1747,4,0.2247,0.0184,0,0.3371,0.2533
63,1,CA1-RSC,1,1,5,8000,0.0483,0,0.0,0.0807,1,0.0843,0.3177
63,1,CA1-RSC,2,6,10,8000,0.1488,1,0.0112,0.0107,0,0.1212,0.3373
63,1,CA1-RSC,3,11,15,8000,0.1289,1,0.0084,0.0407,1,0.109,0.341
63,1,CA1-RSC,4,16,20,8000,0.0794,0,0.0,0.0124,0,0.0965,0.3221
63,1,CA1-RSC,5,21,25,8000,0.1303,1,0.0086,0.0657,0,0.1221,0.3079
63,1,CA1-RSC,6,26,30,8000,0.1119,1,0.0063,0.037,3,0.1535,0.2681
66,1,CA1-RSC,1,1,5,8000,-0.0252,5,0.0781,0.1261,0,0.3849,0.3134
66,1,CA1-RSC,2,6,10,8000,0.1815,1,0.0167,0.0185,0,0.7823,0.2064
66,1,CA1-RSC,3,11,15,8000,0.1538,3,0.0359,0.0438,0,0.2278,0.1017
66,1,CA1-RSC,4,16,20,8000,0.0149,0,0.0,0.002,2,0.1958,0.1103
66,1,CA1-RSC,5,21,25,8000,0.0919,0,0.0,0.0406,0,0.678,0.1154
66,1,CA1-RSC,6,26,30,8000,0.086,0,0.0,0.0463,0,0.2646,0.1761
66,1,CA1-DG,1,1,5,8000,0.2705,3,0.0733,0.0051,0,0.3933,0.1992
66,1,CA1-DG,2,6,10,8000,0.1958,1,0.0195,-0.0323,0,0.7422,0.1484
66,1,CA1-DG,3,11,15,8000,0.2696,1,0.0377,-0.023,0,0.2581,0.1748
66,1,CA1-DG,4,16,20,8000,0.3002,1,0.0472,-0.0343,0,0.2039,0.1293
66,1,CA1-DG,5,21,25,8000,0.3177,2,0.071,-0.0493,0,0.6305,0.12
66,1,CA1-DG,6,26,30,8000,0.247,1,0.0315,-0.0378,0,0.2919,0.1034
66,1,CA1-V1,1,1,5,8000,0.1828,1,0.017,-0.0042,-5,0.3817,0.077
66,1,CA1-V1,2,6,10,8000,0.1266,0,0.0,0.0032,0,0.7176,0.0714
66,1,CA1-V1,3,11,15,8000,0.1578,2,0.0276,-0.0016,1,0.2632,0.0604
66,1,CA1-V1,4,16,20,8000,0.1095,0,0.0,-0.0135,0,0.18,0.0543
66,1,CA1-V1,5,21,25,8000,0.2278,1,0.0266,0.049,0,0.6698,0.0623
66,1,CA1-V1,6,26,30,8000,0.0898,0,0.0,-0.0108,0,0.2935,0.0647
66,1,CA1-SUB,1,1,5,8000,0.1379,6,0.0761,-0.0366,0,0.3815,0.0584
66,1,CA1-SUB,2,6,10,8000,0.1222,1,0.0075,-0.0492,0,0.7694,0.0746
66,1,CA1-SUB,3,11,15,8000,0.1319,5,0.0577,-0.0672,0,0.2237,0.0489
66,1,CA1-SUB,4,16,20,8000,0.1468,1,0.0109,-0.0461,0,0.2229,0.0455
66,1,CA1-SUB,5,21,25,8000,0.1692,2,0.0242,-0.0638,0,0.7087,0.0369
66,1,CA1-SUB,6,26,30,8000,0.1208,0,0.0,-0.0048,0,0.2611,0.0491
66,1,RSC-SUB,1,1,5,8000,0.0329,4,0.0718,-0.0057,5,0.3208,0.0591
66,1,RSC-SUB,2,6,10,8000,0.1006,2,0.0219,0.0418,0,0.2017,0.0751
66,1,RSC-SUB,3,11,15,8000,-0.0127,3,0.0171,-0.0042,1,0.1132,0.0492
66,1,RSC-SUB,4,16,20,8000,0.0403,0,0.0,-0.0102,0,0.1293,0.0459
66,1,RSC-SUB,5,21,25,8000,0.0758,0,0.0,-0.0033,-1,0.1432,0.0366
66,1,RSC-SUB,6,26,30,8000,-0.0558,1,0.0075,0.0836,2,0.2202,0.0489
66,1,V1-RSC,1,1,5,8000,0.044,3,0.0546,0.0233,2,0.0997,0.3144
66,1,V1-RSC,2,6,10,8000,-0.0325,0,0.0,0.0607,1,0.0791,0.2079
66,1,V1-RSC,3,11,15,8000,0.024,2,0.0237,-0.008,2,0.0664,0.1012
66,1,V1-RSC,4,16,20,8000,0.1394,0,0.0,0.0223,0,0.0792,0.1104
66,1,V1-RSC,5,21,25,8000,0.0617,0,0.0,-0.0222,-2,0.0821,0.1162
66,1,V1-RSC,6,26,30,8000,-0.0629,5,0.0927,-0.0479,0,0.0843,0.176
68,1,CA1-RSC,1,1,5,8000,0.0728,0,0.0,0.0404,3,0.903,0.1134
68,1,CA1-RSC,2,6,10,8000,0.0751,0,0.0,0.004,0,0.1632,0.1157
68,1,CA1-RSC,3,11,15,8000,0.0398,0,0.0,0.02,3,0.155,0.1052
68,1,CA1-RSC,4,16,20,8000,0.0462,0,0.0,-0.0051,-2,0.1246,0.1187
68,1,CA1-RSC,5,21,25,8000,0.0847,0,0.0,0.0137,2,0.1358,0.0824
68,1,CA1-RSC,6,26,30,8000,0.0879,0,0.0,0.0733,3,0.1355,0.0797
68,1,CA1-CA3,1,1,5,8000,0.9846,3,1.8573,-0.0118,0,0.7272,0.6112
68,1,CA1-CA3,2,6,10,8000,0.4345,3,0.1382,-0.0132,0,0.1781,0.6085
68,1,CA1-CA3,3,11,15,8000,0.3929,2,0.1044,-0.0499,0,0.1404,0.0987
68,1,CA1-CA3,4,16,20,8000,0.4146,2,0.1098,0.01,0,0.153,0.0785
68,1,CA1-CA3,5,21,25,8000,0.4204,2,0.1174,-0.0268,0,0.1454,0.0413
68,1,CA1-CA3,6,26,30,8000,0.4293,2,0.1231,-0.0082,0,0.1823,0.1065
68,1,CA1-DG,1,1,5,8000,0.2611,2,0.0508,-0.0235,0,0.903,0.1681
68,1,CA1-DG,2,6,10,8000,0.2299,2,0.0409,-0.0872,0,0.1629,0.171
68,1,CA1-DG,3,11,15,8000,0.2865,2,0.0559,-0.0332,0,0.1544,0.1475
68,1,CA1-DG,4,16,20,8000,0.2865,2,0.0508,-0.0899,0,0.1239,0.1569
68,1,CA1-DG,5,21,25,8000,0.2634,2,0.0475,-0.057,0,0.134,0.1715
68,1,CA1-DG,6,26,30,8000,0.2625,2,0.0521,-0.1097,0,0.1346,0.1369
68,1,CA3-DG,1,1,5,8000,0.2915,2,0.0742,-0.003,0,0.8853,0.2167
68,1,CA3-DG,2,6,10,8000,0.2996,3,0.1063,-0.0337,0,0.6148,0.1947
68,1,CA3-DG,3,11,15,8000,0.325,2,0.0865,0.0047,0,0.1016,0.1755
68,1,CA3-DG,4,16,20,8000,0.3389,2,0.0932,0.0323,0,0.0814,0.1761
68,1,CA3-DG,5,21,25,8000,0.3328,3,0.1015,0.0223,0,0.044,0.1462
68,1,CA3-DG,6,26,30,8000,0.3448,2,0.0989,0.0138,0,0.1087,0.1636
70,0,CA1-RSC,1,1,5,8000,0.0175,4,0.3299,-0.0013,3,0.3736,0.4838
70,0,CA1-RSC,2,6,10,8000,0.0033,8,0.4466,0.0095,-2,0.3428,0.3728
70,0,CA1-RSC,3,11,15,8000,-0.3869,9,0.7631,0.0393,0,0.3058,0.381
70,0,CA1-RSC,4,16,20,8000,0.4586,14,1.3788,0.0029,0,0.3425,0.4026
70,0,CA1-RSC,5,21,25,8000,0.3856,11,1.5718,0.0653,1,0.3329,0.3836
70,0,CA1-RSC,6,26,30,8000,0.32,9,0.768,0.0086,3,0.3567,0.4111
70,0,CA1-DG,1,1,5,8000,0.0814,7,0.5532,-0.1554,-1,0.3734,0.3643
70,0,CA1-DG,2,6,10,8000,0.2726,7,0.3928,-0.079,0,0.3441,0.3483
70,0,CA1-DG,3,11,15,8000,0.4916,6,0.403,-0.0836,0,0.3032,0.3105
70,0,CA1-DG,4,16,20,8000,0.6303,9,0.7939,-0.0831,0,0.3402,0.2819
70,0,CA1-DG,5,21,25,8000,0.0438,5,0.6179,-0.022,0,0.3314,0.3174
70,0,CA1-DG,6,26,30,8000,0.4127,18,2.6179,-0.0369,0,0.3554,0.2894
70,0,CA1-V1,1,1,5,8000,0.2831,15,1.9626,0.0079,0,0.373,0.3222
70,0,CA1-V1,2,6,10,8000,0.1412,7,0.2208,0.0034,0,0.3429,0.2829
70,0,CA1-V1,3,11,15,8000,0.2743,10,0.3801,0.0111,0,0.3013,0.2557
70,0,CA1-V1,4,16,20,8000,0.8634,7,1.6198,-0.0155,0,0.3413,0.2812
70,0,CA1-V1,5,21,25,8000,0.8223,12,1.7274,-0.0202,0,0.335,0.296
70,0,CA1-V1,6,26,30,8000,0.5132,13,1.3171,0.0125,0,0.3554,0.3247
70,0,CA1-SUB,1,1,5,8000,0.2241,13,0.8347,-0.0247,0,0.3736,0.4172
70,0,CA1-SUB,2,6,10,8000,0.3253,4,0.1509,-0.0056,0,0.3434,0.3047
70,0,CA1-SUB,3,11,15,8000,0.6573,13,0.7946,0.1804,2,0.303,0.3421
70,0,CA1-SUB,4,16,20,8000,-0.2923,8,0.7737,-0.003,0,0.3414,0.3238
70,0,CA1-SUB,5,21,25,8000,0.2599,4,0.1179,-0.0081,0,0.3324,0.3001
70,0,CA1-SUB,6,26,30,8000,0.5438,7,0.4739,-0.0345,-1,0.354,0.3368
70,0,RSC-SUB,1,1,5,8000,0.2784,7,0.6697,0.1158,3,0.4837,0.4171
70,0,RSC-SUB,2,6,10,8000,0.3115,7,0.5252,0.0449,0,0.3715,0.2997
70,0,RSC-SUB,3,11,15,8000,0.2098,11,0.5226,-0.0459,-5,0.3813,0.3406
70,0,RSC-SUB,4,16,20,8000,-0.0821,10,0.8824,0.0586,0,0.4016,0.3234
70,0,RSC-SUB,5,21,25,8000,0.0039,5,0.1476,0.0205,0,0.385,0.3002
70,0,RSC-SUB,6,26,30,8000,0.0729,2,0.0739,0.1829,2,0.4132,0.337
70,0,V1-RSC,1,1,5,8000,-0.0645,10,0.7318,0.0438,0,0.3238,0.4771
70,0,V1-RSC,2,6,10,8000,0.4297,8,0.4706,0.0244,0,0.2852,0.3695
70,0,V1-RSC,3,11,15,8000,0.3234,10,0.5694,0.0231,0,0.2571,0.3782
70,0,V1-RSC,4,16,20,8000,0.5158,8,1.3029,-0.0194,0,0.2787,0.4002
70,0,V1-RSC,5,21,25,8000,0.0826,8,1.3226,0.0019,0,0.2967,0.3817
70,0,V1-RSC,6,26,30,8000,-0.0279,6,0.316,0.0176,0,0.3229,0.4143
71,0,CA1-RSC,1,1,5,8000,-0.4221,6,0.1179,0.0169,0,0.2824,0.5113
71,0,CA1-RSC,2,6,10,8000,-0.1971,5,0.2212,-0.0306,-4,0.3551,0.4992
71,0,CA1-RSC,3,11,15,8000,0.3934,7,0.2807,0.0229,0,0.2249,0.4695
71,0,CA1-RSC,4,16,20,8000,-0.3091,12,0.3673,-0.0519,-2,0.2529,0.4757
71,0,CA1-RSC,5,21,25,8000,0.3371,9,0.3981,-0.0128,0,0.1997,0.4169
71,0,CA1-RSC,6,26,30,8000,0.2032,4,0.1495,0.0208,-5,0.2123,0.4045
71,0,CA1-CA3,1,1,5,8000,-0.2082,6,0.535,-0.0242,0,0.2879,0.3505
71,0,CA1-CA3,2,6,10,8000,0.5622,11,1.6309,-0.0185,0,0.3561,0.3845
71,0,CA1-CA3,3,11,15,8000,0.5061,9,0.5157,-0.0862,0,0.2239,0.3618
71,0,CA1-CA3,4,16,20,8000,0.4103,7,0.4379,-0.0191,0,0.2531,0.3654
71,0,CA1-CA3,5,21,25,8000,0.4914,5,0.2495,-0.0136,0,0.1992,0.3348
71,0,CA1-CA3,6,26,30,8000,-0.0881,8,0.3222,-0.0521,0,0.2129,0.3153
71,0,CA1-DG,1,1,5,8000,0.2813,9,0.231,0.0335,0,0.2867,0.5279
71,0,CA1-DG,2,6,10,8000,0.5093,7,0.5524,0.0449,0,0.3538,0.5267
71,0,CA1-DG,3,11,15,8000,0.0236,7,0.1347,0.0676,0,0.2224,0.4848
71,0,CA1-DG,4,16,20,8000,0.3305,13,0.3383,0.0513,0,0.2528,0.4889
71,0,CA1-DG,5,21,25,8000,0.216,2,0.0458,0.0697,0,0.1921,0.4819
71,0,CA1-DG,6,26,30,8000,0.2214,2,0.0468,0.0294,0,0.2129,0.447
71,0,CA1-V1,1,1,5,8000,-0.3269,6,0.4534,0.0054,0,0.2864,0.3195
71,0,CA1-V1,2,6,10,8000,0.5408,8,0.5213,-0.008,3,0.355,0.3072
71,0,CA1-V1,3,11,15,8000,0.4515,7,0.5478,0.0038,2,0.225,0.2892
71,0,CA1-V1,4,16,20,8000,-0.3131,9,0.6024,0.0689,4,0.2523,0.3005
71,0,CA1-V1,5,21,25,8000,0.3872,7,0.3552,-0.0234,0,0.1997,0.2778
71,0,CA1-V1,6,26,30,8000,0.0879,6,0.1367,0.0284,-1,0.2129,0.2828
71,0,CA3-DG,1,1,5,8000,0.505,11,0.5016,0.0205,0,0.3437,0.5258
71,0,CA3-DG,2,6,10,8000,0.3247,10,0.4573,-0.0156,0,0.3763,0.5221
71,0,CA3-DG,3,11,15,8000,0.5173,9,0.3487,-0.0041,0,0.3581,0.4847
71,0,CA3-DG,4,16,20,8000,0.5066,10,0.3057,-0.0218,0,0.3576,0.4921
71,0,CA3-DG,5,21,25,8000,0.4498,4,0.2278,0.0042,0,0.3304,0.4804
71,0,CA3-DG,6,26,30,8000,0.4796,4,0.2635,0.0351,0,0.3157,0.4492
71,0,CA1-SUB,1,1,5,8000,0.1023,5,0.2838,-0.0215,0,0.2878,0.1976
71,0,CA1-SUB,2,6,10,8000,0.4131,5,0.2638,-0.0022,0,0.3558,0.1582
71,0,CA1-SUB,3,11,15,8000,0.3386,8,0.5332,0.0068,0,0.2251,0.1674
71,0,CA1-SUB,4,16,20,8000,0.0915,9,0.733,-0.0104,0,0.2528,0.1642
71,0,CA1-SUB,5,21,25,8000,-0.196,5,0.1848,0.0032,0,0.1996,0.1565
71,0,CA1-SUB,6,26,30,8000,0.0369,6,0.0731,0.037,0,0.2131,0.1588
71,0,RSC-SUB,1,1,5,8000,0.275,10,0.5732,-0.0472,0,0.5131,0.186
71,0,RSC-SUB,2,6,10,8000,-0.0369,8,0.9687,-0.0041,0,0.4963,0.1542
71,0,RSC-SUB,3,11,15,8000,0.0313,13,0.4598,0.0064,0,0.4651,0.1613
71,0,RSC-SUB,4,16,20,8000,-0.1521,12,0.3265,-0.0339,0,0.469,0.1513
71,0,RSC-SUB,5,21,25,8000,0.3015,12,0.5681,-0.0151,0,0.4183,0.1293
71,0,RSC-SUB,6,26,30,8000,0.0423,8,0.1909,-0.0024,0,0.407,0.1496
71,0,V1-RSC,1,1,5,8000,-0.2359,10,0.9968,0.0332,0,0.3081,0.5101
71,0,V1-RSC,2,6,10,8000,0.6265,8,0.8988,0.0165,0,0.2965,0.4971
71,0,V1-RSC,3,11,15,8000,0.0338,11,0.3801,0.0625,0,0.29,0.4626
71,0,V1-RSC,4,16,20,8000,0.456,11,0.4512,0.0562,0,0.2888,0.4644
71,0,V1-RSC,5,21,25,8000,0.2665,4,0.231,0.0383,0,0.2671,0.415
71,0,V1-RSC,6,26,30,8000,0.4092,5,0.1755,0.0659,0,0.2806,0.4008
73,1,CA1-RSC,1,1,5,8000,0.1558,1,0.0123,0.0247,0,0.5481,0.445
73,1,CA1-RSC,2,6,10,8000,0.0968,0,0.0,0.0799,2,0.3366,0.4334
73,1,CA1-RSC,3,11,15,8000,0.1332,0,0.0,0.0937,0,0.6004,0.4379
73,1,CA1-RSC,4,16,20,8000,-0.1303,9,0.1526,0.0317,2,0.279,0.437
73,1,CA1-RSC,5,21,25,8000,0.0707,0,0.0,0.0909,2,0.3544,0.3785
73,1,CA1-RSC,6,26,30,8000,-0.0437,12,0.2311,0.1091,0,0.5922,0.3795
73,1,CA1-DG,1,1,5,8000,0.4413,7,0.4809,-0.0177,0,0.536,0.3548
73,1,CA1-DG,2,6,10,8000,0.2798,2,0.0843,-0.1039,-5,0.3423,0.3981
73,1,CA1-DG,3,11,15,8000,0.1726,0,0.0,0.0486,0,0.8052,0.3152
73,1,CA1-DG,4,16,20,8000,0.2551,8,0.1868,-0.0486,0,0.2872,0.253
73,1,CA1-DG,5,21,25,8000,0.1599,0,0.0,-0.0547,0,0.3545,0.258
73,1,CA1-DG,6,26,30,8000,-0.0448,13,0.2733,0.0331,0,0.6443,0.2248
73,1,CA1-V1,1,1,5,8000,0.2923,9,0.5272,0.0245,0,0.5561,0.3513
73,1,CA1-V1,2,6,10,8000,0.0278,1,0.0111,0.0093,3,0.3084,0.3664
73,1,CA1-V1,3,11,15,8000,0.0307,0,0.0,0.0828,0,0.8234,0.2457
73,1,CA1-V1,4,16,20,8000,-0.0023,1,0.0129,0.0513,2,0.2904,0.2528
73,1,CA1-V1,5,21,25,8000,0.0223,0,0.0,-0.0412,-2,0.3655,0.2768
73,1,CA1-V1,6,26,30,8000,-0.0115,0,0.0,0.0285,5,0.5614,0.1819
73,1,CA1-SUB,1,1,5,8000,0.1091,13,0.5654,-0.0056,0,0.5548,0.1469
73,1,CA1-SUB,2,6,10,8000,0.3056,3,0.0905,0.0066,0,0.3422,0.0994
73,1,CA1-SUB,3,11,15,8000,0.1444,0,0.0,0.0251,0,0.8055,0.098
73,1,CA1-SUB,4,16,20,8000,-0.1604,6,0.1261,-0.0427,0,0.2872,0.0979
73,1,CA1-SUB,5,21,25,8000,0.135,1,0.0092,-0.016,0,0.3541,0.0941
73,1,CA1-SUB,6,26,30,8000,0.26,17,0.404,-0.0174,0,0.6444,0.0916
73,1,RSC-SUB,1,1,5,8000,0.1187,0,0.0,-0.0017,0,0.445,0.1337
73,1,RSC-SUB,2,6,10,8000,0.1753,1,0.0156,0.0049,0,0.4321,0.1012
73,1,RSC-SUB,3,11,15,8000,0.1089,0,0.0,-0.0073,0,0.4334,0.0961
73,1,RSC-SUB,4,16,20,8000,0.313,8,0.1745,-0.0216,0,0.4377,0.1045
73,1,RSC-SUB,5,21,25,8000,0.1273,0,0.0,-0.0084,0,0.3773,0.0959
73,1,RSC-SUB,6,26,30,8000,0.2211,1,0.0251,-0.016,0,0.3844,0.0883
73,1,V1-RSC,1,1,5,8000,0.0982,0,0.0,0.0309,2,0.3666,0.4515
73,1,V1-RSC,2,6,10,8000,0.1052,0,0.0,0.0385,2,0.35,0.4375
73,1,V1-RSC,3,11,15,8000,0.1011,0,0.0,0.04,0,0.2455,0.447
73,1,V1-RSC,4,16,20,8000,0.064,0,0.0,0.0201,4,0.2512,0.4419
73,1,V1-RSC,5,21,25,8000,0.1859,2,0.0346,0.0271,0,0.8743,0.3872
73,1,V1-RSC,6,26,30,8000,0.1552,1,0.0122,0.0282,0,0.1828,0.3806
75,1,CA1-RSC,1,1,5,8000,0.6937,12,1.0698,0.0492,1,0.2988,0.5907
75,1,CA1-RSC,2,6,10,8000,0.0818,5,0.4409,0.0475,0,0.2253,0.5885
75,1,CA1-RSC,3,11,15,8000,0.4664,6,0.381,0.0886,0,0.374,0.5436
75,1,CA1-RSC,4,16,20,8000,-0.1178,1,0.0378,-0.0209,-3,0.2425,0.5493
75,1,CA1-RSC,5,21,25,8000,0.6226,11,1.0772,0.0299,3,0.4437,0.5402
75,1,CA1-RSC,6,26,30,8000,0.0959,0,0.0,0.0237,0,0.258,0.4931
75,1,CA1-DG,1,1,5,8000,0.8026,2,0.5797,-0.272,-4,0.2975,0.4842
75,1,CA1-DG,2,6,10,8000,0.4673,5,0.3318,-0.032,0,0.2265,0.4676
75,1,CA1-DG,3,11,15,8000,0.2329,0,0.0,0.1621,5,0.3735,0.4841
75,1,CA1-DG,4,16,20,8000,0.2824,2,0.0664,-0.0461,-1,0.2442,0.5084
75,1,CA1-DG,5,21,25,8000,0.0657,1,0.0332,0.0364,0,0.442,0.4855
75,1,CA1-DG,6,26,30,8000,0.2486,4,0.139,0.0187,0,0.2573,0.4645
75,1,CA1-V1,1,1,5,8000,0.5542,5,0.2769,-0.0462,-3,0.2969,0.2788
75,1,CA1-V1,2,6,10,8000,0.218,13,0.6344,0.0278,4,0.2255,0.2522
75,1,CA1-V1,3,11,15,8000,-0.1348,3,0.0765,-0.0129,-3,0.373,0.2531
75,1,CA1-V1,4,16,20,8000,0.0697,0,0.0,0.0979,4,0.244,0.2286
75,1,CA1-V1,5,21,25,8000,0.113,3,0.0499,0.022,4,0.4419,0.2527
75,1,CA1-V1,6,26,30,8000,0.2034,1,0.0211,0.0302,2,0.2574,0.2535
75,1,CA1-SUB,1,1,5,8000,0.1866,11,0.6512,-0.0705,-3,0.2968,0.1239
75,1,CA1-SUB,2,6,10,8000,0.3318,9,0.3575,-0.0217,0,0.2253,0.1128
75,1,CA1-SUB,3,11,15,8000,0.1533,9,0.2122,-0.0098,0,0.3731,0.1228
75,1,CA1-SUB,4,16,20,8000,-0.0394,1,0.0086,0.0292,0,0.2438,0.1474
75,1,CA1-SUB,5,21,25,8000,0.122,8,0.3389,-0.0131,0,0.442,0.1207
75,1,CA1-SUB,6,26,30,8000,0.0379,3,0.0411,-0.0293,0,0.2571,0.131
75,1,RSC-SUB,1,1,5,8000,0.6996,7,0.5147,-0.0526,0,0.5906,0.119
75,1,RSC-SUB,2,6,10,8000,0.3026,7,0.4627,-0.0056,0,0.5942,0.0922
75,1,RSC-SUB,3,11,15,8000,0.5346,7,0.5063,0.0133,0,0.5433,0.1036
75,1,RSC-SUB,4,16,20,8000,0.2675,4,0.1943,0.0016,0,0.5505,0.1387
75,1,RSC-SUB,5,21,25,8000,0.6677,6,1.6257,-0.0214,0,0.5432,0.1056
75,1,RSC-SUB,6,26,30,8000,0.1451,4,0.1032,-0.0165,0,0.4983,0.1288
75,1,V1-RSC,1,1,5,8000,0.5764,8,0.6473,0.0128,0,0.2754,0.5867
75,1,V1-RSC,2,6,10,8000,0.5322,11,1.278,-0.0002,0,0.255,0.5873
75,1,V1-RSC,3,11,15,8000,0.0113,5,0.4344,-0.0598,-1,0.2465,0.5458
75,1,V1-RSC,4,16,20,8000,0.2656,1,0.042,0.0002,0,0.2245,0.5495
75,1,V1-RSC,5,21,25,8000,-0.7527,8,1.1767,0.022,0,0.2503,0.5414
75,1,V1-RSC,6,26,30,8000,0.3249,1,0.0558,0.0199,0,0.2478,0.4939
77,1,CA1-RSC,1,1,5,8000,0.062,0,0.0,-0.0003,0,0.1506,0.4924
77,1,CA1-RSC,2,6,10,8000,0.286,7,0.1881,-0.0261,-2,0.2196,0.4982
77,1,CA1-RSC,3,11,15,8000,0.3493,5,0.1557,-0.0097,0,0.2296,0.4634
77,1,CA1-RSC,4,16,20,8000,0.269,5,0.1224,0.0321,0,0.185,0.4636
77,1,CA1-RSC,5,21,25,8000,0.2678,7,0.1525,0.0335,3,0.1851,0.4334
77,1,CA1-RSC,6,26,30,8000,0.0753,0,0.0,0.0423,2,0.1478,0.4204
77,1,CA1-DG,1,1,5,8000,-0.0432,2,0.0257,-0.0341,0,0.256,0.6328
77,1,CA1-DG,2,6,10,8000,-0.0242,2,0.0878,-0.0867,0,0.3454,0.7772
77,1,CA1-DG,3,11,15,8000,-0.155,1,0.0183,-0.1174,-5,0.3069,0.4752
77,1,CA1-DG,4,16,20,8000,0.2372,3,0.0714,-0.1047,-5,0.214,0.3868
77,1,CA1-DG,5,21,25,8000,-0.3449,0,0.0,-0.0117,-5,0.2287,0.3224
77,1,CA1-DG,6,26,30,8000,0.0383,0,0.0,0.0178,1,0.2377,0.2089
77,1,CA1-V1,1,1,5,8000,0.0723,4,0.0382,-0.024,-3,0.1556,0.1857
77,1,CA1-V1,2,6,10,8000,-0.1416,2,0.1374,0.0222,0,0.2186,0.1153
77,1,CA1-V1,3,11,15,8000,-0.1828,6,0.1238,-0.0241,-4,0.2413,0.1221
77,1,CA1-V1,4,16,20,8000,-0.0382,4,0.0693,-0.013,0,0.1886,0.0772
77,1,CA1-V1,5,21,25,8000,-0.3895,3,0.2357,-0.004,2,0.1826,0.0636
77,1,CA1-V1,6,26,30,8000,0.0102,0,0.0,0.0033,0,0.1446,0.0868
77,1,CA1-SUB,1,1,5,8000,-0.1887,1,0.0261,0.0136,-2,0.1903,0.3229
77,1,CA1-SUB,2,6,10,8000,0.1727,4,0.0718,-0.1193,-4,0.2759,0.1498
77,1,CA1-SUB,3,11,15,8000,-0.0075,0,0.0,0.0675,-2,0.2214,0.1761
77,1,CA1-SUB,4,16,20,8000,0.0042,0,0.0,-0.0396,0,0.184,0.0712
77,1,CA1-SUB,5,21,25,8000,0.1843,5,0.0938,0.0587,0,0.2693,0.0762
77,1,CA1-SUB,6,26,30,8000,-0.0028,0,0.0,0.0321,4,0.1696,0.085
77,1,RSC-SUB,1,1,5,8000,0.0736,0,0.0,0.041,4,0.4974,0.32
77,1,RSC-SUB,2,6,10,8000,0.0336,0,0.0,-0.0081,4,0.4753,0.1497
77,1,RSC-SUB,3,11,15,8000,0.0506,0,0.0,-0.0225,-2,0.4623,0.1752
77,1,RSC-SUB,4,16,20,8000,0.0508,0,0.0,0.0007,-1,0.4568,0.0707
77,1,RSC-SUB,5,21,25,8000,0.0488,0,0.0,0.0886,0,0.4393,0.0768
77,1,RSC-SUB,6,26,30,8000,0.0802,0,0.0,0.0369,0,0.4321,0.0842
77,1,V1-RSC,1,1,5,8000,0.1941,0,0.0,0.0159,5,0.1579,0.4885
77,1,V1-RSC,2,6,10,8000,0.4325,6,0.3153,0.0166,4,0.1061,0.4903
77,1,V1-RSC,3,11,15,8000,0.4442,1,0.1099,0.0053,0,0.0795,0.4628
77,1,V1-RSC,4,16,20,8000,0.4493,2,0.1522,-0.0028,4,0.1077,0.4557
77,1,V1-RSC,5,21,25,8000,0.0478,1,0.0444,0.0143,5,0.0531,0.4276
77,1,V1-RSC,6,26,30,8000,0.2627,1,0.0358,-0.005,0,0.0744,0.4125
98,0,CA1-RSC,1,1,5,8000,0.1062,0,0.0,0.091,1,0.3361,0.2225
98,0,CA1-RSC,2,6,10,8000,0.1019,0,0.0,0.0631,1,0.293,0.1753
98,0,CA1-RSC,3,11,15,8000,0.1329,0,0.0,0.0467,2,0.4904,0.2147
98,0,CA1-RSC,4,16,20,8000,0.3402,15,0.338,0.0388,2,0.2217,0.1971
98,0,CA1-RSC,5,21,25,8000,0.0879,0,0.0,0.0467,2,0.1392,0.1759
98,0,CA1-RSC,6,26,30,8000,0.1369,0,0.0,0.0534,1,0.3004,0.2019
98,0,CA1-CA3,1,1,5,8000,0.3265,4,0.2009,-0.019,0,0.4599,0.9583
98,0,CA1-CA3,2,6,10,8000,0.4421,2,0.1414,0.0125,0,0.392,0.0561
98,0,CA1-CA3,3,11,15,8000,0.4519,2,0.1415,0.01,0,0.4759,0.126
98,0,CA1-CA3,4,16,20,8000,0.3887,2,0.0978,0.0287,0,0.4311,0.0221
98,0,CA1-CA3,5,21,25,8000,0.4244,3,0.1214,-0.0017,0,0.306,0.0541
98,0,CA1-CA3,6,26,30,8000,0.4171,2,0.1166,0.0266,0,0.3159,0.0159
100,0,CA1-RSC,1,1,5,8000,0.3343,12,0.7808,0.0178,0,0.3964,0.4517
100,0,CA1-RSC,2,6,10,8000,-0.0203,0,0.0,-0.0079,-3,0.3707,0.4129
100,0,CA1-RSC,3,11,15,8000,0.0027,0,0.0,0.0019,4,0.3483,0.4011
100,0,CA1-RSC,4,16,20,8000,0.0358,0,0.0,-0.0002,3,0.3474,0.3915
100,0,CA1-RSC,5,21,25,8000,-0.0284,3,0.0474,0.0078,0,0.3479,0.3368
100,0,CA1-RSC,6,26,30,8000,0.0436,14,0.2662,-0.005,0,0.3546,0.3601
100,0,CA1-DG,1,1,5,8000,0.4668,8,0.2935,-0.0531,0,0.398,0.4277
100,0,CA1-DG,2,6,10,8000,0.4519,2,0.1376,-0.0339,0,0.367,0.4194
100,0,CA1-DG,3,11,15,8000,0.4069,2,0.1161,-0.0164,0,0.3482,0.4146
100,0,CA1-DG,4,16,20,8000,0.1466,3,0.0716,-0.0039,0,0.3409,0.43
100,0,CA1-DG,5,21,25,8000,0.3944,2,0.1054,-0.0328,0,0.3508,0.3985
100,0,CA1-DG,6,26,30,8000,0.4373,2,0.1328,-0.0178,0,0.3542,0.3938
100,0,CA1-V1,1,1,5,8000,0.5249,10,0.5295,-0.0254,0,0.3959,0.3785
100,0,CA1-V1,2,6,10,8000,0.2067,1,0.0218,-0.0225,0,0.363,0.3714
100,0,CA1-V1,3,11,15,8000,0.1284,1,0.0147,-0.0703,0,0.3452,0.3196
100,0,CA1-V1,4,16,20,8000,0.2216,1,0.0252,-0.0202,0,0.3461,0.3145
100,0,CA1-V1,5,21,25,8000,0.2142,2,0.0444,-0.0137,0,0.3479,0.3032
100,0,CA1-V1,6,26,30,8000,0.3588,8,0.2278,-0.0135,0,0.3524,0.3224
100,0,CA1-SUB,1,1,5,8000,0.1458,9,0.3949,-0.0172,0,0.3984,0.3722
100,0,CA1-SUB,2,6,10,8000,0.0881,0,0.0,-0.0083,0,0.3696,0.3744
100,0,CA1-SUB,3,11,15,8000,0.0817,0,0.0,-0.0081,0,0.3472,0.3605
100,0,CA1-SUB,4,16,20,8000,0.1662,1,0.014,0.0033,0,0.347,0.3274
100,0,CA1-SUB,5,21,25,8000,0.0183,3,0.0335,0.0259,0,0.3499,0.3342
100,0,CA1-SUB,6,26,30,8000,0.236,12,0.2421,-0.0321,-1,0.3536,0.3291
100,0,RSC-SUB,1,1,5,8000,0.6145,9,0.5068,0.0187,0,0.4522,0.3722
100,0,RSC-SUB,2,6,10,8000,0.1156,0,0.0,0.0235,0,0.4123,0.3734
100,0,RSC-SUB,3,11,15,8000,0.2786,5,0.0938,0.0167,0,0.4007,0.3597
100,0,RSC-SUB,4,16,20,8000,0.2799,12,0.1975,-0.0021,0,0.3913,0.3283
100,0,RSC-SUB,5,21,25,8000,0.2373,5,0.0792,0.0086,0,0.337,0.3329
100,0,RSC-SUB,6,26,30,8000,0.3999,10,0.4593,-0.0086,0,0.3602,0.332
100,0,V1-RSC,1,1,5,8000,0.6679,5,0.6798,0.0422,0,0.3732,0.4406
100,0,V1-RSC,2,6,10,8000,0.3008,2,0.0908,-0.0014,0,0.3635,0.4044
100,0,V1-RSC,3,11,15,8000,0.3594,4,0.2623,0.0151,0,0.3174,0.396
100,0,V1-RSC,4,16,20,8000,0.3565,2,0.1642,0.0005,0,0.3123,0.3826
100,0,V1-RSC,5,21,25,8000,0.22,3,0.1206,0.0274,0,0.2978,0.3243
100,0,V1-RSC,6,26,30,8000,-0.2227,5,0.3686,0.0242,0,0.3185,0.3514
