animal,learner,pair,center_trial,trial_frac,performance,lp_rel,n_bins,cc1,n_sig,mi_sig,ifi,optimal_lag,gini_x,gini_y,rot_x,rot_y,jac_x,jac_y,sh_x,sh_y
28,1,CA1-CA3,15.5,0.1066,0.0775,-53.5,6000,0.2694,1,0.0377,0.0417,6,0.3308,0.6698,nan,nan,,,81.73,72.69
28,1,CA1-CA3,30.5,0.2169,0.2285,-38.5,6000,0.1935,1,0.0191,0.0624,0,0.1593,0.5973,77.63,84.02,0.4545,0.1429,80.94,82.17
28,1,CA1-CA3,45.5,0.3272,0.3387,-23.5,6000,0.3043,2,0.082,0.1049,10,0.1881,0.5258,85.4,73.64,0.3333,0.1429,56.83,73.26
28,1,CA1-CA3,60.5,0.4375,0.4176,-8.5,6000,0.2712,3,0.0922,-0.0179,0,0.2715,0.6876,86.06,57.0,0.2308,0.3333,61.63,82.37
28,1,CA1-CA3,75.5,0.5478,0.6206,6.5,6000,0.2414,2,0.0554,0.0005,0,0.1637,0.6597,85.44,85.23,0.3333,0.6,39.3,76.02
28,1,CA1-CA3,90.5,0.6581,0.8826,21.5,6000,0.2328,2,0.0551,0.0121,0,0.7056,0.1245,80.83,47.76,0.2308,0.0,76.13,86.01
28,1,CA1-CA3,105.5,0.7684,0.8995,36.5,6000,0.3217,2,0.092,0.015,0,0.2257,0.2203,86.67,73.27,0.4545,0.3333,88.95,83.48
28,1,CA1-CA3,120.5,0.8787,0.7428,51.5,8000,0.2442,1,0.0307,-0.0066,0,0.2516,0.2084,87.98,62.2,0.3333,0.6,88.4,82.78
28,1,CA1-DG,15.5,0.1066,0.0775,-53.5,6000,0.3932,3,0.1153,0.0034,0,0.3408,0.2295,nan,nan,,,71.0,35.27
28,1,CA1-DG,30.5,0.2169,0.2285,-38.5,6000,0.284,3,0.0662,0.0332,0,0.2951,0.5159,64.37,71.8,0.6,0.3333,79.95,58.53
28,1,CA1-DG,45.5,0.3272,0.3387,-23.5,6000,0.283,2,0.0568,0.0219,0,0.2094,0.3787,88.89,70.83,0.3333,0.6,82.01,54.98
28,1,CA1-DG,60.5,0.4375,0.4176,-8.5,6000,0.2243,3,0.0743,0.0523,0,0.2044,0.2214,75.02,62.09,0.3333,0.3333,87.37,85.38
28,1,CA1-DG,75.5,0.5478,0.6206,6.5,6000,0.2599,3,0.0691,0.0325,0,0.1659,0.1242,59.35,39.86,0.7778,0.6,47.11,47.64
28,1,CA1-DG,90.5,0.6581,0.8826,21.5,6000,0.4535,3,0.1701,0.057,0,0.7546,0.2607,75.59,88.12,0.4545,0.1429,43.86,33.94
28,1,CA1-DG,105.5,0.7684,0.8995,36.5,6000,0.2724,3,0.0654,0.0323,0,0.2226,0.1802,87.49,88.65,0.3333,0.3333,60.05,33.44
28,1,CA1-DG,120.5,0.8787,0.7428,51.5,8000,0.2623,3,0.1051,0.0554,0,0.3049,0.3583,88.65,88.55,0.3333,0.1429,56.99,41.62
28,1,CA1-V1,15.5,0.1066,0.0775,-53.5,6000,0.1741,0,0.0,-0.0283,-6,0.3631,0.3996,nan,nan,,,89.56,76.45
28,1,CA1-V1,30.5,0.2169,0.2285,-38.5,6000,0.2575,0,0.0,-0.0027,0,0.3087,0.3619,82.93,88.98,0.4545,0.3333,85.47,88.86
28,1,CA1-V1,45.5,0.3272,0.3387,-23.5,6000,0.2449,1,0.0309,-0.0098,-2,0.2365,0.3244,86.85,84.41,0.3333,0.2857,86.09,87.96
28,1,CA1-V1,60.5,0.4375,0.4176,-8.5,6000,0.223,1,0.0255,-0.0191,-1,0.2176,0.3168,70.95,80.54,0.3333,0.3333,80.8,79.53
28,1,CA1-V1,75.5,0.5478,0.6206,6.5,6000,0.1458,0,0.0,-0.0031,1,0.1501,0.2805,67.05,69.2,0.4545,0.3846,68.41,77.79
28,1,CA1-V1,90.5,0.6581,0.8826,21.5,6000,0.1973,0,0.0,0.0228,0,0.6566,0.2949,86.02,71.01,0.4545,0.44,66.8,79.79
28,1,CA1-V1,105.5,0.7684,0.8995,36.5,6000,0.2571,1,0.0342,0.0136,0,0.2224,0.2799,81.47,63.32,0.3333,0.2857,61.89,80.08
28,1,CA1-V1,120.5,0.8787,0.7428,51.5,8000,0.1201,0,0.0,0.0307,0,0.2525,0.3217,84.03,87.93,0.3333,0.2,79.2,83.2
28,1,CA3-DG,15.5,0.1066,0.0775,-53.5,6000,0.5334,1,0.1674,-0.0088,0,0.672,0.2229,nan,nan,,,65.77,66.4
28,1,CA3-DG,30.5,0.2169,0.2285,-38.5,6000,0.5647,3,0.4335,0.0273,0,0.6041,0.4601,89.7,89.88,0.1429,0.3333,54.25,29.56
28,1,CA3-DG,45.5,0.3272,0.3387,-23.5,6000,0.5914,3,0.2586,-0.0255,-1,0.5282,0.3861,53.19,31.91,0.1429,0.6,84.26,40.81
28,1,CA3-DG,60.5,0.4375,0.4176,-8.5,6000,0.6072,2,0.259,0.0136,0,0.6882,0.2146,85.22,89.62,0.3333,0.3333,69.91,85.59
28,1,CA3-DG,75.5,0.5478,0.6206,6.5,6000,0.589,2,0.2407,0.0257,0,0.6613,0.1196,58.01,57.55,0.6,0.6,64.27,75.77
28,1,CA3-DG,90.5,0.6581,0.8826,21.5,6000,0.5546,2,0.2029,0.0264,0,0.1433,0.2731,78.41,63.79,0.0,0.3333,81.9,77.71
28,1,CA3-DG,105.5,0.7684,0.8995,36.5,6000,0.6056,2,0.2541,0.0404,0,0.2262,0.1752,72.02,73.2,1.0,0.1429,89.52,44.9
28,1,CA3-DG,120.5,0.8787,0.7428,51.5,8000,0.5924,2,0.2426,0.021,0,0.2056,0.3629,67.01,79.69,0.6,0.1429,66.86,40.92
34,1,CA1-CA3,15.5,0.1933,0.2201,-32.5,6000,0.5836,2,0.2595,0.005,0,0.9617,0.3603,nan,nan,,,49.26,77.77
34,1,CA1-CA3,45.5,0.5933,0.5921,-2.5,8000,0.5104,3,0.2695,0.0243,0,0.8887,0.1051,86.27,43.88,0.5556,0.1429,53.6,31.01
34,1,CA1-CA3,60.5,0.7933,0.784,12.5,6000,0.5846,2,0.314,0.0175,0,0.2773,0.1291,89.83,87.35,0.2727,0.6,81.26,79.09
34,1,CA1-V1,15.5,0.1933,0.2201,-32.5,6000,0.3031,1,0.0482,0.0103,0,0.8631,0.3742,nan,nan,,,87.21,76.4
34,1,CA1-V1,30.5,0.3933,0.4185,-17.5,6000,0.1463,0,0.0,0.0012,9,0.4659,0.2818,89.97,76.62,0.4,0.3043,82.64,71.7
34,1,CA1-V1,45.5,0.5933,0.5921,-2.5,8000,0.13,0,0.0,-0.0222,-4,0.8862,0.2792,88.59,76.53,0.5556,0.25,84.18,75.68
34,1,CA1-V1,60.5,0.7933,0.784,12.5,6000,0.4284,1,0.1014,-0.0078,0,0.9132,0.3422,85.31,67.15,0.5556,0.2,78.03,83.1
36,1,CA1-CA3,15.5,0.1883,0.2481,-12.5,8000,0.4244,2,0.1311,-0.0296,1,0.3767,0.1199,nan,nan,,,48.36,36.16
36,1,CA1-CA3,30.5,0.3831,0.4885,2.5,8000,0.4303,3,0.1563,-0.0239,1,0.3314,0.0477,37.18,43.67,0.4286,0.5,45.24,45.28
36,1,CA1-CA3,45.5,0.5779,0.7102,17.5,6000,0.4068,3,0.1573,-0.0138,1,0.3285,0.0432,41.15,54.91,0.3333,0.2,58.74,67.37
36,1,CA1-CA3,60.5,0.7727,0.8614,32.5,6000,0.3675,2,0.1583,-0.0033,1,0.3483,0.056,55.5,74.24,0.4286,0.0,84.14,61.72
36,1,CA1-V1,15.5,0.1883,0.2481,-12.5,8000,0.0337,0,0.0,-0.0095,-3,0.3348,0.0706,nan,nan,,,84.52,80.27
36,1,CA1-V1,30.5,0.3831,0.4885,2.5,8000,0.0802,0,0.0,-0.0031,-9,0.2936,0.0806,78.72,87.26,0.25,0.2308,89.34,77.35
36,1,CA1-V1,45.5,0.5779,0.7102,17.5,6000,0.1032,0,0.0,-0.0182,-9,0.272,0.0987,88.85,79.3,0.25,0.4545,75.78,83.16
36,1,CA1-V1,60.5,0.7727,0.8614,32.5,6000,0.1022,0,0.0,-0.0046,-7,0.2753,0.0675,82.59,87.02,0.25,0.2308,83.86,87.26
41,1,CA1-CA3,45.5,0.4198,0.7719,16.5,6000,0.5905,3,0.3933,0.006,1,0.239,0.9006,nan,nan,,,75.93,36.23
41,1,CA1-CA3,60.5,0.5613,0.7507,31.5,8000,0.5734,3,0.3896,0.006,1,0.8154,0.1558,88.6,82.85,0.5,0.3333,65.53,29.72
41,1,CA1-CA3,75.5,0.7028,0.7212,46.5,8000,0.5906,3,0.3916,0.0027,1,0.1664,0.1115,81.6,25.38,0.3333,0.3333,61.45,42.21
41,1,CA1-CA3,90.5,0.8443,0.7906,61.5,6000,0.584,3,0.3854,0.0046,0,0.1008,0.8782,17.35,89.37,0.2,0.5,18.71,48.35
41,1,CA1-V1,15.5,0.1368,0.264,-13.5,8000,0.1123,0,0.0,-0.0458,-6,0.2196,0.3683,nan,nan,,,40.95,81.65
41,1,CA1-V1,30.5,0.2783,0.5581,1.5,8000,0.1148,0,0.0,-0.0039,4,0.2995,0.2822,74.56,63.91,0.3333,0.4667,80.99,75.38
41,1,CA1-V1,45.5,0.4198,0.7719,16.5,6000,0.1547,0,0.0,-0.0052,-1,0.2347,0.2662,87.94,89.16,0.3333,0.3333,71.66,85.68
41,1,CA1-V1,60.5,0.5613,0.7507,31.5,8000,0.2251,1,0.026,-0.017,0,0.8599,0.2358,67.14,80.81,0.5,0.3538,76.17,86.91
41,1,CA1-V1,75.5,0.7028,0.7212,46.5,8000,0.2342,0,0.0,-0.0018,0,0.1713,0.2586,89.56,61.61,0.3333,0.2571,83.36,82.33
41,1,CA1-V1,90.5,0.8443,0.7906,61.5,6000,0.278,0,0.0,-0.0112,-6,0.1103,0.3001,49.07,57.52,0.3333,0.375,43.09,60.05
52,1,CA1-RSC,15.5,0.1629,0.1583,-20.5,8000,-0.0104,0,0.0,0.0559,1,0.3984,0.1234,nan,nan,,,88.47,74.88
52,1,CA1-RSC,30.5,0.3315,0.3941,-5.5,8000,0.0611,0,0.0,-0.0088,0,0.3544,0.0744,87.8,83.92,0.1111,0.2,78.25,87.25
52,1,CA1-RSC,45.5,0.5,0.7402,9.5,8000,0.0771,0,0.0,0.0037,0,0.2913,0.0462,86.36,79.1,0.2,0.2,86.45,75.98
52,1,CA1-RSC,60.5,0.6685,0.7918,24.5,6000,0.0729,0,0.0,0.029,0,0.3061,0.043,75.46,81.23,0.3043,0.5,88.04,73.78
52,1,CA1-RSC,75.5,0.8371,0.609,39.5,6000,0.0529,0,0.0,-0.0066,3,0.2641,0.0496,89.12,68.11,0.1538,0.2,84.41,68.87
52,1,CA1-CA3,15.5,0.1629,0.1583,-20.5,8000,0.2667,2,0.0514,-0.062,-5,0.3609,0.3391,nan,nan,,,89.04,78.14
52,1,CA1-CA3,30.5,0.3315,0.3941,-5.5,8000,0.249,2,0.047,0.0094,0,0.3416,0.3444,55.29,53.43,0.25,0.3913,70.0,74.12
52,1,CA1-CA3,45.5,0.5,0.7402,9.5,8000,0.2102,2,0.0353,0.0277,0,0.2582,0.2893,63.83,60.02,0.1538,0.2308,53.41,65.24
52,1,CA1-CA3,60.5,0.6685,0.7918,24.5,6000,0.2153,1,0.0237,0.0158,0,0.2735,0.288,66.04,68.27,0.3636,0.1852,78.28,85.41
52,1,CA1-CA3,75.5,0.8371,0.609,39.5,6000,0.2369,1,0.0289,-0.0055,0,0.2654,0.2746,82.75,77.99,0.2,0.3333,86.14,86.19
52,1,CA1-DG,15.5,0.1629,0.1583,-20.5,8000,0.2459,2,0.0417,-0.0056,0,0.3632,0.1872,nan,nan,,,79.57,79.66
52,1,CA1-DG,30.5,0.3315,0.3941,-5.5,8000,0.1891,1,0.0182,0.0134,0,0.341,0.1347,75.75,79.57,0.3043,0.3846,74.09,81.81
52,1,CA1-DG,45.5,0.5,0.7402,9.5,8000,0.2112,1,0.0228,0.0047,0,0.2587,0.1061,87.05,81.34,0.2,0.125,82.62,80.8
52,1,CA1-DG,60.5,0.6685,0.7918,24.5,6000,0.1888,1,0.0181,-0.0307,0,0.2719,0.1167,86.42,76.96,0.3043,0.2857,83.62,82.59
52,1,CA1-DG,75.5,0.8371,0.609,39.5,6000,0.1768,1,0.0159,0.0183,0,0.2662,0.1426,88.41,83.83,0.25,0.3846,82.12,76.28
52,1,CA1-V1,15.5,0.1629,0.1583,-20.5,8000,0.1543,0,0.0,-0.0231,0,0.3619,0.2967,nan,nan,,,80.57,81.14
52,1,CA1-V1,30.5,0.3315,0.3941,-5.5,8000,0.2835,1,0.0419,-0.0494,-9,0.3422,0.3001,87.01,86.08,0.3043,0.2727,69.37,71.72
52,1,CA1-V1,45.5,0.5,0.7402,9.5,8000,0.2344,1,0.0389,-0.0404,0,0.2593,0.2618,88.74,88.06,0.1538,0.3333,63.82,56.69
52,1,CA1-V1,60.5,0.6685,0.7918,24.5,6000,0.2596,0,0.0,-0.0255,0,0.2698,0.2595,88.69,88.59,0.3636,0.1915,58.01,69.5
52,1,CA1-V1,75.5,0.8371,0.609,39.5,6000,0.1794,0,0.0,0.0169,0,0.2627,0.2791,58.07,47.31,0.1538,0.3333,81.49,80.0
52,1,CA3-DG,15.5,0.1629,0.1583,-20.5,8000,0.5569,7,0.5095,0.0134,0,0.3405,0.1844,nan,nan,,,38.93,38.63
52,1,CA3-DG,30.5,0.3315,0.3941,-5.5,8000,0.5758,6,0.5159,0.0131,0,0.3515,0.1354,35.0,22.89,0.3333,0.3846,27.76,25.58
52,1,CA3-DG,45.5,0.5,0.7402,9.5,8000,0.5805,5,0.5537,0.0133,0,0.2923,0.116,37.28,25.67,0.28,0.2,39.32,22.32
52,1,CA3-DG,60.5,0.6685,0.7918,24.5,6000,0.5812,6,0.5642,0.0279,0,0.2889,0.1202,49.08,44.73,0.2308,0.2,73.09,76.5
52,1,CA3-DG,75.5,0.8371,0.609,39.5,6000,0.5842,4,0.5511,0.0228,0,0.2783,0.1462,53.92,45.55,0.3333,0.3846,35.18,26.73
52,1,V1-RSC,15.5,0.1629,0.1583,-20.5,8000,0.2741,2,0.0557,-0.018,0,0.2872,0.1248,nan,nan,,,83.58,69.48
52,1,V1-RSC,30.5,0.3315,0.3941,-5.5,8000,0.2237,1,0.0257,0.0531,0,0.2734,0.076,88.66,75.16,0.2444,0.2,87.86,78.28
52,1,V1-RSC,45.5,0.5,0.7402,9.5,8000,0.2096,1,0.0225,-0.0018,0,0.2473,0.0466,83.23,56.07,0.2174,0.2,75.82,51.97
52,1,V1-RSC,60.5,0.6685,0.7918,24.5,6000,0.228,1,0.0267,-0.0051,0,0.2686,0.0426,58.89,39.96,0.2174,0.5,68.51,42.24
52,1,V1-RSC,75.5,0.8371,0.609,39.5,6000,0.2368,1,0.0288,0.0131,0,0.291,0.0491,74.05,61.12,0.2444,0.2,74.37,49.77
61,1,CA1-RSC,15.5,0.1368,0.0759,-72.5,6000,0.207,1,0.0219,0.0334,0,0.4359,0.3086,nan,nan,,,79.36,79.88
61,1,CA1-RSC,30.5,0.2783,0.1884,-57.5,8000,0.1713,2,0.0351,0.0189,0,0.3752,0.2635,88.78,81.45,0.1034,0.3182,77.6,84.69
61,1,CA1-RSC,45.5,0.4198,0.3177,-42.5,8000,0.2622,2,0.0605,0.0208,0,0.3648,0.2237,83.47,83.42,0.28,0.4146,79.19,89.12
61,1,CA1-RSC,60.5,0.5613,0.4384,-27.5,6000,0.2528,2,0.0543,0.0224,0,0.3281,0.2163,79.8,82.77,0.28,0.2083,79.98,77.49
61,1,CA1-RSC,75.5,0.7028,0.4938,-12.5,6000,0.2661,2,0.0619,0.0168,0,0.335,0.2402,65.23,67.2,0.2308,0.2083,88.2,83.47
61,1,CA1-RSC,90.5,0.8443,0.5493,2.5,8000,0.1511,1,0.0152,0.0026,0,0.3804,0.2344,88.01,82.32,0.2308,0.1373,76.65,71.42
61,1,CA1-CA3,15.5,0.1368,0.0759,-72.5,6000,0.2791,1,0.0405,-0.0462,0,0.4335,0.2543,nan,nan,,,66.98,87.39
61,1,CA1-CA3,30.5,0.2783,0.1884,-57.5,8000,0.2169,2,0.0351,-0.0166,0,0.3745,0.25,74.67,78.13,0.1034,0.3846,89.79,84.19
61,1,CA1-CA3,45.5,0.4198,0.3177,-42.5,8000,0.2361,1,0.0287,0.0216,0,0.3641,0.2231,85.44,89.77,0.3333,0.3846,73.68,85.0
61,1,CA1-CA3,60.5,0.5613,0.4384,-27.5,6000,0.2404,2,0.0436,0.057,10,0.3271,0.2156,63.92,50.26,0.28,0.2857,68.06,63.77
61,1,CA1-CA3,75.5,0.7028,0.4938,-12.5,6000,0.2634,2,0.0557,0.0058,0,0.3332,0.2701,75.37,62.47,0.2308,0.125,65.33,83.62
61,1,CA1-CA3,90.5,0.8443,0.5493,2.5,8000,0.3159,2,0.0891,0.0044,0,0.3786,0.1964,82.63,74.91,0.2308,0.2,87.3,78.53
61,1,CA1-DG,15.5,0.1368,0.0759,-72.5,6000,0.3083,1,0.0499,-0.0076,0,0.4312,0.2169,nan,nan,,,79.44,84.83
61,1,CA1-DG,30.5,0.2783,0.1884,-57.5,8000,0.2755,1,0.0395,-0.0162,0,0.38,0.178,85.06,81.99,0.2308,0.4,82.85,87.11
61,1,CA1-DG,45.5,0.4198,0.3177,-42.5,8000,0.2574,1,0.0343,-0.0181,0,0.3649,0.1663,88.67,76.35,0.3913,0.4,81.13,89.1
61,1,CA1-DG,60.5,0.5613,0.4384,-27.5,6000,0.2466,1,0.0314,0.0061,0,0.3376,0.1782,89.77,75.9,0.28,0.2727,89.35,87.97
61,1,CA1-DG,75.5,0.7028,0.4938,-12.5,6000,0.2462,1,0.0313,-0.0109,0,0.3453,0.2848,84.88,85.97,0.1034,0.2727,76.7,74.79
61,1,CA1-DG,90.5,0.8443,0.5493,2.5,8000,0.2722,1,0.0385,0.0823,6,0.3836,0.1423,84.52,83.98,0.0323,0.4,86.66,84.49
61,1,CA1-V1,15.5,0.1368,0.0759,-72.5,6000,0.0508,0,0.0,0.0014,2,0.4329,0.3989,nan,nan,,,89.06,84.04
61,1,CA1-V1,30.5,0.2783,0.1884,-57.5,8000,0.2109,2,0.039,-0.0205,0,0.3734,0.3054,88.5,85.74,0.1429,0.2632,82.33,78.09
61,1,CA1-V1,45.5,0.4198,0.3177,-42.5,8000,0.149,0,0.0,-0.0067,0,0.3656,0.3629,84.88,78.2,0.28,0.2632,81.61,83.8
61,1,CA1-V1,60.5,0.5613,0.4384,-27.5,6000,0.0938,0,0.0,0.0186,0,0.3256,0.3182,68.52,81.92,0.28,0.2632,87.75,86.25
61,1,CA1-V1,75.5,0.7028,0.4938,-12.5,6000,0.1483,0,0.0,-0.0157,0,0.3354,0.3226,84.37,88.86,0.2308,0.2308,66.73,70.06
61,1,CA1-V1,90.5,0.8443,0.5493,2.5,8000,0.0737,0,0.0,-0.0132,0,0.3786,0.3406,78.95,78.89,0.2308,0.3333,82.59,82.05
61,1,CA3-DG,15.5,0.1368,0.0759,-72.5,6000,0.2829,3,0.1596,0.03,0,0.2385,0.209,nan,nan,,,81.82,70.42
61,1,CA3-DG,30.5,0.2783,0.1884,-57.5,8000,0.4071,5,0.1976,-0.0205,0,0.2379,0.1754,87.66,88.96,0.3846,0.4,59.38,58.38
61,1,CA3-DG,45.5,0.4198,0.3177,-42.5,8000,0.3033,5,0.169,0.003,0,0.2207,0.1632,78.79,64.76,0.2857,0.4,89.32,88.36
61,1,CA3-DG,60.5,0.5613,0.4384,-27.5,6000,0.2973,4,0.197,-0.0082,0,0.1842,0.1769,65.76,56.16,0.2857,0.4,40.23,51.69
61,1,CA3-DG,75.5,0.7028,0.4938,-12.5,6000,0.4837,4,0.336,-0.001,0,0.2393,0.2886,32.6,31.64,0.125,0.2727,41.29,38.52
61,1,CA3-DG,90.5,0.8443,0.5493,2.5,8000,0.4438,4,0.2316,0.0728,0,0.2186,0.1434,84.57,84.7,0.2,0.4,87.55,88.84
61,1,V1-RSC,15.5,0.1368,0.0759,-72.5,6000,0.3481,3,0.1791,0.045,0,0.3947,0.3077,nan,nan,,,53.1,49.49
61,1,V1-RSC,30.5,0.2783,0.1884,-57.5,8000,0.4161,5,0.3731,0.0289,0,0.3046,0.2615,89.43,81.61,0.2308,0.234,58.42,50.2
61,1,V1-RSC,45.5,0.4198,0.3177,-42.5,8000,0.4291,5,0.3133,0.0212,0,0.3602,0.222,71.33,88.25,0.2632,0.381,74.69,70.87
61,1,V1-RSC,60.5,0.5613,0.4384,-27.5,6000,0.5366,3,0.3432,0.0042,0,0.3164,0.2137,67.45,65.76,0.2632,0.234,87.87,87.9
61,1,V1-RSC,75.5,0.7028,0.4938,-12.5,6000,0.4962,3,0.3264,0.0204,0,0.3218,0.2323,43.44,41.53,0.2308,0.1837,44.9,38.62
61,1,V1-RSC,90.5,0.8443,0.5493,2.5,8000,0.3678,4,0.2607,0.0092,0,0.3379,0.2266,74.54,71.38,0.2973,0.16,60.23,69.63
63,1,CA1-RSC,15.5,0.0457,0.0929,-91.5,8000,0.0979,1,0.0112,0.0461,1,0.1004,0.3053,nan,nan,,,50.4,55.71
63,1,CA1-RSC,30.5,0.0931,0.1029,-76.5,6000,0.1637,1,0.0136,0.0055,0,0.0991,0.266,72.04,76.64,0.3333,0.2727,79.13,89.31
63,1,CA1-RSC,45.5,0.1404,0.1555,-61.5,6000,0.1576,1,0.0126,0.0048,2,0.1716,0.2384,61.8,72.37,0.6,0.1667,76.27,86.15
63,1,CA1-RSC,60.5,0.1877,0.2093,-46.5,6000,0.1982,1,0.02,0.0468,2,0.1488,0.2234,78.35,75.79,0.3333,0.3333,80.89,65.2
63,1,CA1-RSC,75.5,0.235,0.2606,-31.5,6000,0.2232,1,0.0256,0.0293,2,0.1047,0.2917,63.0,70.54,0.3333,0.2727,83.7,75.17
63,1,CA1-RSC,90.5,0.2823,0.3915,-16.5,6000,0.1914,1,0.0187,0.0204,2,0.1514,0.2386,73.44,60.31,0.6,0.2174,68.85,70.98
63,1,CA1-RSC,105.5,0.3297,0.5939,-1.5,6000,0.1949,1,0.0194,0.0047,2,0.097,0.2391,79.85,72.32,0.6,0.12,75.0,89.21
63,1,CA1-RSC,120.5,0.377,0.6401,13.5,6000,0.1401,1,0.0099,0.0006,2,0.0625,0.2728,75.26,83.64,0.6,0.3333,88.46,78.31
63,1,CA1-RSC,135.5,0.4243,0.4287,28.5,6000,0.2115,1,0.0229,0.0265,2,0.1549,0.2567,71.71,82.25,0.6,0.2727,80.52,72.87
63,1,CA1-RSC,150.5,0.4716,0.2394,43.5,6000,0.2283,1,0.0268,0.0211,0,0.0669,0.2927,60.13,85.41,0.3333,0.3333,81.14,79.6
63,1,CA1-RSC,165.5,0.5189,0.1324,58.5,6000,0.2377,1,0.0291,-0.0035,0,0.0897,0.2523,49.47,74.91,0.3333,0.2727,81.41,73.03
63,1,CA1-RSC,180.5,0.5662,0.0546,73.5,6000,0.1307,1,0.0086,0.0109,2,0.0746,0.2556,86.48,79.97,0.3333,0.4737,78.04,86.13
63,1,CA1-RSC,195.5,0.6136,0.1233,88.5,6000,0.2028,1,0.021,-0.0092,2,0.0609,0.2565,72.86,89.04,0.3333,0.2727,75.7,83.47
63,1,CA1-RSC,210.5,0.6609,0.1763,103.5,6000,0.1854,1,0.0175,-0.0239,0,0.0617,0.211,56.15,89.91,0.1429,0.1667,87.28,87.11
63,1,CA1-RSC,225.5,0.7082,0.1239,118.5,6000,0.2224,1,0.0254,0.0107,2,0.0525,0.2434,67.42,87.24,0.6,0.2727,82.01,89.26
63,1,CA1-RSC,240.5,0.7555,0.1627,133.5,6000,0.206,1,0.0217,0.0408,0,0.0604,0.2263,87.32,83.89,0.6,0.2174,80.28,85.3
63,1,CA1-RSC,255.5,0.8028,0.178,148.5,6000,0.2046,1,0.0214,-0.0148,2,0.0776,0.2273,75.18,87.25,0.6,0.3333,84.43,83.12
63,1,CA1-RSC,270.5,0.8502,0.1806,163.5,6000,0.2133,1,0.0233,0.0204,2,0.0575,0.2684,75.65,82.95,0.6,0.1667,89.22,86.38
63,1,CA1-RSC,285.5,0.8975,0.1982,178.5,6000,0.1909,1,0.0186,-0.0111,2,0.0827,0.3454,57.56,77.22,0.3333,0.2174,84.5,89.71
63,1,CA1-RSC,300.5,0.9448,0.1876,193.5,6000,0.2188,1,0.0245,0.0272,0,0.0877,0.2477,76.64,76.17,0.6,0.2174,86.76,86.61
66,1,CA1-RSC,15.5,0.0829,0.227,-12.5,6000,0.2733,1,0.0388,-0.0069,0,0.38,0.2788,nan,nan,,,85.45,87.3
66,1,CA1-RSC,30.5,0.1686,0.5356,2.5,6000,0.0469,0,0.0,0.0177,6,0.2018,0.1118,83.81,82.8,0.2308,0.4286,87.64,86.14
66,1,CA1-RSC,45.5,0.2543,0.848,17.5,6000,0.0822,0,0.0,0.0347,0,0.2173,0.1013,81.62,76.43,0.4545,0.4286,79.76,67.82
66,1,CA1-RSC,60.5,0.34,0.9533,32.5,6000,0.0967,0,0.0,0.063,10,0.2972,0.1049,86.8,86.49,0.2308,0.25,89.37,87.49
66,1,CA1-RSC,75.5,0.4257,0.8185,47.5,6000,0.1404,0,0.0,0.0366,2,0.28,0.1701,80.93,76.95,0.2308,0.4286,80.8,80.11
66,1,CA1-RSC,90.5,0.5114,0.8001,62.5,6000,0.076,0,0.0,0.0574,4,0.2599,0.1034,77.56,74.17,0.2308,0.6667,79.36,78.11
66,1,CA1-RSC,105.5,0.5971,0.787,77.5,6000,0.2801,1,0.0408,0.1,0,0.6294,0.1301,77.39,88.51,0.2308,0.1111,86.37,75.76
66,1,CA1-RSC,120.5,0.6829,0.8146,92.5,6000,0.0092,0,0.0,0.0045,-5,0.1822,0.2809,84.88,84.64,0.3333,0.0,89.33,86.7
66,1,CA1-RSC,135.5,0.7686,0.6667,107.5,6000,0.0748,0,0.0,0.0427,0,0.2253,0.1388,88.31,82.54,0.4545,0.4286,86.75,81.59
66,1,CA1-RSC,150.5,0.8543,0.2333,122.5,6000,0.0405,0,0.0,0.0264,1,0.2701,0.2268,86.71,76.89,0.4545,0.25,86.56,79.69
66,1,CA1-RSC,163.5,0.9286,0.0769,135.5,6000,0.075,0,0.0,0.0219,3,0.2274,0.2682,83.01,81.17,0.6,1.0,87.74,89.75
66,1,CA1-DG,15.5,0.0829,0.227,-12.5,6000,0.3623,3,0.1522,0.0146,0,0.3812,0.165,nan,nan,,,87.81,37.68
66,1,CA1-DG,30.5,0.1686,0.5356,2.5,6000,0.3773,2,0.1037,0.0237,0,0.2113,0.1235,75.74,69.32,0.3333,0.2857,70.01,63.51
66,1,CA1-DG,45.5,0.2543,0.848,17.5,6000,0.3125,2,0.0827,0.0512,0,0.2094,0.159,76.32,73.36,0.6,0.2,72.53,88.7
66,1,CA1-DG,60.5,0.34,0.9533,32.5,6000,0.2917,1,0.0445,0.08,0,0.2626,0.1133,60.54,52.28,0.3333,0.125,77.5,67.38
66,1,CA1-DG,75.5,0.4257,0.8185,47.5,6000,0.2801,1,0.0409,0.0847,1,0.2562,0.1246,66.43,52.1,0.2308,0.3846,86.13,82.65
66,1,CA1-DG,90.5,0.5114,0.8001,62.5,6000,0.2816,2,0.0576,0.024,0,0.2394,0.1174,48.07,44.68,0.2308,0.2857,87.14,78.46
66,1,CA1-DG,105.5,0.5971,0.787,77.5,6000,0.2979,2,0.0807,0.04,0,0.5537,0.1271,81.02,86.18,0.2308,0.2857,87.43,83.36
66,1,CA1-DG,120.5,0.6829,0.8146,92.5,6000,0.2905,2,0.0773,0.0611,0,0.1567,0.1474,87.31,59.83,0.4545,0.2857,82.12,69.49
66,1,CA1-DG,135.5,0.7686,0.6667,107.5,6000,0.2897,2,0.0795,0.0619,0,0.2299,0.1372,61.48,44.26,0.3333,0.2857,77.76,62.2
66,1,CA1-DG,150.5,0.8543,0.2333,122.5,6000,0.2576,2,0.0571,0.0695,0,0.2551,0.1529,47.61,53.0,0.4545,0.5,80.66,63.15
66,1,CA1-DG,163.5,0.9286,0.0769,135.5,6000,0.2903,2,0.0626,0.0904,0,0.2346,0.1081,75.17,85.1,0.4545,0.2,83.17,83.68
66,1,CA1-V1,15.5,0.0829,0.227,-12.5,6000,0.1241,0,0.0,0.0114,0,0.3738,0.0765,nan,nan,,,83.84,83.82
66,1,CA1-V1,30.5,0.1686,0.5356,2.5,6000,0.1773,0,0.0,-0.0054,0,0.2226,0.0592,86.86,78.22,0.3333,0.5,78.57,79.4
66,1,CA1-V1,45.5,0.2543,0.848,17.5,6000,0.1099,0,0.0,-0.01,0,0.2102,0.0593,64.22,82.28,0.4545,0.5,88.21,75.01
66,1,CA1-V1,60.5,0.34,0.9533,32.5,6000,0.1794,0,0.0,0.0194,0,0.2508,0.0562,79.22,86.85,0.2308,0.3333,84.71,87.56
66,1,CA1-V1,75.5,0.4257,0.8185,47.5,6000,0.1778,0,0.0,-0.0172,0,0.2798,0.0854,87.49,63.49,0.2308,0.7143,88.51,89.61
66,1,CA1-V1,90.5,0.5114,0.8001,62.5,6000,0.0973,0,0.0,-0.0344,-10,0.2606,0.0596,77.03,77.17,0.2308,0.7143,81.55,76.28
66,1,CA1-V1,105.5,0.5971,0.787,77.5,6000,0.0893,0,0.0,0.0149,0,0.5642,0.0393,80.43,84.17,0.1429,0.3333,89.55,85.92
66,1,CA1-V1,120.5,0.6829,0.8146,92.5,6000,0.0023,0,0.0,-0.0249,-9,0.1462,0.0572,88.73,81.85,0.6,0.3333,85.78,79.72
66,1,CA1-V1,135.5,0.7686,0.6667,107.5,6000,0.0196,0,0.0,-0.0154,0,0.2214,0.0644,74.66,69.62,0.3333,0.3333,81.86,71.78
66,1,CA1-V1,150.5,0.8543,0.2333,122.5,6000,0.0746,0,0.0,-0.0144,0,0.2659,0.0801,85.18,82.83,0.4545,0.7143,80.45,89.75
66,1,CA1-V1,163.5,0.9286,0.0769,135.5,6000,0.0393,0,0.0,-0.0305,-10,0.2539,0.0827,84.82,87.59,0.6,0.7143,88.47,81.78
66,1,CA1-SUB,15.5,0.0829,0.227,-12.5,6000,0.2431,2,0.0409,0.001,0,0.3602,0.0483,nan,nan,,,76.37,88.33
66,1,CA1-SUB,30.5,0.1686,0.5356,2.5,6000,0.2166,1,0.024,-0.0252,0,0.2486,0.0484,80.74,83.97,0.2308,0.6,88.85,81.1
66,1,CA1-SUB,45.5,0.2543,0.848,17.5,6000,0.1603,2,0.0267,-0.0238,-1,0.2158,0.0479,78.9,65.63,0.3333,1.0,70.73,71.83
66,1,CA1-SUB,60.5,0.34,0.9533,32.5,6000,0.1919,2,0.0434,0.0074,0,0.2485,0.0464,64.16,60.55,0.3333,0.6,80.34,43.06
66,1,CA1-SUB,75.5,0.4257,0.8185,47.5,6000,0.2116,3,0.0567,-0.007,0,0.2355,0.047,80.34,75.71,0.0667,0.6,69.8,43.44
66,1,CA1-SUB,90.5,0.5114,0.8001,62.5,6000,0.0694,0,0.0,-0.0025,0,0.2072,0.0365,89.59,73.58,0.1429,0.3333,82.54,53.89
66,1,CA1-SUB,105.5,0.5971,0.787,77.5,6000,0.1512,1,0.0116,-0.0412,0,0.5692,0.0308,76.24,65.76,0.3333,0.3333,77.82,66.4
66,1,CA1-SUB,120.5,0.6829,0.8146,92.5,6000,0.1906,1,0.0185,-0.0033,0,0.1761,0.0584,87.48,62.14,0.4545,0.1429,83.9,72.9
66,1,CA1-SUB,135.5,0.7686,0.6667,107.5,6000,0.1077,0,0.0,-0.0198,0,0.2287,0.0902,72.64,67.92,0.3333,0.6,80.34,70.98
66,1,CA1-SUB,150.5,0.8543,0.2333,122.5,6000,0.0651,1,0.0112,0.0142,0,0.2482,0.0402,89.84,79.69,0.3333,0.6,78.86,75.09
66,1,CA1-SUB,163.5,0.9286,0.0769,135.5,6000,0.1117,0,0.0,0.002,0,0.2153,0.0531,82.79,55.99,0.4545,0.6,76.28,88.13
66,1,RSC-SUB,15.5,0.0829,0.227,-12.5,6000,0.0772,0,0.0,-0.0133,-3,0.2831,0.0495,nan,nan,,,85.18,79.19
66,1,RSC-SUB,30.5,0.1686,0.5356,2.5,6000,0.0518,0,0.0,0.0227,6,0.112,0.0499,87.67,66.54,0.1111,0.6,81.7,60.71
66,1,RSC-SUB,45.5,0.2543,0.848,17.5,6000,0.0902,0,0.0,0.0209,0,0.1224,0.0494,76.74,66.81,0.4286,1.0,82.19,89.12
66,1,RSC-SUB,60.5,0.34,0.9533,32.5,6000,0.0415,0,0.0,-0.0175,2,0.1103,0.0478,86.58,80.97,0.25,0.6,82.75,81.66
66,1,RSC-SUB,75.5,0.4257,0.8185,47.5,6000,0.1007,0,0.0,-0.0213,-3,0.1439,0.0469,81.79,72.21,0.6667,0.6,78.69,89.19
66,1,RSC-SUB,90.5,0.5114,0.8001,62.5,6000,0.0907,0,0.0,0.0015,0,0.1219,0.0361,71.23,71.78,0.25,0.3333,81.22,71.42
66,1,RSC-SUB,105.5,0.5971,0.787,77.5,6000,0.0664,0,0.0,0.0235,2,0.1641,0.0316,81.32,74.28,0.25,0.3333,88.93,83.9
66,1,RSC-SUB,120.5,0.6829,0.8146,92.5,6000,0.0241,0,0.0,0.0052,3,0.2562,0.0577,79.39,80.2,0.25,0.1429,73.61,87.83
66,1,RSC-SUB,135.5,0.7686,0.6667,107.5,6000,0.0261,0,0.0,0.036,1,0.1765,0.0896,88.74,75.18,0.25,0.6,77.49,85.74
66,1,RSC-SUB,150.5,0.8543,0.2333,122.5,6000,0.0516,0,0.0,0.0053,-2,0.2539,0.0396,80.89,89.4,0.4286,0.6,86.19,73.33
66,1,RSC-SUB,163.5,0.9286,0.0769,135.5,6000,0.0535,0,0.0,-0.0312,-4,0.2907,0.0529,74.35,77.41,0.4286,0.6,83.72,89.05
66,1,V1-RSC,15.5,0.0829,0.227,-12.5,6000,0.1949,1,0.0194,-0.0109,0,0.0922,0.2804,nan,nan,,,70.18,76.74
66,1,V1-RSC,30.5,0.1686,0.5356,2.5,6000,0.1708,2,0.0302,-0.0185,0,0.0628,0.1121,80.05,51.52,0.2,0.4286,58.88,54.27
66,1,V1-RSC,45.5,0.2543,0.848,17.5,6000,0.208,1,0.0221,-0.0627,-2,0.0797,0.1013,56.94,72.81,0.0,0.4286,55.41,63.82
66,1,V1-RSC,60.5,0.34,0.9533,32.5,6000,0.1755,1,0.0156,0.0331,0,0.0801,0.1049,74.72,67.3,0.0909,0.25,73.92,88.61
66,1,V1-RSC,75.5,0.4257,0.8185,47.5,6000,0.1213,2,0.0257,0.0327,0,0.0938,0.1699,48.37,54.0,0.7143,0.4286,61.19,50.56
66,1,V1-RSC,90.5,0.5114,0.8001,62.5,6000,0.1166,1,0.0106,-0.006,0,0.0663,0.1032,52.01,58.25,0.5,0.6667,83.4,49.61
66,1,V1-RSC,105.5,0.5971,0.787,77.5,6000,0.1795,1,0.0164,0.0153,0,0.0723,0.1323,50.66,56.62,0.3333,0.1111,85.73,83.03
66,1,V1-RSC,120.5,0.6829,0.8146,92.5,6000,0.1419,0,0.0,-0.0505,-2,0.0712,0.282,66.66,85.88,0.3333,0.0,78.76,83.41
66,1,V1-RSC,135.5,0.7686,0.6667,107.5,6000,0.1194,1,0.0148,-0.0168,0,0.0894,0.1397,87.85,82.94,0.3333,0.4286,66.89,69.85
66,1,V1-RSC,150.5,0.8543,0.2333,122.5,6000,0.2167,2,0.0396,-0.0703,0,0.0821,0.2283,83.13,81.88,0.3333,0.25,71.67,63.8
66,1,V1-RSC,163.5,0.9286,0.0769,135.5,6000,0.1443,1,0.0105,-0.0117,0,0.1071,0.2686,65.1,62.48,0.3333,1.0,63.83,65.95
68,1,CA1-RSC,15.5,0.058,0.1149,-26.5,6000,0.0722,0,0.0,-0.0054,0,0.4101,0.1167,nan,nan,,,85.92,76.81
68,1,CA1-RSC,30.5,0.118,0.3213,-11.5,6000,0.0309,0,0.0,0.0009,-1,0.1513,0.1092,86.95,75.71,0.6667,0.7143,79.84,64.0
68,1,CA1-RSC,45.5,0.178,0.6726,3.5,6000,0.1231,0,0.0,0.0425,2,0.1329,0.0866,80.31,77.91,0.6667,0.3333,81.09,81.83
68,1,CA1-RSC,60.5,0.238,0.8372,18.5,6000,0.111,0,0.0,-0.0069,2,0.1246,0.1002,70.11,88.28,0.4286,0.5,70.78,78.19
68,1,CA1-RSC,75.5,0.298,0.8398,33.5,6000,0.1965,1,0.0197,0.0318,2,0.0822,0.1005,84.54,79.2,0.25,0.5,80.49,82.02
68,1,CA1-RSC,90.5,0.358,0.8029,48.5,6000,0.0714,0,0.0,0.0156,8,0.0979,0.0886,71.37,80.76,0.25,0.5,86.3,87.43
68,1,CA1-RSC,105.5,0.418,0.7197,63.5,6000,0.0877,0,0.0,-0.0198,-10,0.1071,0.087,82.57,77.0,0.6667,0.2,74.97,87.93
68,1,CA1-RSC,120.5,0.478,0.7181,78.5,6000,0.0703,0,0.0,0.033,0,0.0835,0.1634,78.87,81.14,0.4286,0.3333,75.81,76.14
68,1,CA1-RSC,135.5,0.538,0.7707,93.5,6000,0.0919,0,0.0,0.0292,0,0.0984,0.1294,81.5,89.52,0.25,0.3333,77.71,88.73
68,1,CA1-RSC,150.5,0.598,0.7128,108.5,6000,0.0939,0,0.0,-0.0103,-2,0.0858,0.1627,80.79,74.94,0.6667,0.3333,85.21,80.48
68,1,CA1-RSC,165.5,0.658,0.4698,123.5,6000,0.0563,0,0.0,-0.0182,0,0.0833,0.1224,67.23,66.65,0.6667,0.3333,89.42,89.86
68,1,CA1-RSC,180.5,0.718,0.3028,138.5,6000,0.0718,0,0.0,-0.0023,0,0.1107,0.0915,83.69,70.09,0.6667,0.2,89.75,69.82
68,1,CA1-RSC,195.5,0.778,0.1583,153.5,6000,0.1759,1,0.0157,0.0127,0,0.1197,0.1055,71.39,80.42,0.4286,0.5,73.09,79.56
68,1,CA1-RSC,210.5,0.838,0.0083,168.5,6000,0.0929,0,0.0,0.0145,0,0.0994,0.1124,83.58,79.47,0.25,0.3333,87.55,82.2
68,1,CA1-RSC,225.5,0.898,0.0852,183.5,6000,0.1105,0,0.0,-0.0001,0,0.108,0.1082,87.9,70.48,0.4286,0.3333,84.27,72.16
68,1,CA1-RSC,238.5,0.95,0.1086,196.5,6000,0.1031,0,0.0,0.0126,0,0.1298,0.0977,88.79,85.65,0.4286,0.5,87.32,85.19
68,1,CA1-CA3,15.5,0.058,0.1149,-26.5,6000,0.4363,3,0.3221,-0.0407,0,0.4606,0.5571,nan,nan,,,24.89,13.67
68,1,CA1-CA3,30.5,0.118,0.3213,-11.5,6000,0.4789,3,0.159,-0.045,0,0.1451,0.0726,80.13,79.54,0.6667,0.5,37.14,35.36
68,1,CA1-CA3,45.5,0.178,0.6726,3.5,6000,0.4963,3,0.1834,-0.0448,0,0.187,0.0655,33.89,31.76,0.6667,1.0,29.4,26.84
68,1,CA1-CA3,60.5,0.238,0.8372,18.5,6000,0.4919,3,0.1814,-0.0246,0,0.1634,0.0953,24.99,26.07,0.4286,0.5,35.56,25.82
68,1,CA1-CA3,75.5,0.298,0.8398,33.5,6000,0.4801,3,0.1745,-0.0448,0,0.1571,0.0909,30.12,27.06,0.25,0.5,30.73,35.63
68,1,CA1-CA3,90.5,0.358,0.8029,48.5,6000,0.471,3,0.1625,-0.0681,0,0.1347,0.0878,28.46,30.5,0.4286,0.5,26.68,21.46
68,1,CA1-CA3,105.5,0.418,0.7197,63.5,6000,0.4406,3,0.1436,-0.0622,0,0.1668,0.1084,27.2,33.07,0.6667,1.0,33.89,35.73
68,1,CA1-CA3,120.5,0.478,0.7181,78.5,6000,0.4851,2,0.1704,-0.0667,0,0.1398,0.0875,29.86,24.66,0.6667,0.2,50.48,29.94
68,1,CA1-CA3,135.5,0.538,0.7707,93.5,6000,0.4356,2,0.1245,-0.0441,0,0.1006,0.0908,27.85,27.67,0.4286,0.0,64.32,84.24
68,1,CA1-CA3,150.5,0.598,0.7128,108.5,6000,0.4291,2,0.1273,-0.0721,0,0.1203,0.0819,31.58,25.71,0.4286,0.2,71.8,57.08
68,1,CA1-CA3,165.5,0.658,0.4698,123.5,6000,0.458,3,0.1522,-0.0898,0,0.1104,0.0932,36.73,41.71,0.6667,0.2,65.15,45.14
68,1,CA1-CA3,180.5,0.718,0.3028,138.5,6000,0.4552,2,0.1372,-0.0685,0,0.1273,0.0786,33.86,24.19,0.6667,0.0,66.13,47.41
68,1,CA1-CA3,195.5,0.778,0.1583,153.5,6000,0.4438,3,0.1363,-0.0319,0,0.1669,0.2706,44.25,39.65,0.25,0.2,45.64,47.87
68,1,CA1-CA3,210.5,0.838,0.0083,168.5,6000,0.4485,2,0.1368,-0.0697,0,0.1515,0.1006,40.07,40.55,0.25,0.0,73.02,61.25
68,1,CA1-CA3,225.5,0.898,0.0852,183.5,6000,0.4841,2,0.164,-0.0516,0,0.1731,0.0814,40.89,31.82,0.25,0.0,41.13,38.95
68,1,CA1-CA3,238.5,0.95,0.1086,196.5,6000,0.4747,2,0.1515,-0.0215,0,0.1542,0.0896,35.4,40.66,0.6667,0.2,82.63,41.3
68,1,CA1-DG,15.5,0.058,0.1149,-26.5,6000,0.3146,2,0.0676,-0.0024,0,0.4096,0.1573,nan,nan,,,60.99,67.3
68,1,CA1-DG,30.5,0.118,0.3213,-11.5,6000,0.3412,2,0.0815,-0.0384,0,0.1495,0.1659,88.69,55.01,0.6667,0.5,79.96,87.68
68,1,CA1-DG,45.5,0.178,0.6726,3.5,6000,0.2829,2,0.058,-0.051,0,0.1312,0.1305,53.71,47.3,0.6667,0.3333,63.07,51.75
68,1,CA1-DG,60.5,0.238,0.8372,18.5,6000,0.3241,2,0.076,-0.0668,0,0.1229,0.0829,55.73,53.29,0.4286,0.2,60.1,68.88
68,1,CA1-DG,75.5,0.298,0.8398,33.5,6000,0.3722,2,0.0924,-0.0624,0,0.0787,0.1176,87.97,79.75,0.25,0.3333,62.96,76.99
68,1,CA1-DG,90.5,0.358,0.8029,48.5,6000,0.3241,2,0.0773,-0.0779,0,0.0961,0.1369,44.07,88.62,0.25,0.2,67.54,89.88
68,1,CA1-DG,105.5,0.418,0.7197,63.5,6000,0.3466,2,0.079,-0.0499,0,0.1049,0.1022,56.9,72.05,0.6667,0.2,78.49,79.02
68,1,CA1-DG,120.5,0.478,0.7181,78.5,6000,0.4048,2,0.114,-0.0523,0,0.0795,0.1293,65.11,68.63,0.4286,0.0909,83.84,82.26
68,1,CA1-DG,135.5,0.538,0.7707,93.5,6000,0.3608,2,0.0935,-0.0331,0,0.0967,0.1315,56.59,51.92,0.25,0.0909,75.12,82.3
68,1,CA1-DG,150.5,0.598,0.7128,108.5,6000,0.3683,2,0.0854,-0.0567,0,0.0838,0.1848,31.01,51.5,0.6667,0.5,69.05,86.98
68,1,CA1-DG,165.5,0.658,0.4698,123.5,6000,0.3879,2,0.0981,-0.0408,0,0.0824,0.1715,53.46,53.39,0.6667,0.3333,46.32,70.72
68,1,CA1-DG,180.5,0.718,0.3028,138.5,6000,0.3541,3,0.0932,-0.0626,0,0.1095,0.1379,33.68,39.87,0.4286,0.5,36.37,59.11
68,1,CA1-DG,195.5,0.778,0.1583,153.5,6000,0.4344,2,0.1455,-0.0391,0,0.1178,0.146,51.98,80.56,0.25,0.2,76.63,77.08
68,1,CA1-DG,210.5,0.838,0.0083,168.5,6000,0.3694,2,0.0949,-0.063,0,0.099,0.114,54.32,77.06,0.25,0.2,56.82,73.91
68,1,CA1-DG,225.5,0.898,0.0852,183.5,6000,0.3904,2,0.0946,-0.0636,0,0.1064,0.1814,48.75,67.5,0.4286,0.2,81.03,83.36
68,1,CA1-DG,238.5,0.95,0.1086,196.5,6000,0.3796,2,0.102,-0.0449,0,0.1294,0.0983,87.01,75.34,0.4286,0.3333,81.2,87.58
68,1,CA3-DG,15.5,0.058,0.1149,-26.5,6000,0.3972,3,0.1694,-0.0009,0,0.5654,0.2137,nan,nan,,,15.87,25.56
68,1,CA3-DG,30.5,0.118,0.3213,-11.5,6000,0.4261,3,0.1477,0.0342,0,0.076,0.1919,85.74,84.66,0.5,0.5,49.47,57.67
68,1,CA3-DG,45.5,0.178,0.6726,3.5,6000,0.4349,3,0.1896,0.0171,0,0.069,0.1666,36.04,32.46,1.0,0.5,29.74,61.72
68,1,CA3-DG,60.5,0.238,0.8372,18.5,6000,0.4482,2,0.1722,0.0054,0,0.097,0.1293,42.11,38.09,0.5,0.3333,61.76,62.84
68,1,CA3-DG,75.5,0.298,0.8398,33.5,6000,0.4672,3,0.1737,0.0195,0,0.0931,0.179,46.8,35.66,0.5,0.2,46.26,42.7
68,1,CA3-DG,90.5,0.358,0.8029,48.5,6000,0.405,3,0.1707,0.0271,0,0.0901,0.1749,43.26,47.58,0.5,0.3333,33.72,41.92
68,1,CA3-DG,105.5,0.418,0.7197,63.5,6000,0.4037,2,0.1564,-0.0086,0,0.1091,0.1493,33.71,40.0,1.0,0.2,71.26,63.94
68,1,CA3-DG,120.5,0.478,0.7181,78.5,6000,0.3833,3,0.1387,0.0448,0,0.0902,0.1632,37.49,46.23,0.2,0.5,44.08,32.41
68,1,CA3-DG,135.5,0.538,0.7707,93.5,6000,0.4358,3,0.1758,0.056,0,0.0913,0.1511,29.21,27.75,0.2,0.3333,28.17,40.37
68,1,CA3-DG,150.5,0.598,0.7128,108.5,6000,0.415,3,0.1633,0.0317,0,0.0831,0.1593,20.35,28.11,0.2,0.3333,30.25,84.47
68,1,CA3-DG,165.5,0.658,0.4698,123.5,6000,0.4372,3,0.1983,0.0361,0,0.0954,0.1685,24.49,32.95,0.5,0.3333,28.56,56.73
68,1,CA3-DG,180.5,0.718,0.3028,138.5,6000,0.448,3,0.1772,0.057,0,0.0797,0.1978,20.05,31.97,0.2,0.5,57.69,59.47
68,1,CA3-DG,195.5,0.778,0.1583,153.5,6000,0.4071,3,0.1534,0.0504,0,0.2721,0.1747,41.72,43.2,0.2,0.0909,87.75,89.66
68,1,CA3-DG,210.5,0.838,0.0083,168.5,6000,0.4011,3,0.1943,0.037,0,0.1019,0.1905,39.73,37.98,0.0,0.0,30.67,55.19
68,1,CA3-DG,225.5,0.898,0.0852,183.5,6000,0.4046,3,0.1619,0.065,0,0.0846,0.2334,17.31,42.85,0.0,0.3333,23.84,45.81
68,1,CA3-DG,238.5,0.95,0.1086,196.5,6000,0.4322,3,0.1753,0.0457,0,0.0923,0.1578,23.56,38.42,0.2,0.7143,27.99,67.24
70,0,CA1-RSC,15.5,0.4265,0.2982,,12000,0.0603,0,0.0,-0.0274,-8,0.4007,0.4544,nan,nan,,,88.35,87.3
70,0,CA1-RSC,25.5,0.7206,0.4093,,10000,0.0975,0,0.0,0.0156,0,0.3329,0.3931,81.5,83.93,0.0769,0.0877,88.39,77.86
70,0,CA1-DG,15.5,0.4265,0.2982,,12000,0.2783,2,0.0485,-0.0464,0,0.3995,0.3667,nan,nan,,,88.37,73.45
70,0,CA1-DG,25.5,0.7206,0.4093,,10000,0.3404,1,0.0616,-0.042,0,0.3308,0.2871,81.05,83.67,0.0769,0.2,63.42,68.58
70,0,CA1-V1,15.5,0.4265,0.2982,,12000,0.1891,2,0.0309,-0.0073,0,0.3937,0.3112,nan,nan,,,74.0,70.31
70,0,CA1-V1,25.5,0.7206,0.4093,,10000,0.2871,3,0.1003,-0.0116,0,0.3294,0.2673,77.99,70.2,0.0769,0.0323,48.4,48.07
70,0,CA1-SUB,15.5,0.4265,0.2982,,12000,0.1933,1,0.019,0.1074,9,0.3994,0.2995,nan,nan,,,89.48,72.61
70,0,CA1-SUB,25.5,0.7206,0.4093,,10000,0.1375,0,0.0,-0.0099,0,0.3308,0.2861,88.4,55.11,0.0769,0.1111,89.63,89.82
70,0,RSC-SUB,15.5,0.4265,0.2982,,12000,0.2549,2,0.0499,0.0466,0,0.453,0.2997,nan,nan,,,63.55,55.8
70,0,RSC-SUB,25.5,0.7206,0.4093,,10000,0.2329,1,0.0279,0.0215,0,0.3918,0.2847,82.98,69.85,0.069,0.0526,77.47,89.97
70,0,V1-RSC,15.5,0.4265,0.2982,,12000,0.3735,4,0.14,0.0433,0,0.3108,0.4502,nan,nan,,,65.77,61.17
70,0,V1-RSC,25.5,0.7206,0.4093,,10000,0.328,2,0.0832,-0.0024,0,0.2675,0.3819,82.32,73.66,0.0323,0.069,75.36,85.05
71,0,CA1-RSC,15.5,0.0697,0.1122,,6000,0.0357,0,0.0,0.0087,0,0.2754,0.4779,nan,nan,,,81.33,87.21
71,0,CA1-RSC,30.5,0.1418,0.1185,,6000,0.0505,0,0.0,-0.0107,0,0.1811,0.412,87.39,89.6,0.5,0.4348,78.76,87.42
71,0,CA1-RSC,45.5,0.2139,0.132,,6000,0.0396,0,0.0,-0.027,0,0.2203,0.4787,83.08,88.12,0.3333,0.2692,79.44,88.97
71,0,CA1-RSC,60.5,0.2861,0.1494,,6000,0.0042,0,0.0,-0.0177,-8,0.1102,0.4039,77.93,81.58,0.7143,0.1786,83.1,89.37
71,0,CA1-RSC,75.5,0.3582,0.2235,,6000,0.0259,0,0.0,0.0041,0,0.1252,0.3554,86.18,88.34,0.7143,0.2692,86.4,89.37
71,0,CA1-RSC,90.5,0.4303,0.322,,6000,0.0475,0,0.0,-0.0051,0,0.0831,0.3518,83.44,89.58,0.7143,0.2941,87.78,83.92
71,0,CA1-RSC,105.5,0.5024,0.2735,,6000,0.0605,0,0.0,0.0001,9,0.1301,0.3326,89.87,87.74,0.3333,0.1579,73.4,80.06
71,0,CA1-RSC,120.5,0.5745,0.1959,,6000,0.0675,0,0.0,0.013,0,0.0971,0.3363,89.3,83.25,0.5,0.2453,86.63,75.78
71,0,CA1-RSC,135.5,0.6466,0.1795,,6000,0.0261,0,0.0,0.0088,0,0.1191,0.3605,88.26,86.09,0.3333,0.2222,86.72,87.9
71,0,CA1-RSC,150.5,0.7188,0.1416,,6000,0.089,0,0.0,-0.0285,0,0.103,0.3958,89.12,84.87,0.3333,0.2692,85.39,87.11
71,0,CA1-RSC,165.5,0.7909,0.1025,,6000,0.0274,0,0.0,-0.0048,-4,0.1504,0.3719,77.33,82.4,0.5,0.2453,80.85,84.93
71,0,CA1-RSC,180.5,0.863,0.1329,,6000,0.0266,0,0.0,0.0031,0,0.139,0.3735,85.41,83.26,0.3333,0.375,78.15,88.87
71,0,CA1-RSC,195.0,0.9327,0.2037,,6000,0.0827,0,0.0,0.0095,0,0.1548,0.3875,88.44,79.22,0.5,0.32,87.94,87.24
71,0,CA1-CA3,15.5,0.0697,0.1122,,6000,0.2288,1,0.0269,-0.0067,0,0.2758,0.3451,nan,nan,,,77.3,81.18
71,0,CA1-CA3,30.5,0.1418,0.1185,,6000,0.3324,1,0.0585,-0.0266,0,0.1807,0.3643,60.72,85.57,0.3333,0.2593,86.86,88.31
71,0,CA1-CA3,45.5,0.2139,0.132,,6000,0.3341,1,0.0592,-0.0109,0,0.2201,0.3457,82.94,88.06,0.3333,0.2143,83.17,84.94
71,0,CA1-CA3,60.5,0.2861,0.1494,,6000,0.3454,2,0.0766,0.0062,0,0.1081,0.2629,86.01,85.26,0.7143,0.2143,42.52,76.74
71,0,CA1-CA3,75.5,0.3582,0.2235,,6000,0.3853,2,0.0913,-0.0083,0,0.1263,0.2903,39.6,67.91,0.7143,0.1724,50.66,69.57
71,0,CA1-CA3,90.5,0.4303,0.322,,6000,0.3811,2,0.1007,-0.0162,0,0.0808,0.2769,47.44,65.66,0.7143,0.2593,48.34,66.67
71,0,CA1-CA3,105.5,0.5024,0.2735,,6000,0.3524,2,0.0812,-0.0237,0,0.1282,0.2709,53.12,59.69,0.3333,0.3077,67.99,80.3
71,0,CA1-CA3,120.5,0.5745,0.1959,,6000,0.343,2,0.089,-0.016,0,0.0945,0.2935,52.39,72.94,0.5,0.1333,49.99,64.55
71,0,CA1-CA3,135.5,0.6466,0.1795,,6000,0.4193,2,0.133,0.0023,0,0.1171,0.3187,45.84,52.71,0.3333,0.1724,61.27,66.37
71,0,CA1-CA3,150.5,0.7188,0.1416,,6000,0.3986,2,0.1095,-0.0027,0,0.0995,0.3412,53.82,54.03,0.3333,0.4167,74.27,89.3
71,0,CA1-CA3,165.5,0.7909,0.1025,,6000,0.365,2,0.1026,0.0079,0,0.1488,0.3585,57.74,73.39,0.5,0.3077,71.49,67.65
71,0,CA1-CA3,180.5,0.863,0.1329,,6000,0.398,2,0.1128,0.009,0,0.1358,0.3383,63.89,80.18,0.3333,0.619,86.69,85.07
71,0,CA1-CA3,195.0,0.9327,0.2037,,6000,0.4203,2,0.129,0.03,0,0.1541,0.3635,74.42,64.25,0.5,0.4167,85.77,73.06
71,0,CA1-DG,15.5,0.0697,0.1122,,6000,0.2653,2,0.0687,0.0011,0,0.2756,0.4931,nan,nan,,,85.37,88.88
71,0,CA1-DG,30.5,0.1418,0.1185,,6000,0.2664,2,0.0664,0.0269,0,0.181,0.4642,74.13,87.76,0.5,0.3778,66.52,86.69
71,0,CA1-DG,45.5,0.2139,0.132,,6000,0.2753,2,0.0598,-0.018,0,0.2208,0.4294,70.85,78.9,0.5,0.2157,82.15,89.1
71,0,CA1-DG,60.5,0.2861,0.1494,,6000,0.2606,1,0.0352,-0.0269,0,0.1102,0.3891,88.0,86.86,0.7143,0.2653,86.74,83.47
71,0,CA1-DG,75.5,0.3582,0.2235,,6000,0.238,2,0.0472,0.0222,0,0.1283,0.3964,39.25,71.72,0.7143,0.3478,83.6,78.67
71,0,CA1-DG,90.5,0.4303,0.322,,6000,0.2545,2,0.0476,0.0232,0,0.0823,0.3667,81.7,87.42,0.7143,0.2157,82.12,83.96
71,0,CA1-DG,105.5,0.5024,0.2735,,6000,0.2308,1,0.0274,0.0001,0,0.1289,0.3616,63.27,84.89,0.3333,0.24,77.28,76.57
71,0,CA1-DG,120.5,0.5745,0.1959,,6000,0.2097,3,0.0561,0.0139,0,0.0976,0.3713,85.45,83.57,0.3333,0.3191,54.02,63.46
71,0,CA1-DG,135.5,0.6466,0.1795,,6000,0.2119,1,0.023,-0.0018,0,0.1133,0.3664,78.72,80.23,0.3333,0.24,50.75,75.34
71,0,CA1-DG,150.5,0.7188,0.1416,,6000,0.1858,3,0.0498,0.0306,0,0.1009,0.3537,76.09,83.9,0.3333,0.3478,72.7,77.78
71,0,CA1-DG,165.5,0.7909,0.1025,,6000,0.2008,1,0.0206,-0.013,0,0.1501,0.3816,82.26,87.73,0.5,0.3478,87.63,74.5
71,0,CA1-DG,180.5,0.863,0.1329,,6000,0.18,2,0.044,0.0207,0,0.1355,0.4068,67.54,73.77,0.3333,0.3778,77.57,83.59
71,0,CA1-DG,195.0,0.9327,0.2037,,6000,0.1441,1,0.0214,0.0068,0,0.1543,0.4084,74.45,85.13,0.5,0.3778,79.41,79.68
71,0,CA1-V1,15.5,0.0697,0.1122,,6000,0.0647,0,0.0,0.0062,0,0.275,0.2949,nan,nan,,,80.79,83.78
71,0,CA1-V1,30.5,0.1418,0.1185,,6000,0.1142,0,0.0,0.0296,0,0.1801,0.269,81.69,81.46,0.5,0.28,83.67,81.75
71,0,CA1-V1,45.5,0.2139,0.132,,6000,0.1412,0,0.0,0.0021,0,0.2209,0.3065,85.54,83.53,0.3333,0.4545,82.15,85.43
71,0,CA1-V1,60.5,0.2861,0.1494,,6000,-0.0028,0,0.0,-0.0144,10,0.111,0.2132,80.11,86.81,0.7143,0.2308,81.67,86.23
71,0,CA1-V1,75.5,0.3582,0.2235,,6000,-0.0026,0,0.0,-0.0005,7,0.1295,0.1905,77.92,88.03,0.7143,0.1429,89.9,81.02
71,0,CA1-V1,90.5,0.4303,0.322,,6000,0.0884,0,0.0,0.0055,0,0.0828,0.2434,88.26,86.62,0.7143,0.2308,84.3,82.06
71,0,CA1-V1,105.5,0.5024,0.2735,,6000,0.0376,0,0.0,-0.0013,0,0.1305,0.2289,80.24,87.73,0.3333,0.1852,80.11,89.61
71,0,CA1-V1,120.5,0.5745,0.1959,,6000,0.022,0,0.0,0.0187,10,0.0981,0.1926,85.47,71.52,0.5,0.1429,85.64,89.58
71,0,CA1-V1,135.5,0.6466,0.1795,,6000,0.0276,0,0.0,-0.0105,1,0.1193,0.2247,88.42,81.86,0.3333,0.2308,88.15,89.73
71,0,CA1-V1,150.5,0.7188,0.1416,,6000,0.0038,0,0.0,0.018,0,0.1035,0.2326,86.03,87.75,0.3333,0.1429,74.18,88.0
71,0,CA1-V1,165.5,0.7909,0.1025,,6000,0.0721,0,0.0,-0.0065,0,0.1509,0.2167,88.19,85.99,0.5,0.3913,85.18,88.36
71,0,CA1-V1,180.5,0.863,0.1329,,6000,0.0573,0,0.0,0.0091,0,0.1392,0.2229,71.67,89.33,0.3333,0.3333,86.08,82.4
71,0,CA1-V1,195.0,0.9327,0.2037,,6000,0.0548,0,0.0,-0.0066,0,0.1543,0.256,88.99,89.9,0.5,0.3913,83.34,86.86
71,0,CA3-DG,15.5,0.0697,0.1122,,6000,0.4535,4,0.2243,0.002,0,0.3385,0.4913,nan,nan,,,56.02,58.49
71,0,CA3-DG,30.5,0.1418,0.1185,,6000,0.4746,4,0.2927,0.004,0,0.3453,0.4594,74.77,67.96,0.2143,0.3191,60.76,58.77
71,0,CA3-DG,45.5,0.2139,0.132,,6000,0.4965,4,0.3184,0.013,0,0.3386,0.4283,61.15,52.85,0.2143,0.2157,57.48,65.1
71,0,CA3-DG,60.5,0.2861,0.1494,,6000,0.5026,3,0.2626,0.016,0,0.2652,0.3958,67.7,63.17,0.4167,0.2653,50.68,66.36
71,0,CA3-DG,75.5,0.3582,0.2235,,6000,0.4768,4,0.2853,0.0276,0,0.2846,0.3933,87.35,86.0,0.1724,0.3778,45.76,53.44
71,0,CA3-DG,90.5,0.4303,0.322,,6000,0.5562,4,0.3299,-0.008,0,0.2726,0.3602,71.38,73.6,0.3077,0.24,42.79,51.09
71,0,CA3-DG,105.5,0.5024,0.2735,,6000,0.4918,4,0.2993,-0.0256,0,0.2758,0.3651,66.91,64.3,0.4167,0.2157,68.17,75.35
71,0,CA3-DG,120.5,0.5745,0.1959,,6000,0.5581,4,0.3587,-0.0163,0,0.2838,0.3697,49.3,53.31,0.2593,0.2917,60.15,59.94
71,0,CA3-DG,135.5,0.6466,0.1795,,6000,0.5088,4,0.3455,-0.0151,0,0.3187,0.3708,47.27,47.77,0.2143,0.2157,57.49,61.87
71,0,CA3-DG,150.5,0.7188,0.1416,,6000,0.5132,5,0.3899,-0.0202,0,0.3444,0.3615,44.18,47.77,0.3077,0.3191,66.2,68.3
71,0,CA3-DG,165.5,0.7909,0.1025,,6000,0.5291,5,0.4203,-0.0151,0,0.3512,0.3861,44.03,47.03,0.4167,0.4091,45.43,56.66
71,0,CA3-DG,180.5,0.863,0.1329,,6000,0.5022,4,0.3578,-0.0078,0,0.3388,0.4082,36.28,33.34,0.5455,0.3478,41.92,40.95
71,0,CA3-DG,195.0,0.9327,0.2037,,6000,0.5747,5,0.4822,-0.0309,0,0.3578,0.4169,39.8,38.49,0.5455,0.3778,38.51,48.45
71,0,CA1-SUB,15.5,0.0697,0.1122,,6000,0.1048,0,0.0,-0.0211,0,0.276,0.177,nan,nan,,,88.92,83.61
71,0,CA1-SUB,30.5,0.1418,0.1185,,6000,0.0919,0,0.0,-0.0252,-8,0.1806,0.1436,72.78,83.85,0.5,0.2222,80.06,89.51
71,0,CA1-SUB,45.5,0.2139,0.132,,6000,0.0269,0,0.0,-0.017,0,0.2214,0.1413,74.01,78.81,0.3333,0.375,88.34,88.78
71,0,CA1-SUB,60.5,0.2861,0.1494,,6000,0.0952,0,0.0,-0.0365,0,0.1103,0.1072,82.28,84.74,0.7143,0.2941,81.69,75.68
71,0,CA1-SUB,75.5,0.3582,0.2235,,6000,0.0854,0,0.0,0.0088,0,0.1291,0.0995,86.53,85.56,0.7143,0.1,76.08,81.12
71,0,CA1-SUB,90.5,0.4303,0.322,,6000,0.1113,0,0.0,0.0063,0,0.083,0.1225,74.52,82.41,0.7143,0.375,85.5,84.57
71,0,CA1-SUB,105.5,0.5024,0.2735,,6000,0.0894,0,0.0,0.0066,0,0.1306,0.1566,89.82,87.94,0.3333,0.2222,84.22,89.2
71,0,CA1-SUB,120.5,0.5745,0.1959,,6000,0.0239,0,0.0,0.0279,0,0.098,0.1321,82.48,87.75,0.5,0.375,75.61,87.22
71,0,CA1-SUB,135.5,0.6466,0.1795,,6000,0.0376,0,0.0,-0.0005,0,0.1191,0.1281,89.46,65.19,0.3333,0.4667,81.94,83.75
71,0,CA1-SUB,150.5,0.7188,0.1416,,6000,0.0815,0,0.0,0.0055,0,0.1033,0.163,79.86,88.98,0.3333,0.2222,88.05,84.02
71,0,CA1-SUB,165.5,0.7909,0.1025,,6000,0.0764,0,0.0,0.0099,0,0.1507,0.1942,86.95,78.29,0.5,0.2941,71.13,80.51
71,0,CA1-SUB,180.5,0.863,0.1329,,6000,0.0728,0,0.0,0.0242,0,0.1388,0.1672,73.34,81.12,0.3333,0.2941,71.58,79.43
71,0,CA1-SUB,195.0,0.9327,0.2037,,6000,0.096,0,0.0,0.0133,0,0.1545,0.1558,86.13,84.94,0.5,0.1579,79.87,88.01
71,0,RSC-SUB,15.5,0.0697,0.1122,,6000,0.2169,1,0.0241,-0.0005,0,0.4748,0.1682,nan,nan,,,80.57,89.02
71,0,RSC-SUB,30.5,0.1418,0.1185,,6000,0.2392,3,0.0688,-0.062,0,0.4117,0.139,72.48,50.39,0.4043,0.375,64.91,56.79
71,0,RSC-SUB,45.5,0.2139,0.132,,6000,0.183,1,0.017,-0.0221,0,0.4719,0.1287,86.49,87.99,0.2692,0.375,77.96,82.43
71,0,RSC-SUB,60.5,0.2861,0.1494,,6000,0.1886,2,0.0333,-0.0405,0,0.4072,0.0943,88.63,88.12,0.2,0.375,82.9,61.01
71,0,RSC-SUB,75.5,0.3582,0.2235,,6000,0.2458,2,0.0472,-0.0169,0,0.351,0.0935,57.78,53.77,0.2692,0.2941,73.85,72.53
71,0,RSC-SUB,90.5,0.4303,0.322,,6000,0.2199,1,0.0248,-0.0204,0,0.3529,0.1142,73.64,70.17,0.32,0.2941,84.37,81.0
71,0,RSC-SUB,105.5,0.5024,0.2735,,6000,0.1072,0,0.0,-0.003,0,0.3295,0.1295,69.75,76.27,0.2,0.375,70.98,79.0
71,0,RSC-SUB,120.5,0.5745,0.1959,,6000,0.188,1,0.018,-0.0387,0,0.3341,0.1136,70.97,58.04,0.2453,0.2941,76.05,84.11
71,0,RSC-SUB,135.5,0.6466,0.1795,,6000,0.2247,1,0.0259,-0.0124,0,0.3581,0.1149,82.23,81.99,0.2453,0.4667,83.5,82.96
71,0,RSC-SUB,150.5,0.7188,0.1416,,6000,0.1164,0,0.0,-0.0266,0,0.3948,0.1504,88.77,75.87,0.2941,0.2222,84.88,82.15
71,0,RSC-SUB,165.5,0.7909,0.1025,,6000,0.2194,1,0.0247,-0.0189,0,0.3677,0.1645,76.82,73.97,0.2453,0.2941,80.38,87.53
71,0,RSC-SUB,180.5,0.863,0.1329,,6000,0.0776,0,0.0,-0.0164,0,0.3679,0.152,72.23,74.75,0.3469,0.1,88.41,84.35
71,0,RSC-SUB,195.0,0.9327,0.2037,,6000,0.0989,0,0.0,0.0014,0,0.3851,0.1523,82.15,79.58,0.2941,0.2222,88.48,86.7
71,0,V1-RSC,15.5,0.0697,0.1122,,6000,0.2872,2,0.0774,0.0165,0,0.2824,0.467,nan,nan,,,72.65,71.81
71,0,V1-RSC,30.5,0.1418,0.1185,,6000,0.3761,2,0.1094,0.0134,0,0.2692,0.4054,85.26,81.36,0.3333,0.375,76.78,81.91
71,0,V1-RSC,45.5,0.2139,0.132,,6000,0.2959,2,0.0821,-0.0153,0,0.2988,0.4671,85.67,81.37,0.3913,0.2692,86.05,83.6
71,0,V1-RSC,60.5,0.2861,0.1494,,6000,0.3394,2,0.0837,-0.0339,0,0.21,0.4058,67.06,77.47,0.2308,0.1786,85.84,84.27
71,0,V1-RSC,75.5,0.3582,0.2235,,6000,0.4358,3,0.1729,-0.0003,0,0.1844,0.3497,54.68,61.58,0.1429,0.2692,80.85,67.28
71,0,V1-RSC,90.5,0.4303,0.322,,6000,0.3859,3,0.1396,-0.0205,0,0.2339,0.3483,69.11,73.6,0.2308,0.2692,64.39,60.97
71,0,V1-RSC,105.5,0.5024,0.2735,,6000,0.336,3,0.1486,0.0131,0,0.2293,0.3253,67.73,70.28,0.28,0.1786,72.43,69.04
71,0,V1-RSC,120.5,0.5745,0.1959,,6000,0.413,3,0.1684,-0.0101,0,0.1885,0.3352,75.33,87.42,0.28,0.2453,59.11,61.69
71,0,V1-RSC,135.5,0.6466,0.1795,,6000,0.3752,3,0.1396,-0.0149,0,0.2188,0.3559,50.49,52.74,0.4545,0.2453,59.64,56.94
71,0,V1-RSC,150.5,0.7188,0.1416,,6000,0.4152,4,0.1833,0.0167,0,0.226,0.3916,64.38,63.61,0.28,0.2941,58.09,58.79
71,0,V1-RSC,165.5,0.7909,0.1025,,6000,0.3294,3,0.1054,0.0271,0,0.2167,0.3641,42.37,49.15,0.5238,0.2453,82.01,86.31
71,0,V1-RSC,180.5,0.863,0.1329,,6000,0.33,4,0.1349,-0.0147,0,0.221,0.3624,45.02,54.59,0.4545,0.375,84.61,86.76
71,0,V1-RSC,195.0,0.9327,0.2037,,6000,0.2849,3,0.0984,0.0023,0,0.2433,0.3767,57.39,67.62,0.5238,0.2941,63.9,64.9
73,1,CA1-RSC,15.5,0.0681,0.1027,-43.5,10000,0.1995,2,0.0307,0.0411,0,0.5324,0.4143,nan,nan,,,79.15,80.0
73,1,CA1-RSC,30.5,0.1385,0.1589,-28.5,8000,0.1306,0,0.0,0.0491,2,0.3045,0.4014,86.95,88.11,0.75,0.2308,80.72,85.2
73,1,CA1-RSC,45.5,0.2089,0.2982,-13.5,8000,0.1311,0,0.0,0.0776,2,0.3223,0.336,81.56,88.63,0.75,0.1852,86.95,86.52
73,1,CA1-RSC,60.5,0.2793,0.556,1.5,8000,0.1451,1,0.0106,0.0309,0,0.2385,0.3267,67.58,72.98,0.4,0.1429,84.99,80.3
73,1,CA1-RSC,75.5,0.3498,0.7498,16.5,6000,0.0605,0,0.0,0.0595,9,0.1494,0.3157,86.04,88.63,0.4,0.2308,77.72,88.1
73,1,CA1-RSC,90.5,0.4202,0.75,31.5,6000,0.0726,0,0.0,-0.0206,1,0.1435,0.3148,81.84,82.61,0.2727,0.2308,82.18,86.44
73,1,CA1-RSC,105.5,0.4906,0.6683,46.5,6000,0.0964,0,0.0,-0.0148,0,0.1088,0.3207,89.81,70.38,0.4,0.3333,86.3,79.64
73,1,CA1-RSC,120.5,0.561,0.6864,61.5,6000,0.0734,0,0.0,0.0191,0,0.1763,0.3517,86.77,65.84,0.2727,0.3913,86.4,86.39
73,1,CA1-RSC,135.5,0.6315,0.7301,76.5,6000,0.074,0,0.0,0.003,-10,0.1024,0.3546,87.15,83.49,0.1667,0.28,78.38,70.38
73,1,CA1-RSC,150.5,0.7019,0.545,91.5,6000,0.0931,0,0.0,0.0026,-4,0.0886,0.4254,78.4,86.73,0.2727,0.28,71.77,84.65
73,1,CA1-RSC,165.5,0.7723,0.2204,106.5,8000,0.0526,0,0.0,-0.0128,0,0.1354,0.4005,87.27,87.34,0.4,0.3333,83.94,85.81
73,1,CA1-RSC,180.5,0.8427,0.0734,121.5,6000,0.0403,0,0.0,0.0329,3,0.1204,0.3316,84.61,72.8,0.1667,0.4545,76.89,83.4
73,1,CA1-RSC,195.5,0.9131,0.254,136.5,6000,0.0398,0,0.0,0.0034,0,0.1354,0.3322,78.46,79.5,0.4,0.3913,84.0,80.63
73,1,CA1-DG,15.5,0.0681,0.1027,-43.5,10000,0.4051,2,0.1081,0.0181,0,0.519,0.3729,nan,nan,,,77.89,80.87
73,1,CA1-DG,30.5,0.1385,0.1589,-28.5,8000,0.2406,1,0.0298,0.0619,0,0.3207,0.249,82.14,73.91,0.75,0.3333,79.17,80.69
73,1,CA1-DG,45.5,0.2089,0.2982,-13.5,8000,0.2483,1,0.0318,-0.1238,-4,0.3292,0.1974,87.92,71.48,0.75,0.4545,67.39,81.33
73,1,CA1-DG,60.5,0.2793,0.556,1.5,8000,0.2467,1,0.0314,-0.0131,0,0.241,0.107,65.82,64.94,0.4,0.6,65.32,74.72
73,1,CA1-DG,75.5,0.3498,0.7498,16.5,6000,0.1608,0,0.0,0.0245,0,0.1493,0.156,84.94,86.52,0.4,0.0667,81.85,79.68
73,1,CA1-DG,90.5,0.4202,0.75,31.5,6000,0.1547,0,0.0,-0.0066,0,0.1434,0.1495,82.25,84.54,0.2727,0.3333,79.18,70.91
73,1,CA1-DG,105.5,0.4906,0.6683,46.5,6000,0.1515,0,0.0,-0.0208,0,0.1083,0.1401,87.77,84.21,0.4,0.4545,87.28,86.04
73,1,CA1-DG,120.5,0.561,0.6864,61.5,6000,0.1439,0,0.0,-0.0142,0,0.1762,0.118,57.18,87.26,0.2727,0.3333,83.01,82.86
73,1,CA1-DG,135.5,0.6315,0.7301,76.5,6000,0.2436,1,0.0306,-0.0078,0,0.1019,0.1129,81.77,81.36,0.1667,0.2308,83.8,87.88
73,1,CA1-DG,150.5,0.7019,0.545,91.5,6000,0.1801,1,0.0165,-0.0106,0,0.0884,0.1027,82.42,88.79,0.1667,0.3333,72.64,80.23
73,1,CA1-DG,165.5,0.7723,0.2204,106.5,8000,0.1673,2,0.0258,0.0014,0,0.1369,0.0838,80.77,86.14,0.4,0.3333,77.81,66.23
73,1,CA1-DG,180.5,0.8427,0.0734,121.5,6000,0.2166,1,0.024,-0.0124,0,0.1206,0.1403,84.8,84.0,0.1667,0.4545,87.2,63.08
73,1,CA1-DG,195.5,0.9131,0.254,136.5,6000,0.2164,1,0.024,-0.014,0,0.1358,0.1161,61.08,77.29,0.4,0.4545,81.76,81.15
73,1,CA1-V1,15.5,0.0681,0.1027,-43.5,10000,0.6655,1,0.2925,-0.0267,0,0.5322,0.402,nan,nan,,,86.9,72.63
73,1,CA1-V1,30.5,0.1385,0.1589,-28.5,8000,0.0093,0,0.0,-0.0131,-10,0.3381,0.2288,77.3,76.48,0.75,0.6667,88.81,89.41
73,1,CA1-V1,45.5,0.2089,0.2982,-13.5,8000,0.1663,1,0.014,-0.0054,0,0.3235,0.1381,83.41,61.84,0.75,0.6667,74.43,87.41
73,1,CA1-V1,60.5,0.2793,0.556,1.5,8000,0.1255,1,0.0079,-0.0276,0,0.223,0.1248,77.02,73.33,0.4,0.4286,89.87,87.07
73,1,CA1-V1,75.5,0.3498,0.7498,16.5,6000,0.1087,0,0.0,0.0194,0,0.1471,0.1687,83.9,74.38,0.4,0.4286,81.43,77.68
73,1,CA1-V1,90.5,0.4202,0.75,31.5,6000,0.1117,0,0.0,-0.0144,0,0.1275,0.1418,89.39,59.38,0.2727,0.1111,84.21,87.89
73,1,CA1-V1,105.5,0.4906,0.6683,46.5,6000,0.0511,0,0.0,-0.0384,-10,0.1107,0.1387,79.98,79.05,0.2727,0.6667,87.83,86.66
73,1,CA1-V1,120.5,0.561,0.6864,61.5,6000,0.0137,0,0.0,-0.0578,-9,0.1706,0.1513,88.97,83.29,0.4,0.25,82.13,83.55
73,1,CA1-V1,135.5,0.6315,0.7301,76.5,6000,0.0185,0,0.0,-0.0135,4,0.1104,0.1532,89.76,83.8,0.2727,0.25,82.19,85.56
73,1,CA1-V1,150.5,0.7019,0.545,91.5,6000,0.0495,0,0.0,-0.0359,-7,0.0848,0.1413,81.07,81.06,0.0769,0.25,89.15,87.44
73,1,CA1-V1,165.5,0.7723,0.2204,106.5,8000,0.0451,0,0.0,0.0311,5,0.1599,0.137,89.42,89.61,0.1667,0.6667,84.78,81.14
73,1,CA1-V1,180.5,0.8427,0.0734,121.5,6000,0.0631,0,0.0,-0.0026,0,0.1329,0.2262,81.0,79.77,0.2727,0.4286,80.76,82.0
73,1,CA1-V1,195.5,0.9131,0.254,136.5,6000,0.0617,0,0.0,-0.035,-2,0.1439,0.2328,79.03,72.66,0.4,0.25,88.29,87.74
73,1,CA1-SUB,15.5,0.0681,0.1027,-43.5,10000,0.2754,2,0.0522,0.014,0,0.5378,0.1529,nan,nan,,,65.12,57.43
73,1,CA1-SUB,30.5,0.1385,0.1589,-28.5,8000,0.1537,1,0.012,-0.0156,0,0.3205,0.0976,75.43,89.89,0.75,0.5556,76.25,84.47
73,1,CA1-SUB,45.5,0.2089,0.2982,-13.5,8000,0.0834,0,0.0,-0.0139,0,0.3292,0.0532,89.06,81.57,0.75,0.4,86.9,82.26
73,1,CA1-SUB,60.5,0.2793,0.556,1.5,8000,0.1581,2,0.0241,-0.003,0,0.2414,0.0535,57.08,70.26,0.4,0.4,84.02,86.76
73,1,CA1-SUB,75.5,0.3498,0.7498,16.5,6000,0.171,1,0.0148,0.0201,0,0.1496,0.0635,87.71,85.41,0.4,0.2727,85.19,85.87
73,1,CA1-SUB,90.5,0.4202,0.75,31.5,6000,0.1731,1,0.0152,-0.0002,0,0.1434,0.0442,71.84,74.49,0.2727,0.5556,86.75,79.16
73,1,CA1-SUB,105.5,0.4906,0.6683,46.5,6000,0.1576,1,0.0126,0.0015,0,0.1083,0.053,74.91,77.84,0.4,0.4,85.12,85.02
73,1,CA1-SUB,120.5,0.561,0.6864,61.5,6000,0.1428,0,0.0,-0.0207,0,0.1762,0.043,88.66,81.47,0.2727,0.2727,79.23,82.47
73,1,CA1-SUB,135.5,0.6315,0.7301,76.5,6000,0.1618,1,0.0133,0.0311,0,0.102,0.0503,76.82,68.14,0.1667,0.4,88.46,82.28
73,1,CA1-SUB,150.5,0.7019,0.545,91.5,6000,0.1532,1,0.0119,0.0124,0,0.0885,0.0511,79.67,79.29,0.2727,0.4,89.8,73.1
73,1,CA1-SUB,165.5,0.7723,0.2204,106.5,8000,0.1476,1,0.011,0.0034,0,0.1367,0.0565,61.54,73.91,0.4,0.2727,65.59,79.48
73,1,CA1-SUB,180.5,0.8427,0.0734,121.5,6000,0.1195,0,0.0,0.0127,0,0.1205,0.0763,77.5,75.96,0.1667,0.4,85.86,85.8
73,1,CA1-SUB,195.5,0.9131,0.254,136.5,6000,0.1223,0,0.0,0.0104,0,0.1358,0.0727,79.6,77.33,0.4,0.75,84.74,79.23
73,1,RSC-SUB,15.5,0.0681,0.1027,-43.5,10000,0.2202,2,0.0358,-0.014,0,0.4123,0.1486,nan,nan,,,68.62,76.03
73,1,RSC-SUB,30.5,0.1385,0.1589,-28.5,8000,0.2096,2,0.0365,-0.0237,0,0.4017,0.0985,69.53,53.02,0.1852,0.5556,73.69,67.94
73,1,RSC-SUB,45.5,0.2089,0.2982,-13.5,8000,0.1639,1,0.0136,0.0183,0,0.3375,0.0511,54.68,53.32,0.3913,0.4,80.02,80.83
73,1,RSC-SUB,60.5,0.2793,0.556,1.5,8000,0.1511,2,0.0238,-0.0019,0,0.3241,0.051,63.01,83.99,0.3333,0.4,85.44,87.25
73,1,RSC-SUB,75.5,0.3498,0.7498,16.5,6000,0.1645,0,0.0,0.0099,0,0.3101,0.0604,62.05,77.97,0.2308,0.2727,71.54,89.05
73,1,RSC-SUB,90.5,0.4202,0.75,31.5,6000,0.1126,0,0.0,-0.001,0,0.3163,0.0378,70.37,70.46,0.1034,0.5556,86.27,83.68
73,1,RSC-SUB,105.5,0.4906,0.6683,46.5,6000,0.129,0,0.0,0.0026,0,0.3255,0.0454,71.42,56.29,0.3333,0.2727,85.83,76.47
73,1,RSC-SUB,120.5,0.561,0.6864,61.5,6000,0.1048,0,0.0,-0.0215,0,0.3495,0.0414,65.98,57.61,0.28,0.4,83.88,81.44
73,1,RSC-SUB,135.5,0.6315,0.7301,76.5,6000,0.1099,0,0.0,-0.0066,0,0.3559,0.051,75.98,58.74,0.2308,0.4,81.52,87.23
73,1,RSC-SUB,150.5,0.7019,0.545,91.5,6000,0.0438,0,0.0,-0.0166,-5,0.427,0.0455,83.06,79.29,0.28,0.4,88.02,86.44
73,1,RSC-SUB,165.5,0.7723,0.2204,106.5,8000,0.0986,0,0.0,-0.0213,0,0.4,0.052,81.14,75.33,0.3913,0.2727,67.59,76.27
73,1,RSC-SUB,180.5,0.8427,0.0734,121.5,6000,0.1084,0,0.0,-0.0099,0,0.3442,0.0763,74.28,85.71,0.3913,0.4,83.85,82.36
73,1,RSC-SUB,195.5,0.9131,0.254,136.5,6000,0.1339,0,0.0,-0.0513,0,0.3297,0.0696,74.0,86.94,0.3333,0.5556,88.76,78.13
73,1,V1-RSC,15.5,0.0681,0.1027,-43.5,10000,0.1801,2,0.0246,0.0492,2,0.432,0.4212,nan,nan,,,89.01,83.45
73,1,V1-RSC,30.5,0.1385,0.1589,-28.5,8000,0.1877,2,0.0312,0.0294,0,0.2295,0.3932,83.76,82.03,0.6667,0.1852,57.86,87.63
73,1,V1-RSC,45.5,0.2089,0.2982,-13.5,8000,0.2286,2,0.0468,0.0223,3,0.139,0.342,84.82,85.11,0.6667,0.2308,63.67,72.84
73,1,V1-RSC,60.5,0.2793,0.556,1.5,8000,0.27,2,0.0529,0.0213,0,0.1258,0.325,62.4,58.3,0.4286,0.3913,89.2,65.37
73,1,V1-RSC,75.5,0.3498,0.7498,16.5,6000,0.2828,1,0.0417,-0.0031,0,0.8181,0.3093,67.01,82.71,0.6667,0.3333,62.91,88.85
73,1,V1-RSC,90.5,0.4202,0.75,31.5,6000,0.2539,2,0.0533,0.0272,0,0.1416,0.3124,88.9,87.23,0.25,0.2308,71.58,81.32
73,1,V1-RSC,105.5,0.4906,0.6683,46.5,6000,0.242,1,0.0302,0.0274,0,0.1392,0.3156,51.67,48.21,0.6667,0.28,58.06,63.03
73,1,V1-RSC,120.5,0.561,0.6864,61.5,6000,0.2274,3,0.0609,0.0555,2,0.8234,0.3507,85.7,68.18,0.4286,0.1852,48.03,72.87
73,1,V1-RSC,135.5,0.6315,0.7301,76.5,6000,0.1949,0,0.0,0.0684,2,0.154,0.3613,85.31,78.66,0.4286,0.2308,49.06,51.06
73,1,V1-RSC,150.5,0.7019,0.545,91.5,6000,0.2424,1,0.0303,0.0593,1,0.1417,0.4391,78.64,73.02,0.4286,0.3333,85.83,89.36
73,1,V1-RSC,165.5,0.7723,0.2204,106.5,8000,0.1876,2,0.0313,0.0381,0,0.1354,0.406,66.6,74.1,0.6667,0.2308,77.86,61.76
73,1,V1-RSC,180.5,0.8427,0.0734,121.5,6000,0.1756,2,0.0318,0.0754,3,0.2256,0.3291,59.54,62.84,0.4286,0.28,71.57,77.03
73,1,V1-RSC,195.5,0.9131,0.254,136.5,6000,0.1395,0,0.0,0.0773,2,0.2176,0.3192,46.56,76.52,0.25,0.2308,83.37,77.29
75,1,CA1-RSC,15.5,0.1408,0.2429,-15.5,6000,0.1304,0,0.0,0.0254,0,0.325,0.5441,nan,nan,,,83.87,89.08
75,1,CA1-RSC,30.5,0.2864,0.4837,-0.5,6000,0.1605,0,0.0,-0.0493,-6,0.2424,0.493,83.51,84.98,0.75,0.3243,84.58,83.7
75,1,CA1-RSC,45.5,0.432,0.5893,14.5,6000,0.1707,0,0.0,0.0376,0,0.1778,0.4189,80.97,88.71,0.5556,0.2405,88.04,88.37
75,1,CA1-RSC,60.5,0.5777,0.6133,29.5,6000,0.1302,0,0.0,0.018,0,0.1002,0.4471,84.48,89.58,0.4,0.1951,89.64,86.71
75,1,CA1-RSC,75.5,0.7233,0.7076,44.5,6000,0.1811,1,0.0167,0.0131,0,0.1938,0.4986,64.64,85.51,0.2727,0.1807,82.56,86.44
75,1,CA1-RSC,90.0,0.8641,0.5525,59.0,6000,0.1916,2,0.0459,0.0529,5,0.1601,0.4801,68.08,69.06,0.2727,0.3243,68.67,73.28
75,1,CA1-DG,15.5,0.1408,0.2429,-15.5,6000,0.3261,1,0.0562,-0.1282,-2,0.324,0.4443,nan,nan,,,87.19,80.41
75,1,CA1-DG,30.5,0.2864,0.4837,-0.5,6000,0.1865,2,0.0653,0.0708,0,0.2413,0.4854,88.37,89.42,0.75,0.1852,79.4,88.83
75,1,CA1-DG,45.5,0.432,0.5893,14.5,6000,0.2276,1,0.0266,-0.019,0,0.1768,0.4778,83.22,86.17,0.5556,0.3333,84.42,89.9
75,1,CA1-DG,60.5,0.5777,0.6133,29.5,6000,0.2384,1,0.0293,-0.0136,0,0.1016,0.4262,88.34,76.98,0.4,0.2308,87.33,89.35
75,1,CA1-DG,75.5,0.7233,0.7076,44.5,6000,0.2662,1,0.0367,0.0586,0,0.1916,0.4983,80.86,89.19,0.2727,0.28,87.84,84.86
75,1,CA1-DG,90.0,0.8641,0.5525,59.0,6000,0.2208,1,0.025,0.0792,8,0.1592,0.4158,80.65,89.76,0.2727,0.28,80.8,77.71
75,1,CA1-V1,15.5,0.1408,0.2429,-15.5,6000,0.0938,0,0.0,-0.0145,-9,0.3227,0.2443,nan,nan,,,87.11,89.72
75,1,CA1-V1,30.5,0.2864,0.4837,-0.5,6000,0.1191,0,0.0,0.047,0,0.2434,0.2045,84.44,73.84,0.75,0.3913,84.02,88.71
75,1,CA1-V1,45.5,0.432,0.5893,14.5,6000,0.0645,0,0.0,0.0177,0,0.1766,0.2353,88.45,89.36,0.5556,0.5238,85.64,86.84
75,1,CA1-V1,60.5,0.5777,0.6133,29.5,6000,0.0768,0,0.0,0.0212,-2,0.1,0.2246,81.44,85.29,0.2727,0.28,74.84,85.24
75,1,CA1-V1,75.5,0.7233,0.7076,44.5,6000,0.0622,0,0.0,0.0017,0,0.1915,0.2355,88.15,86.19,0.2727,0.2308,86.61,82.01
75,1,CA1-V1,90.0,0.8641,0.5525,59.0,6000,0.1344,0,0.0,-0.0126,0,0.159,0.2506,89.1,78.0,0.2727,0.3913,83.42,88.5
75,1,CA1-SUB,15.5,0.1408,0.2429,-15.5,6000,0.17,1,0.0147,-0.0133,0,0.3229,0.1433,nan,nan,,,89.57,80.84
75,1,CA1-SUB,30.5,0.2864,0.4837,-0.5,6000,0.0922,0,0.0,-0.0164,0,0.2429,0.1531,68.61,83.18,0.75,0.1765,82.28,87.21
75,1,CA1-SUB,45.5,0.432,0.5893,14.5,6000,0.138,0,0.0,-0.0001,0,0.1764,0.1254,89.53,84.69,0.5556,0.25,72.96,68.36
75,1,CA1-SUB,60.5,0.5777,0.6133,29.5,6000,0.0417,0,0.0,0.0227,0,0.1002,0.1286,79.58,80.24,0.2727,0.3333,85.04,78.69
75,1,CA1-SUB,75.5,0.7233,0.7076,44.5,6000,0.0958,0,0.0,-0.0221,0,0.1914,0.1477,70.08,74.99,0.2727,0.25,81.77,82.94
75,1,CA1-SUB,90.0,0.8641,0.5525,59.0,6000,0.1692,1,0.0145,-0.0306,0,0.1589,0.1184,88.35,87.64,0.2727,0.1111,82.59,87.77
75,1,RSC-SUB,15.5,0.1408,0.2429,-15.5,6000,0.253,2,0.0635,-0.0043,0,0.5457,0.1168,nan,nan,,,69.85,72.8
75,1,RSC-SUB,30.5,0.2864,0.4837,-0.5,6000,0.2657,3,0.0741,-0.007,0,0.4954,0.1385,82.45,84.17,0.3425,0.25,63.95,46.58
75,1,RSC-SUB,45.5,0.432,0.5893,14.5,6000,0.3309,2,0.089,0.0031,0,0.4224,0.1162,82.16,81.83,0.2099,0.4286,81.35,87.03
75,1,RSC-SUB,60.5,0.5777,0.6133,29.5,6000,0.2402,1,0.0297,0.006,0,0.444,0.1228,73.49,64.49,0.1807,0.1765,72.5,71.05
75,1,RSC-SUB,75.5,0.7233,0.7076,44.5,6000,0.242,2,0.074,0.0079,0,0.4943,0.1262,73.72,66.91,0.1667,0.3333,82.91,80.33
75,1,RSC-SUB,90.0,0.8641,0.5525,59.0,6000,0.3012,3,0.0897,0.0138,0,0.4809,0.1034,63.61,72.57,0.3067,0.25,89.32,90.0
75,1,V1-RSC,15.5,0.1408,0.2429,-15.5,6000,0.4901,3,0.2541,0.0258,0,0.2422,0.5423,nan,nan,,,41.46,51.92
75,1,V1-RSC,30.5,0.2864,0.4837,-0.5,6000,0.5201,2,0.2505,0.0061,0,0.1982,0.4904,59.12,60.07,0.3913,0.3067,55.77,55.1
75,1,V1-RSC,45.5,0.432,0.5893,14.5,6000,0.5582,4,0.418,0.0079,0,0.2167,0.4182,71.11,73.55,0.4545,0.1807,65.49,65.87
75,1,V1-RSC,60.5,0.5777,0.6133,29.5,6000,0.4687,3,0.2192,0.0118,0,0.2262,0.4443,51.67,60.47,0.3333,0.1807,47.95,57.83
75,1,V1-RSC,75.5,0.7233,0.7076,44.5,6000,0.6174,3,0.4017,0.0176,0,0.232,0.493,61.15,68.4,0.28,0.1667,39.62,42.87
75,1,V1-RSC,90.0,0.8641,0.5525,59.0,6000,0.5586,3,0.3351,0.0223,0,0.2503,0.4787,37.57,42.03,0.5238,0.2895,41.02,42.31
77,1,CA1-RSC,15.5,0.0843,0.1361,-33.5,8000,0.1389,1,0.0097,-0.0022,0,0.145,0.4401,nan,nan,,,55.51,81.12
77,1,CA1-RSC,30.5,0.1715,0.2626,-18.5,8000,0.2083,1,0.0222,0.0166,0,0.1731,0.3847,55.71,80.77,1.0,0.3256,87.74,66.53
77,1,CA1-RSC,45.5,0.2587,0.4764,-3.5,6000,0.1323,0,0.0,0.0125,3,0.1093,0.3453,80.07,86.08,1.0,0.2667,82.29,88.19
77,1,CA1-RSC,60.5,0.3459,0.6235,11.5,6000,0.0914,0,0.0,-0.0141,-1,0.0666,0.346,84.3,85.02,0.5,0.2128,77.21,77.18
77,1,CA1-RSC,75.5,0.4331,0.6712,26.5,6000,0.1287,0,0.0,0.0072,0,0.0417,0.3398,58.99,75.28,0.5,0.2527,78.04,87.34
77,1,CA1-RSC,90.5,0.5203,0.7379,41.5,6000,0.1378,0,0.0,0.0018,0,0.078,0.3318,77.51,72.65,0.2,0.3256,77.06,89.81
77,1,CA1-RSC,105.5,0.6076,0.7419,56.5,6000,0.1233,0,0.0,0.03,2,0.068,0.2979,64.85,88.45,0.2,0.2128,86.17,83.79
77,1,CA1-RSC,120.5,0.6948,0.6552,71.5,6000,0.1493,1,0.0218,0.0253,2,0.0401,0.3387,48.45,84.56,0.5,0.3412,29.88,68.79
77,1,CA1-RSC,135.5,0.782,0.5969,86.5,6000,0.1602,0,0.0,0.015,0,0.0464,0.3411,64.7,76.12,0.2,0.2667,80.22,78.99
77,1,CA1-RSC,150.5,0.8692,0.6797,101.5,6000,0.1369,0,0.0,-0.0033,2,0.0792,0.3392,53.18,68.34,0.5,0.2955,63.86,76.1
77,1,CA1-RSC,162.0,0.936,0.8325,113.0,6000,0.0786,0,0.0,0.0011,1,0.0813,0.3698,69.27,81.71,0.2,0.3735,69.71,83.84
77,1,CA1-DG,15.5,0.0843,0.1361,-33.5,8000,0.0443,0,0.0,-0.075,-2,0.1582,0.6543,nan,nan,,,73.93,41.91
77,1,CA1-DG,30.5,0.1715,0.2626,-18.5,8000,0.0887,1,0.004,-0.0718,-4,0.1778,0.4192,85.95,72.08,0.5,0.3333,79.23,76.5
77,1,CA1-DG,45.5,0.2587,0.4764,-3.5,6000,0.1222,1,0.0075,0.0381,0,0.2001,0.2156,81.06,56.22,0.5,1.0,82.94,30.25
77,1,CA1-DG,60.5,0.3459,0.6235,11.5,6000,0.1206,1,0.0073,-0.0364,0,0.202,0.1785,86.84,33.65,0.2,0.3333,82.31,35.18
77,1,CA1-DG,75.5,0.4331,0.6712,26.5,6000,0.0488,0,0.0,-0.0364,-1,0.1372,0.3366,82.4,80.67,0.2,1.0,69.88,46.83
77,1,CA1-DG,90.5,0.5203,0.7379,41.5,6000,0.0972,1,0.0047,0.0251,1,0.1068,0.0425,87.5,72.53,0.0,0.3333,72.43,25.11
77,1,CA1-DG,105.5,0.6076,0.7419,56.5,6000,0.0484,0,0.0,-0.0485,-2,0.191,0.1882,68.14,68.43,0.2,0.3333,87.12,89.97
77,1,CA1-DG,120.5,0.6948,0.6552,71.5,6000,0.0579,0,0.0,0.0025,-2,0.1006,0.124,89.62,87.33,0.5,0.3333,69.48,59.4
77,1,CA1-DG,135.5,0.782,0.5969,86.5,6000,0.0886,1,0.0039,0.0093,0,0.1306,0.2016,79.07,77.77,0.2,0.3333,82.57,61.85
77,1,CA1-DG,150.5,0.8692,0.6797,101.5,6000,0.0777,0,0.0,0.002,-4,0.2135,0.1911,72.68,84.19,0.2,1.0,89.57,64.16
77,1,CA1-DG,162.0,0.936,0.8325,113.0,6000,0.0294,0,0.0,-0.0159,1,0.1588,0.2336,84.92,82.58,0.5,1.0,74.11,60.92
77,1,CA1-V1,15.5,0.0843,0.1361,-33.5,8000,0.0334,0,0.0,0.0068,0,0.1493,0.158,nan,nan,,,88.87,80.22
77,1,CA1-V1,30.5,0.1715,0.2626,-18.5,8000,-0.0099,0,0.0,0.0004,-8,0.1811,0.1394,76.44,75.71,0.5,0.5,73.93,85.69
77,1,CA1-V1,45.5,0.2587,0.4764,-3.5,6000,0.0415,0,0.0,-0.0283,-1,0.109,0.0699,87.53,80.15,1.0,1.0,74.87,85.92
77,1,CA1-V1,60.5,0.3459,0.6235,11.5,6000,0.0715,0,0.0,0.0679,0,0.0657,0.1227,75.76,84.86,0.5,0.2,85.99,88.64
77,1,CA1-V1,75.5,0.4331,0.6712,26.5,6000,0.0633,0,0.0,-0.0143,0,0.0407,0.0672,71.65,87.11,0.5,0.2,68.48,75.82
77,1,CA1-V1,90.5,0.5203,0.7379,41.5,6000,0.0874,0,0.0,0.0415,0,0.077,0.0487,76.1,81.56,0.5,0.2,72.25,84.66
77,1,CA1-V1,105.5,0.6076,0.7419,56.5,6000,0.1066,1,0.0057,0.008,0,0.0681,0.0785,72.17,81.11,0.2,0.0,76.02,69.38
77,1,CA1-V1,120.5,0.6948,0.6552,71.5,6000,0.1208,1,0.0073,-0.0546,0,0.04,0.09,84.89,68.56,0.5,0.5,73.35,89.68
77,1,CA1-V1,135.5,0.782,0.5969,86.5,6000,0.0341,0,0.0,-0.0288,-3,0.0463,0.0643,67.34,83.17,0.5,0.5,58.91,88.9
77,1,CA1-V1,150.5,0.8692,0.6797,101.5,6000,0.1029,1,0.0053,0.0136,0,0.0801,0.111,72.42,77.41,0.5,0.5,64.15,70.03
77,1,CA1-V1,162.0,0.936,0.8325,113.0,6000,0.0916,1,0.0042,-0.0299,0,0.0827,0.1187,81.8,68.9,0.2,1.0,75.71,81.31
77,1,CA1-SUB,15.5,0.0843,0.1361,-33.5,8000,0.0275,0,0.0,0.035,1,0.1965,0.2721,nan,nan,,,88.89,78.76
77,1,CA1-SUB,30.5,0.1715,0.2626,-18.5,8000,0.0037,0,0.0,-0.035,-1,0.2221,0.0911,77.82,77.92,0.5,0.3333,87.89,79.51
77,1,CA1-SUB,45.5,0.2587,0.4764,-3.5,6000,0.0197,0,0.0,0.1092,4,0.1639,0.1516,83.21,74.16,0.5,1.0,71.52,69.83
77,1,CA1-SUB,60.5,0.3459,0.6235,11.5,6000,0.0267,0,0.0,0.0619,3,0.1142,0.093,81.6,70.89,0.2,1.0,83.58,57.01
77,1,CA1-SUB,75.5,0.4331,0.6712,26.5,6000,0.0155,0,0.0,-0.0443,-9,0.098,0.1406,72.9,56.81,0.5,1.0,80.29,71.05
77,1,CA1-SUB,90.5,0.5203,0.7379,41.5,6000,0.042,0,0.0,-0.073,-4,0.1602,0.0612,68.83,79.84,0.0,0.3333,81.78,61.18
77,1,CA1-SUB,105.5,0.6076,0.7419,56.5,6000,0.0171,0,0.0,-0.0074,-6,0.0935,0.0445,71.26,72.06,0.2,0.3333,73.5,79.72
77,1,CA1-SUB,120.5,0.6948,0.6552,71.5,6000,0.0057,0,0.0,0.0118,-2,0.1235,0.0796,88.59,65.58,0.5,0.3333,73.42,87.37
77,1,CA1-SUB,135.5,0.782,0.5969,86.5,6000,-0.0158,0,0.0,0.039,5,0.1663,0.1706,83.94,75.77,0.2,0.3333,79.38,80.54
77,1,CA1-SUB,150.5,0.8692,0.6797,101.5,6000,0.0169,0,0.0,0.012,0,0.1429,0.1214,70.75,66.8,0.2,1.0,85.68,83.2
77,1,CA1-SUB,162.0,0.936,0.8325,113.0,6000,0.0271,0,0.0,0.0002,-1,0.1796,0.343,79.08,89.05,0.5,1.0,66.29,68.98
77,1,RSC-SUB,15.5,0.0843,0.1361,-33.5,8000,0.1014,1,0.0099,0.0065,0,0.4582,0.2692,nan,nan,,,80.42,32.95
77,1,RSC-SUB,30.5,0.1715,0.2626,-18.5,8000,0.0549,0,0.0,-0.0114,-1,0.3853,0.094,75.61,61.82,0.3412,0.3333,88.33,84.5
77,1,RSC-SUB,45.5,0.2587,0.4764,-3.5,6000,0.1998,1,0.0204,0.082,2,0.374,0.1566,82.42,42.23,0.2527,1.0,75.48,82.51
77,1,RSC-SUB,60.5,0.3459,0.6235,11.5,6000,0.1118,2,0.045,0.1096,4,0.3808,0.0942,64.62,26.26,0.2667,1.0,83.84,88.64
77,1,RSC-SUB,75.5,0.4331,0.6712,26.5,6000,0.1235,0,0.0,0.0994,2,0.3365,0.1444,81.25,74.62,0.2391,1.0,81.33,75.52
77,1,RSC-SUB,90.5,0.5203,0.7379,41.5,6000,0.101,0,0.0,-0.0021,0,0.3301,0.0634,88.52,89.47,0.2809,0.3333,89.6,86.66
77,1,RSC-SUB,105.5,0.6076,0.7419,56.5,6000,0.07,0,0.0,0.0049,0,0.3243,0.047,85.58,48.52,0.2527,0.3333,89.52,85.99
77,1,RSC-SUB,120.5,0.6948,0.6552,71.5,6000,0.0882,0,0.0,-0.1069,-7,0.3723,0.0785,75.15,44.06,0.2955,0.3333,79.89,85.46
77,1,RSC-SUB,135.5,0.782,0.5969,86.5,6000,0.0529,0,0.0,-0.0169,-2,0.3466,0.1696,77.95,56.86,0.2809,0.3333,86.32,89.32
77,1,RSC-SUB,150.5,0.8692,0.6797,101.5,6000,0.0228,0,0.0,0.0439,4,0.3471,0.1231,88.4,74.22,0.3103,1.0,89.03,73.95
77,1,RSC-SUB,162.0,0.936,0.8325,113.0,6000,0.2599,1,0.035,-0.0075,0,0.4064,0.9688,88.76,44.66,0.3103,0.3333,88.17,77.1
77,1,V1-RSC,15.5,0.0843,0.1361,-33.5,8000,0.3165,2,0.0966,0.0218,0,0.1429,0.4401,nan,nan,,,40.26,52.7
77,1,V1-RSC,30.5,0.1715,0.2626,-18.5,8000,0.4329,2,0.1955,0.0062,0,0.1112,0.3938,25.99,59.81,1.0,0.2667,35.08,58.28
77,1,V1-RSC,45.5,0.2587,0.4764,-3.5,6000,0.4063,2,0.1476,0.0255,0,0.0871,0.3471,41.97,67.52,1.0,0.3103,74.75,78.85
77,1,V1-RSC,60.5,0.3459,0.6235,11.5,6000,0.4172,2,0.1405,0.0482,0,0.0849,0.3288,48.46,64.03,0.5,0.2667,33.86,56.19
77,1,V1-RSC,75.5,0.4331,0.6712,26.5,6000,0.3408,2,0.1055,0.046,8,0.03,0.3121,33.02,66.42,0.0,0.2391,51.12,71.06
77,1,V1-RSC,90.5,0.5203,0.7379,41.5,6000,0.379,2,0.1308,0.0451,10,0.0649,0.3254,50.61,59.99,0.2,0.3256,37.5,67.25
77,1,V1-RSC,105.5,0.6076,0.7419,56.5,6000,0.3036,2,0.0758,0.0151,9,0.0451,0.2806,40.39,55.77,0.5,0.2258,77.44,84.15
77,1,V1-RSC,120.5,0.6948,0.6552,71.5,6000,0.3579,2,0.1107,0.0159,0,0.0393,0.3391,31.96,58.47,0.0,0.3256,65.62,75.87
77,1,V1-RSC,135.5,0.782,0.5969,86.5,6000,0.3162,3,0.163,0.0117,0,0.0468,0.3217,38.02,58.72,0.2,0.3256,28.14,58.14
77,1,V1-RSC,150.5,0.8692,0.6797,101.5,6000,0.4358,2,0.1413,0.0103,0,0.0672,0.3246,59.09,62.52,0.2,0.3103,36.66,68.35
77,1,V1-RSC,162.0,0.936,0.8325,113.0,6000,0.2854,1,0.0425,0.0379,9,0.0913,0.3743,37.03,60.63,0.5,0.3256,85.54,83.95
98,0,CA1-RSC,15.5,0.1495,0.1906,,10000,0.1454,0,0.0,0.0971,2,0.3402,0.2062,nan,nan,,,78.0,67.57
98,0,CA1-RSC,30.5,0.3041,0.2025,,8000,0.2355,1,0.0285,0.0413,1,0.221,0.1929,89.07,77.89,1.0,0.2,81.4,87.51
98,0,CA1-RSC,45.5,0.4588,0.1855,,8000,0.2254,1,0.0261,0.0237,1,0.2285,0.1442,56.62,67.05,0.7143,0.2857,82.34,74.71
98,0,CA1-RSC,60.5,0.6134,0.1626,,6000,0.1881,0,0.0,0.0168,1,0.1312,0.1489,70.26,71.97,0.2,0.2857,85.55,82.16
98,0,CA1-RSC,75.5,0.768,0.169,,6000,0.1266,0,0.0,-0.014,-10,0.1321,0.1798,75.12,82.93,0.3333,0.2,86.97,86.0
98,0,CA1-RSC,87.0,0.8866,0.2011,,6000,0.1628,0,0.0,0.039,1,0.1089,0.2179,70.76,83.54,0.3333,0.3846,68.05,85.89
98,0,CA1-CA3,15.5,0.1495,0.1906,,10000,0.5304,3,0.2375,-0.0161,0,0.2982,0.1657,nan,nan,,,67.59,64.63
98,0,CA1-CA3,30.5,0.3041,0.2025,,8000,0.5322,3,0.2302,0.0211,0,0.336,0.0231,31.07,16.63,0.3333,0.3333,43.76,68.84
98,0,CA1-CA3,45.5,0.4588,0.1855,,8000,0.5295,3,0.218,0.0243,0,0.3771,0.2152,30.75,22.88,0.2,1.0,68.28,25.65
98,0,CA1-CA3,60.5,0.6134,0.1626,,6000,0.5643,3,0.2394,0.0157,0,0.3521,0.0587,47.61,15.83,0.3333,0.3333,51.23,78.97
98,0,CA1-CA3,75.5,0.768,0.169,,6000,0.5939,2,0.2546,0.0007,0,0.294,0.0875,47.54,15.58,0.2,1.0,60.72,66.74
98,0,CA1-CA3,87.0,0.8866,0.2011,,6000,0.5805,3,0.2644,0.0012,0,0.3664,0.945,48.02,87.87,0.3333,0.3333,26.74,17.04
100,0,CA1-RSC,15.5,0.0853,0.0892,,6000,0.1141,0,0.0,0.0002,0,0.3299,0.385,nan,nan,,,89.03,74.96
100,0,CA1-RSC,30.5,0.1735,0.111,,6000,0.0181,0,0.0,-0.0011,-2,0.3389,0.3483,86.25,88.62,0.3333,0.2903,87.2,89.49
100,0,CA1-RSC,45.5,0.2618,0.1405,,6000,0.0269,0,0.0,0.0272,3,0.3141,0.3024,89.86,85.66,0.2857,0.2903,83.09,87.06
100,0,CA1-RSC,60.5,0.35,0.1413,,6000,0.0666,0,0.0,0.0131,0,0.2799,0.3119,84.78,85.72,0.3846,0.25,81.91,79.52
100,0,CA1-RSC,75.5,0.4382,0.1613,,6000,0.0678,0,0.0,-0.0014,0,0.2822,0.2838,89.56,85.56,0.3333,0.1765,88.31,89.82
100,0,CA1-RSC,90.5,0.5265,0.1763,,6000,0.058,0,0.0,0.0359,0,0.293,0.3101,88.01,85.87,0.2,0.2121,85.68,86.3
100,0,CA1-RSC,105.5,0.6147,0.1754,,6000,0.0944,0,0.0,0.0027,0,0.2937,0.3298,87.43,89.37,0.3333,0.3333,88.21,85.79
100,0,CA1-RSC,120.5,0.7029,0.1451,,6000,0.0763,0,0.0,0.0071,0,0.2639,0.2942,82.67,89.17,0.2,0.2121,88.91,87.94
100,0,CA1-RSC,135.5,0.7912,0.0937,,6000,0.0562,0,0.0,0.0139,0,0.3027,0.3318,81.77,86.99,0.3846,0.25,87.28,88.72
100,0,CA1-RSC,150.5,0.8794,0.0606,,6000,0.0271,0,0.0,0.0089,0,0.3013,0.3139,77.03,86.08,0.2414,0.25,84.49,87.6
100,0,CA1-RSC,161.0,0.9412,0.0345,,6000,0.0269,0,0.0,-0.037,-8,0.2845,0.3478,89.87,83.11,0.44,0.2903,89.45,87.48
100,0,CA1-DG,15.5,0.0853,0.0892,,6000,0.5531,2,0.2237,-0.043,0,0.328,0.4206,nan,nan,,,87.59,75.63
100,0,CA1-DG,30.5,0.1735,0.111,,6000,0.4821,2,0.1699,-0.0295,0,0.3324,0.4055,59.04,49.21,0.3333,0.2821,64.0,76.28
100,0,CA1-DG,45.5,0.2618,0.1405,,6000,0.483,2,0.1817,-0.0437,0,0.313,0.3773,55.81,60.84,0.2857,0.25,65.89,72.4
100,0,CA1-DG,60.5,0.35,0.1413,,6000,0.4848,2,0.1753,-0.0442,0,0.2734,0.3362,73.63,77.94,0.5,0.2821,89.97,82.66
100,0,CA1-DG,75.5,0.4382,0.1613,,6000,0.4942,2,0.1914,-0.0588,0,0.2733,0.3853,72.35,65.41,0.3846,0.2821,80.24,88.24
100,0,CA1-DG,90.5,0.5265,0.1763,,6000,0.5072,2,0.1863,-0.046,0,0.2901,0.3935,86.67,75.05,0.2,0.3158,83.19,80.33
100,0,CA1-DG,105.5,0.6147,0.1754,,6000,0.4866,2,0.1717,-0.0356,0,0.2912,0.349,68.87,82.62,0.3333,0.2821,61.21,79.45
100,0,CA1-DG,120.5,0.7029,0.1451,,6000,0.4781,2,0.1699,-0.0278,0,0.2613,0.4041,59.73,54.33,0.2,0.3514,85.77,87.09
100,0,CA1-DG,135.5,0.7912,0.0937,,6000,0.468,2,0.1689,-0.0162,0,0.3004,0.359,78.45,82.49,0.3333,0.3514,75.43,89.31
100,0,CA1-DG,150.5,0.8794,0.0606,,6000,0.4974,2,0.1841,-0.0042,0,0.2963,0.4108,62.37,68.05,0.2414,0.25,81.46,88.13
100,0,CA1-DG,161.0,0.9412,0.0345,,6000,0.5133,2,0.1708,-0.0313,0,0.2791,0.3976,72.32,59.52,0.3846,0.3158,82.76,72.3
100,0,CA1-V1,15.5,0.0853,0.0892,,6000,0.2425,1,0.0303,-0.0299,0,0.3306,0.3331,nan,nan,,,77.86,88.86
100,0,CA1-V1,30.5,0.1735,0.111,,6000,0.2549,1,0.0336,-0.0267,0,0.3391,0.2846,68.97,72.61,0.3333,0.3226,66.79,81.16
100,0,CA1-V1,45.5,0.2618,0.1405,,6000,0.2471,1,0.0315,-0.0596,0,0.3119,0.2663,80.47,79.96,0.2857,0.4909,79.42,85.03
100,0,CA1-V1,60.5,0.35,0.1413,,6000,0.1799,0,0.0,-0.0435,0,0.2759,0.2936,89.57,83.89,0.3846,0.2424,75.11,71.83
100,0,CA1-V1,75.5,0.4382,0.1613,,6000,0.2139,1,0.0234,-0.0576,0,0.2749,0.2365,87.1,81.14,0.3846,0.2615,84.25,80.56
100,0,CA1-V1,90.5,0.5265,0.1763,,6000,0.2446,1,0.0308,-0.031,0,0.2922,0.2202,80.97,86.96,0.2414,0.3016,68.02,87.1
100,0,CA1-V1,105.5,0.6147,0.1754,,6000,0.2721,1,0.0385,-0.0406,0,0.2965,0.2274,82.0,82.19,0.2857,0.2239,74.61,87.01
100,0,CA1-V1,120.5,0.7029,0.1451,,6000,0.23,1,0.0272,-0.0409,0,0.2648,0.2227,89.99,85.84,0.2,0.3226,85.19,81.64
100,0,CA1-V1,135.5,0.7912,0.0937,,6000,0.2272,1,0.0265,-0.0326,0,0.3028,0.2641,84.96,74.57,0.3333,0.2615,78.85,79.68
100,0,CA1-V1,150.5,0.8794,0.0606,,6000,0.2405,1,0.0298,-0.0268,0,0.2986,0.2881,85.0,87.93,0.2414,0.2424,83.73,84.99
100,0,CA1-V1,161.0,0.9412,0.0345,,6000,0.2583,1,0.0345,-0.0223,0,0.2851,0.2799,71.09,76.37,0.3333,0.3443,82.73,73.54
100,0,CA1-SUB,15.5,0.0853,0.0892,,6000,0.1292,0,0.0,-0.0002,0,0.3322,0.3513,nan,nan,,,85.58,80.71
100,0,CA1-SUB,30.5,0.1735,0.111,,6000,0.0962,0,0.0,-0.0222,0,0.3368,0.3055,86.38,81.24,0.3333,0.4737,80.7,81.61
100,0,CA1-SUB,45.5,0.2618,0.1405,,6000,0.0437,0,0.0,-0.0113,0,0.3139,0.2959,89.94,88.31,0.3333,0.3333,85.91,84.02
100,0,CA1-SUB,60.5,0.35,0.1413,,6000,0.0882,0,0.0,-0.0163,0,0.2802,0.3087,79.46,72.59,0.5,0.1667,84.8,85.11
100,0,CA1-SUB,75.5,0.4382,0.1613,,6000,0.1175,0,0.0,0.0036,0,0.2819,0.2902,84.17,82.41,0.3846,0.3333,86.66,79.32
100,0,CA1-SUB,90.5,0.5265,0.1763,,6000,0.0933,0,0.0,-0.0202,0,0.292,0.2659,86.75,89.2,0.2,0.2174,83.83,86.21
100,0,CA1-SUB,105.5,0.6147,0.1754,,6000,0.1344,0,0.0,-0.0017,0,0.2937,0.2275,89.46,87.18,0.3333,0.12,89.71,88.42
100,0,CA1-SUB,120.5,0.7029,0.1451,,6000,0.0989,0,0.0,0.0001,0,0.2636,0.2591,89.2,80.81,0.2,0.4737,88.21,82.1
100,0,CA1-SUB,135.5,0.7912,0.0937,,6000,0.0697,0,0.0,-0.0019,0,0.3053,0.3066,87.35,83.27,0.3333,0.2174,86.5,75.68
100,0,CA1-SUB,150.5,0.8794,0.0606,,6000,0.1116,0,0.0,0.0138,0,0.3016,0.2893,87.19,77.51,0.2,0.2174,86.85,87.57
100,0,CA1-SUB,161.0,0.9412,0.0345,,6000,0.0426,0,0.0,-0.0096,0,0.2819,0.2996,84.49,83.54,0.3846,0.2174,76.62,82.81
100,0,RSC-SUB,15.5,0.0853,0.0892,,6000,0.2266,1,0.0264,0.0154,0,0.3821,0.3504,nan,nan,,,85.67,84.42
100,0,RSC-SUB,30.5,0.1735,0.111,,6000,0.1262,0,0.0,-0.0259,0,0.3467,0.3057,87.67,83.53,0.2903,0.4,89.96,88.58
100,0,RSC-SUB,45.5,0.2618,0.1405,,6000,0.1163,0,0.0,-0.023,0,0.3001,0.2965,85.2,87.33,0.25,0.4,79.97,89.71
100,0,RSC-SUB,60.5,0.35,0.1413,,6000,0.1049,0,0.0,0.0092,0,0.3114,0.3079,79.3,80.09,0.25,0.2174,82.6,85.9
100,0,RSC-SUB,75.5,0.4382,0.1613,,6000,0.172,1,0.015,-0.0036,0,0.2878,0.2928,88.76,78.62,0.1765,0.4,87.38,86.15
100,0,RSC-SUB,90.5,0.5265,0.1763,,6000,0.1086,0,0.0,-0.009,0,0.3054,0.2647,79.65,79.22,0.25,0.2727,84.89,89.99
100,0,RSC-SUB,105.5,0.6147,0.1754,,6000,0.077,0,0.0,0.0171,0,0.3335,0.2276,89.93,79.26,0.3333,0.12,88.21,87.55
100,0,RSC-SUB,120.5,0.7029,0.1451,,6000,0.0278,0,0.0,-0.0003,0,0.2954,0.2603,73.69,84.72,0.1765,0.4737,85.34,82.17
100,0,RSC-SUB,135.5,0.7912,0.0937,,6000,0.1096,0,0.0,0.002,0,0.3319,0.3066,80.3,89.64,0.2903,0.2174,81.23,81.75
100,0,RSC-SUB,150.5,0.8794,0.0606,,6000,0.0321,0,0.0,-0.013,0,0.3131,0.2966,87.24,84.92,0.25,0.2174,88.16,78.89
100,0,RSC-SUB,161.0,0.9412,0.0345,,6000,0.1953,1,0.0195,0.0176,0,0.3461,0.3003,88.26,81.4,0.2903,0.2727,77.53,75.26
100,0,V1-RSC,15.5,0.0853,0.0892,,6000,0.3052,4,0.2293,0.0548,0,0.327,0.3729,nan,nan,,,61.05,52.53
100,0,V1-RSC,30.5,0.1735,0.111,,6000,0.3976,3,0.1952,0.001,0,0.2857,0.3381,50.69,70.14,0.3226,0.2903,86.28,82.07
100,0,V1-RSC,45.5,0.2618,0.1405,,6000,0.4305,4,0.2486,0.0036,0,0.2643,0.293,44.2,46.87,0.4909,0.2903,75.46,77.64
100,0,V1-RSC,60.5,0.35,0.1413,,6000,0.3565,4,0.2296,0.0004,0,0.293,0.3004,75.11,76.17,0.2615,0.2121,75.2,77.25
100,0,V1-RSC,75.5,0.4382,0.1613,,6000,0.4726,4,0.27,0.0109,0,0.2389,0.2776,77.65,80.88,0.2615,0.2121,69.23,76.67
100,0,V1-RSC,90.5,0.5265,0.1763,,6000,0.398,4,0.202,0.0086,0,0.224,0.2967,45.64,44.62,0.2812,0.3333,53.92,52.55
100,0,V1-RSC,105.5,0.6147,0.1754,,6000,0.3643,3,0.1497,0.0022,0,0.231,0.3194,46.7,52.61,0.2059,0.3793,63.74,66.35
100,0,V1-RSC,120.5,0.7029,0.1451,,6000,0.2736,3,0.1178,0.0332,0,0.2213,0.2804,44.07,49.22,0.3667,0.25,62.49,56.25
100,0,V1-RSC,135.5,0.7912,0.0937,,6000,0.2359,2,0.0489,0.0521,0,0.2614,0.318,74.3,79.94,0.2615,0.25,70.47,78.6
100,0,V1-RSC,150.5,0.8794,0.0606,,6000,0.5305,4,0.2631,-0.0012,0,0.2877,0.3089,82.8,83.45,0.2615,0.25,74.68,72.08
100,0,V1-RSC,161.0,0.9412,0.0345,,6000,0.3486,2,0.0964,-0.0036,0,0.2788,0.34,65.64,70.62,0.3443,0.25,80.83,68.56
