metric,pair,matched,window_bins,mean,sem,count
ifi_cc1,CA1-CA3,0,1,-0.01841146222487898,0.05543181297430239,6
ifi_cc1,CA1-CA3,0,2,-0.08516469997021703,0.07313234005213523,6
ifi_cc1,CA1-CA3,0,3,-0.07404799683402352,0.06298059353604693,7
ifi_cc1,CA1-CA3,0,4,-0.22476525453952637,0.1382045120177989,7
ifi_cc1,CA1-CA3,0,5,-0.23918320351830982,0.1443847858932066,7
ifi_cc1,CA1-CA3,0,6,-0.24427495798649732,0.1490302695108793,7
ifi_cc1,CA1-CA3,0,7,-0.2605402084565722,0.1640474954937022,7
ifi_cc1,CA1-CA3,0,8,-0.24825717397954497,0.15268329585133394,7
ifi_cc1,CA1-CA3,0,9,-0.24766672736751824,0.16304868312930398,7
ifi_cc1,CA1-CA3,0,10,-0.1514081698603449,0.12429092110174893,7
ifi_cc1,CA1-CA3,0,11,-0.10452033971988202,0.08568122640188726,7
ifi_cc1,CA1-CA3,0,12,-0.09877434155948674,0.07466653586034441,7
ifi_cc1,CA1-CA3,0,13,-0.10765507879762344,0.07412400306082882,7
ifi_cc1,CA1-CA3,0,14,-0.10239514218410443,0.07687338648588493,7
ifi_cc1,CA1-CA3,0,15,-0.10428207207054012,0.0760250169117865,7
ifi_cc1,CA1-CA3,0,16,-0.12094279907833647,0.0763307713093791,7
ifi_cc1,CA1-CA3,0,17,-0.12372356484657687,0.07331776746786849,7
ifi_cc1,CA1-CA3,0,18,-0.11582582310533411,0.06397315471632001,7
ifi_cc1,CA1-CA3,0,19,-0.11938247357392455,0.06316371138112854,7
ifi_cc1,CA1-CA3,0,20,-0.12467395915059575,0.06559417653766249,7
ifi_cc1,CA1-CA3,0,21,-0.12738108814192833,0.0670694273624536,7
ifi_cc1,CA1-CA3,0,22,-0.1316562394445755,0.07078817047076587,7
ifi_cc1,CA1-CA3,0,23,-0.13180427987443036,0.07079179606469997,7
ifi_cc1,CA1-CA3,0,24,-0.12456698962506223,0.07286751255249237,7
ifi_cc1,CA1-CA3,0,25,-0.1068041552348827,0.0755819405956132,7
ifi_cc1,CA1-CA3,1,1,-0.033339887190878124,0.05700132373479941,6
ifi_cc1,CA1-CA3,1,2,-0.11834387241239931,0.07661511901224055,6
ifi_cc1,CA1-CA3,1,3,-0.11130720013343907,0.07112620804201573,7
ifi_cc1,CA1-CA3,1,4,-0.26713956327483,0.13759478239760903,7
ifi_cc1,CA1-CA3,1,5,-0.2832664641650225,0.14301142392208552,7
ifi_cc1,CA1-CA3,1,6,-0.28824143120876905,0.14745556149217318,7
ifi_cc1,CA1-CA3,1,7,-0.30450668167884404,0.16220059117951324,7
ifi_cc1,CA1-CA3,1,8,-0.2922236472018168,0.15103673089886643,7
ifi_cc1,CA1-CA3,1,9,-0.2916332005897901,0.16146461403514412,7
ifi_cc1,CA1-CA3,1,10,-0.20281458107133735,0.13312892909039242,7
ifi_cc1,CA1-CA3,1,11,-0.15193815969833357,0.10329995617000612,7
ifi_cc1,CA1-CA3,1,12,-0.13760076539608004,0.08757837723051934,7
ifi_cc1,CA1-CA3,1,13,-0.14114702641180635,0.08572583143519784,7
ifi_cc1,CA1-CA3,1,14,-0.13031468971846571,0.08534450593293548,7
ifi_cc1,CA1-CA3,1,15,-0.1305793916494355,0.08427564675529545,7
ifi_cc1,CA1-CA3,1,16,-0.14853484754726662,0.08437369867909901,7
ifi_cc1,CA1-CA3,1,17,-0.15609625888717663,0.08133947919083354,7
ifi_cc1,CA1-CA3,1,18,-0.14936935238474036,0.07162274603432267,7
ifi_cc1,CA1-CA3,1,19,-0.1534752763432334,0.07052449509519354,7
ifi_cc1,CA1-CA3,1,20,-0.15777882166453688,0.07205724083183224,7
ifi_cc1,CA1-CA3,1,21,-0.16069619205115745,0.0735281685351755,7
ifi_cc1,CA1-CA3,1,22,-0.1649713433538047,0.07714862691110837,7
ifi_cc1,CA1-CA3,1,23,-0.16497134335380467,0.07714862691110838,7
ifi_cc1,CA1-CA3,1,24,-0.15577346708610335,0.0794229050386841,7
ifi_cc1,CA1-CA3,1,25,-0.13729101864588708,0.08230134286783702,7
ifi_cc1,CA1-CA3,2,1,0.008937388849946113,0.05565947628501518,6
ifi_cc1,CA1-CA3,2,2,-0.11142860758899388,0.09129266889191968,6
ifi_cc1,CA1-CA3,2,3,-0.1090138295064741,0.08081960000251001,7
ifi_cc1,CA1-CA3,2,4,-0.2748005003942611,0.14867606118877663,7
ifi_cc1,CA1-CA3,2,5,-0.2879900654654808,0.1521351463097324,7
ifi_cc1,CA1-CA3,2,6,-0.28897112610159603,0.15295875101355177,7
ifi_cc1,CA1-CA3,2,7,-0.3026159126513626,0.16459268932416346,7
ifi_cc1,CA1-CA3,2,8,-0.2907651979400895,0.1544696401485933,7
ifi_cc1,CA1-CA3,2,9,-0.285767945670762,0.16153999899929994,7
ifi_cc1,CA1-CA3,2,10,-0.18182847373501027,0.13378317535842998,7
ifi_cc1,CA1-CA3,2,11,-0.1272139780817257,0.10383559004983209,7
ifi_cc1,CA1-CA3,2,12,-0.11613392895728544,0.08504506492527288,7
ifi_cc1,CA1-CA3,2,13,-0.12249674196080873,0.08293721466666619,7
ifi_cc1,CA1-CA3,2,14,-0.11249488618515202,0.08399060569043357,7
ifi_cc1,CA1-CA3,2,15,-0.11260604728607806,0.08525149607181724,7
ifi_cc1,CA1-CA3,2,16,-0.1281873770599137,0.0848379751684559,7
ifi_cc1,CA1-CA3,2,17,-0.1400769838948963,0.08127558889996775,7
ifi_cc1,CA1-CA3,2,18,-0.13811529164928252,0.07189298852090878,7
ifi_cc1,CA1-CA3,2,19,-0.1438408724379205,0.07178092280630367,7
ifi_cc1,CA1-CA3,2,20,-0.14865047249090835,0.07413204266101915,7
ifi_cc1,CA1-CA3,2,21,-0.15115108872776398,0.07528648691703778,7
ifi_cc1,CA1-CA3,2,22,-0.15439322129812932,0.07865426932323309,7
ifi_cc1,CA1-CA3,2,23,-0.1540664327729226,0.07862043446700633,7
ifi_cc1,CA1-CA3,2,24,-0.14030026010891547,0.08004042512439187,7
ifi_cc1,CA1-CA3,2,25,-0.12461260083678481,0.08243938588305107,7
ifi_cc1,CA1-DG,0,1,-0.047610607636539334,0.16174934198454222,9
ifi_cc1,CA1-DG,0,2,0.06143744352270889,0.0857938956600792,9
ifi_cc1,CA1-DG,0,3,0.09797451093107647,0.07101007342264035,10
ifi_cc1,CA1-DG,0,4,0.03072616498241652,0.11305297992314323,10
ifi_cc1,CA1-DG,0,5,0.016505219032674285,0.1200149241933814,10
ifi_cc1,CA1-DG,0,6,0.027510358820203286,0.11241572670635876,10
ifi_cc1,CA1-DG,0,7,-0.0012294548233766412,0.1332485991637387,10
ifi_cc1,CA1-DG,0,8,-0.02460118698391442,0.15371858916016054,10
ifi_cc1,CA1-DG,0,9,-0.030298354931788417,0.15570045579778996,10
ifi_cc1,CA1-DG,0,10,-0.04504905129706543,0.16341711667729422,10
ifi_cc1,CA1-DG,0,11,-0.021958886517458802,0.15516373257475788,10
ifi_cc1,CA1-DG,0,12,-0.04930447107395977,0.14160470600333486,10
ifi_cc1,CA1-DG,0,13,-0.07710930509698788,0.13217001282375904,10
ifi_cc1,CA1-DG,0,14,-0.08350222301793207,0.1302244353031209,10
ifi_cc1,CA1-DG,0,15,-0.08607059119114688,0.12956036455706377,10
ifi_cc1,CA1-DG,0,16,-0.07072754400172038,0.12397115463816435,10
ifi_cc1,CA1-DG,0,17,-0.05347533353690241,0.1211121350772743,10
ifi_cc1,CA1-DG,0,18,-0.045642607790264536,0.12234495407795139,10
ifi_cc1,CA1-DG,0,19,-0.033493840732274474,0.11422370080410842,10
ifi_cc1,CA1-DG,0,20,-0.022450995146431778,0.10705857886263506,10
ifi_cc1,CA1-DG,0,21,-0.022797778842976686,0.11014318471563937,10
ifi_cc1,CA1-DG,0,22,-0.02875859525897546,0.11676582490463117,10
ifi_cc1,CA1-DG,0,23,-0.03195369136437741,0.12024209681521436,10
ifi_cc1,CA1-DG,0,24,-0.028810765036528112,0.12286979654297439,10
ifi_cc1,CA1-DG,0,25,-0.035743770161094875,0.12883400274911633,10
ifi_cc1,CA1-DG,1,1,-0.051964574194034156,0.1875784933467769,9
ifi_cc1,CA1-DG,1,2,0.04542645568368028,0.12162328537373604,9
ifi_cc1,CA1-DG,1,3,0.1114377610777455,0.09545077387563387,10
ifi_cc1,CA1-DG,1,4,0.07092873059419166,0.10235360706536104,10
ifi_cc1,CA1-DG,1,5,0.060932372624877426,0.11026041572540954,10
ifi_cc1,CA1-DG,1,6,0.07233568272677457,0.10715433808593852,10
ifi_cc1,CA1-DG,1,7,0.04359586908319467,0.11683406220791917,10
ifi_cc1,CA1-DG,1,8,0.016876378773679895,0.13118443383516373,10
ifi_cc1,CA1-DG,1,9,0.009155188927414088,0.13601216658392704,10
ifi_cc1,CA1-DG,1,10,-0.005588893775041329,0.14635971849605656,10
ifi_cc1,CA1-DG,1,11,0.021007928530115284,0.1312749992154888,10
ifi_cc1,CA1-DG,1,12,-0.008887137154878298,0.10937361507308718,10
ifi_cc1,CA1-DG,1,13,-0.03185759051382061,0.08859572657396936,10
ifi_cc1,CA1-DG,1,14,-0.03803956256000432,0.08723645836967016,10
ifi_cc1,CA1-DG,1,15,-0.047242654692444826,0.09117641773626489,10
ifi_cc1,CA1-DG,1,16,-0.03221685868766978,0.08452346268076583,10
ifi_cc1,CA1-DG,1,17,-0.01666949606242294,0.0820635187107883,10
ifi_cc1,CA1-DG,1,18,-0.00689951288006937,0.07858507652895565,10
ifi_cc1,CA1-DG,1,19,0.02562557065748347,0.052687087898815994,10
ifi_cc1,CA1-DG,1,20,0.03763391925669063,0.04675214342815988,10
ifi_cc1,CA1-DG,1,21,0.03681838673537765,0.049078384211322684,10
ifi_cc1,CA1-DG,1,22,0.030857570319378903,0.054729710505346356,10
ifi_cc1,CA1-DG,1,23,0.027361346615341696,0.057903349587104795,10
ifi_cc1,CA1-DG,1,24,0.026737953813728992,0.059282847047266614,10
ifi_cc1,CA1-DG,1,25,0.022603000133417782,0.06134839463916601,10
ifi_cc1,CA1-DG,2,1,-0.027289070429546168,0.18229083168442348,9
ifi_cc1,CA1-DG,2,2,0.04752633025036744,0.13663494663376818,9
ifi_cc1,CA1-DG,2,3,0.11964473722935572,0.11031526502783955,10
ifi_cc1,CA1-DG,2,4,0.07719516095892097,0.12056709388498212,10
ifi_cc1,CA1-DG,2,5,0.07060787379038594,0.1269989206322119,10
ifi_cc1,CA1-DG,2,6,0.08201118389228308,0.12421312470804091,10
ifi_cc1,CA1-DG,2,7,0.06063747368198842,0.12780247176706636,10
ifi_cc1,CA1-DG,2,8,0.03391798337247366,0.1413994933134309,10
ifi_cc1,CA1-DG,2,9,0.029960319752618696,0.14374839792649277,10
ifi_cc1,CA1-DG,2,10,0.013203020865434234,0.15317395813150655,10
ifi_cc1,CA1-DG,2,11,0.03134335579947833,0.13492719431489583,10
ifi_cc1,CA1-DG,2,12,-0.01114920675946612,0.11002848886300196,10
ifi_cc1,CA1-DG,2,13,-0.03796473795327922,0.08928883874647432,10
ifi_cc1,CA1-DG,2,14,-0.04365627939634994,0.08737435516103673,10
ifi_cc1,CA1-DG,2,15,-0.049281705709118336,0.09193721208874281,10
ifi_cc1,CA1-DG,2,16,-0.029948735524539593,0.08694979418981832,10
ifi_cc1,CA1-DG,2,17,-0.012652097431950431,0.08543113554909924,10
ifi_cc1,CA1-DG,2,18,-0.004671241866301119,0.08196563908810493,10
ifi_cc1,CA1-DG,2,19,0.024643188057971693,0.05715696724573807,10
ifi_cc1,CA1-DG,2,20,0.03288629344738211,0.05148887391832419,10
ifi_cc1,CA1-DG,2,21,0.030450887986721853,0.053381342782604,10
ifi_cc1,CA1-DG,2,22,0.024924737011656022,0.058471305619671884,10
ifi_cc1,CA1-DG,2,23,0.0225727172709355,0.061403316305516806,10
ifi_cc1,CA1-DG,2,24,0.021694191680055427,0.061978181169982695,10
ifi_cc1,CA1-DG,2,25,0.015935179408398614,0.06270035996225987,10
ifi_cc1,CA1-RSC,0,1,0.4027582137054045,0.19616592431418778,11
ifi_cc1,CA1-RSC,0,2,0.24899639278702534,0.2039165403237639,12
ifi_cc1,CA1-RSC,0,3,0.13533657058273627,0.23224717711361187,12
ifi_cc1,CA1-RSC,0,4,0.16554807857649587,0.14842852447194324,12
ifi_cc1,CA1-RSC,0,5,0.03778772404713957,0.1240231184269802,12
ifi_cc1,CA1-RSC,0,6,-0.04603470884137448,0.11115887737349665,12
ifi_cc1,CA1-RSC,0,7,0.02008872079152404,0.0967881193536748,12
ifi_cc1,CA1-RSC,0,8,0.028843048288567385,0.09537326599682584,12
ifi_cc1,CA1-RSC,0,9,0.03890330914272283,0.09318217772698263,12
ifi_cc1,CA1-RSC,0,10,0.01601945651713543,0.09147163911221873,12
ifi_cc1,CA1-RSC,0,11,0.03148949624423642,0.08213720404464786,12
ifi_cc1,CA1-RSC,0,12,0.04898619951178664,0.07516878121601414,12
ifi_cc1,CA1-RSC,0,13,0.05517883002615753,0.07806475940849965,12
ifi_cc1,CA1-RSC,0,14,0.06745378249812158,0.07848784052813257,12
ifi_cc1,CA1-RSC,0,15,0.06067272862046949,0.08655463421662563,12
ifi_cc1,CA1-RSC,0,16,0.042340050211097914,0.08430669968040902,12
ifi_cc1,CA1-RSC,0,17,0.04203760888620483,0.08568699917775567,12
ifi_cc1,CA1-RSC,0,18,0.03168238468723831,0.0956482267277215,12
ifi_cc1,CA1-RSC,0,19,0.014952054664752051,0.1043998569130097,12
ifi_cc1,CA1-RSC,0,20,0.015107309610722824,0.10613720503310362,12
ifi_cc1,CA1-RSC,0,21,0.01494984718390257,0.1076851581946384,12
ifi_cc1,CA1-RSC,0,22,0.01757854153069499,0.10863820991296537,12
ifi_cc1,CA1-RSC,0,23,0.020850183248986198,0.10883618775577777,12
ifi_cc1,CA1-RSC,0,24,0.02853312014805955,0.11041012157239448,12
ifi_cc1,CA1-RSC,0,25,0.027437985138677668,0.11360900915069827,12
ifi_cc1,CA1-RSC,1,1,0.27043526038624577,0.09847074934104738,10
ifi_cc1,CA1-RSC,1,2,0.1408214620596593,0.14304713618840606,11
ifi_cc1,CA1-RSC,1,3,0.029438653027508498,0.1820713825272905,11
ifi_cc1,CA1-RSC,1,4,0.08964137381773069,0.14987663977055718,11
ifi_cc1,CA1-RSC,1,5,-0.06509581552745011,0.18229197058137553,12
ifi_cc1,CA1-RSC,1,6,-0.13837567636367318,0.16559053642060811,12
ifi_cc1,CA1-RSC,1,7,-0.018765916371010136,0.08348777306206835,12
ifi_cc1,CA1-RSC,1,8,0.00032580872415710616,0.07986865374779543,12
ifi_cc1,CA1-RSC,1,9,0.00739121372360609,0.07480092591153945,12
ifi_cc1,CA1-RSC,1,10,-0.007323637776676661,0.0749973786979351,12
ifi_cc1,CA1-RSC,1,11,-0.0009390589963712096,0.06896793127631234,12
ifi_cc1,CA1-RSC,1,12,-0.007137678611155228,0.06260556662542119,12
ifi_cc1,CA1-RSC,1,13,0.0032856002462265713,0.06545471454760675,12
ifi_cc1,CA1-RSC,1,14,0.02344740938642381,0.06785046654213484,12
ifi_cc1,CA1-RSC,1,15,0.012280964108144657,0.08205707732961529,12
ifi_cc1,CA1-RSC,1,16,0.00481903715239991,0.07833091338284269,12
ifi_cc1,CA1-RSC,1,17,0.000374119147979977,0.07826864806048521,12
ifi_cc1,CA1-RSC,1,18,-0.008256844541052431,0.08871191983092776,12
ifi_cc1,CA1-RSC,1,19,-0.023794421966718934,0.1005470192542044,12
ifi_cc1,CA1-RSC,1,20,-0.023876396520935133,0.10289873271680278,12
ifi_cc1,CA1-RSC,1,21,-0.02286884865523602,0.10548623592179925,12
ifi_cc1,CA1-RSC,1,22,-0.01362147734664347,0.10427460219321992,12
ifi_cc1,CA1-RSC,1,23,-0.004642216764225974,0.1023604799339314,12
ifi_cc1,CA1-RSC,1,24,0.003345975512980192,0.10378611502758353,12
ifi_cc1,CA1-RSC,1,25,0.007733102249714921,0.10507202765422502,12
ifi_cc1,CA1-RSC,2,1,0.5337414943146158,0.17977110581640454,12
ifi_cc1,CA1-RSC,2,2,0.4893388334957596,0.18715045333577673,12
ifi_cc1,CA1-RSC,2,3,0.18923155951206616,0.2331981036545173,12
ifi_cc1,CA1-RSC,2,4,0.13618513960227882,0.13038243031349822,12
ifi_cc1,CA1-RSC,2,5,-0.009093511019078794,0.16111405750613345,12
ifi_cc1,CA1-RSC,2,6,-0.09397001525576197,0.14246791772539685,12
ifi_cc1,CA1-RSC,2,7,0.016698210257660495,0.08434995070789233,12
ifi_cc1,CA1-RSC,2,8,0.026848661756576738,0.08248704664459432,12
ifi_cc1,CA1-RSC,2,9,0.03207990655678223,0.07320027411731841,12
ifi_cc1,CA1-RSC,2,10,0.01183290356114583,0.07022981952551172,12
ifi_cc1,CA1-RSC,2,11,-0.0028528024786603212,0.0568744339705111,12
ifi_cc1,CA1-RSC,2,12,-0.009219920212290908,0.0515390154303364,12
ifi_cc1,CA1-RSC,2,13,-0.004542886603910436,0.05739931655129945,12
ifi_cc1,CA1-RSC,2,14,0.028399423996961357,0.059079955106341946,12
ifi_cc1,CA1-RSC,2,15,0.038577834451193505,0.07078600552810496,12
ifi_cc1,CA1-RSC,2,16,0.03205716491829457,0.06859600205649043,12
ifi_cc1,CA1-RSC,2,17,0.031066416483791368,0.06758604743876924,12
ifi_cc1,CA1-RSC,2,18,0.028214912117802773,0.07102274450920497,12
ifi_cc1,CA1-RSC,2,19,0.004326371011179701,0.0786894511059239,12
ifi_cc1,CA1-RSC,2,20,-0.00299661634480435,0.08106290142309301,12
ifi_cc1,CA1-RSC,2,21,-0.0075298554916584425,0.08214981385259149,12
ifi_cc1,CA1-RSC,2,22,-0.005041733110163209,0.08343024350714748,12
ifi_cc1,CA1-RSC,2,23,0.008970706118457919,0.07998329687564294,12
ifi_cc1,CA1-RSC,2,24,0.017142560332567548,0.08257945879036424,12
ifi_cc1,CA1-RSC,2,25,0.02031113637470798,0.08414191514276466,12
ifi_cc1,CA1-SUB,0,1,0.04262719020265904,0.24786630850916763,6
ifi_cc1,CA1-SUB,0,2,0.11043880244332148,0.11400975471272776,6
ifi_cc1,CA1-SUB,0,3,0.15471842095378227,0.1538910297190484,6
ifi_cc1,CA1-SUB,0,4,0.025623948579101597,0.12432680865616942,6
ifi_cc1,CA1-SUB,0,5,-0.05996261234865528,0.13275774540353572,6
ifi_cc1,CA1-SUB,0,6,-0.05513044661439894,0.13358993370787087,6
ifi_cc1,CA1-SUB,0,7,-0.07428307370664725,0.1361525131369059,6
ifi_cc1,CA1-SUB,0,8,-0.05529768528957668,0.1364241119973471,6
ifi_cc1,CA1-SUB,0,9,-0.07263295181337816,0.15564570222217522,6
ifi_cc1,CA1-SUB,0,10,-0.019138258699646405,0.14269742017788495,6
ifi_cc1,CA1-SUB,0,11,-0.03551765748533603,0.12536577419021308,6
ifi_cc1,CA1-SUB,0,12,-0.07272735955263486,0.11628248530917941,6
ifi_cc1,CA1-SUB,0,13,-0.11508410071410265,0.11018098003199549,6
ifi_cc1,CA1-SUB,0,14,-0.10443042658307022,0.09868411948420083,6
ifi_cc1,CA1-SUB,0,15,-0.11405845360842219,0.1056040176276753,6
ifi_cc1,CA1-SUB,0,16,-0.09819799046800005,0.10626838928965458,6
ifi_cc1,CA1-SUB,0,17,-0.08712074862973701,0.10008472752313119,6
ifi_cc1,CA1-SUB,0,18,-0.09739122199911511,0.08893444800610652,6
ifi_cc1,CA1-SUB,0,19,-0.052263089079718585,0.08481767250093973,6
ifi_cc1,CA1-SUB,0,20,-0.07175778536983617,0.08640856640971585,6
ifi_cc1,CA1-SUB,0,21,-0.07508150363588494,0.08342089538203902,6
ifi_cc1,CA1-SUB,0,22,-0.05288089616564847,0.07171941529765546,6
ifi_cc1,CA1-SUB,0,23,-0.055450935017458486,0.07614251518761772,6
ifi_cc1,CA1-SUB,0,24,-0.05006395470912459,0.06499451128991729,6
ifi_cc1,CA1-SUB,0,25,-0.04859412062932502,0.061840460179325395,6
ifi_cc1,CA1-SUB,1,1,0.10719498692886568,0.18404330104073793,6
ifi_cc1,CA1-SUB,1,2,0.17871332243543536,0.1164078399547333,6
ifi_cc1,CA1-SUB,1,3,0.26627492877725456,0.1452174164555101,6
ifi_cc1,CA1-SUB,1,4,0.12435460383349657,0.12750169818387433,6
ifi_cc1,CA1-SUB,1,5,0.0641529542122697,0.15459481809652761,6
ifi_cc1,CA1-SUB,1,6,0.08904872133202468,0.15826552174620823,6
ifi_cc1,CA1-SUB,1,7,0.08757600231384832,0.1541637566239678,6
ifi_cc1,CA1-SUB,1,8,0.09307287253040987,0.16858513325740077,6
ifi_cc1,CA1-SUB,1,9,0.0802583468165584,0.17473138451151563,6
ifi_cc1,CA1-SUB,1,10,0.13790408872407822,0.1505270506094128,6
ifi_cc1,CA1-SUB,1,11,0.11733573256908154,0.14462802488611928,6
ifi_cc1,CA1-SUB,1,12,0.056420846998040765,0.1392078187479301,6
ifi_cc1,CA1-SUB,1,13,-0.0017798978319396909,0.14422257261752774,6
ifi_cc1,CA1-SUB,1,14,-0.005518776541463687,0.13522680454023192,6
ifi_cc1,CA1-SUB,1,15,-0.010468029922122021,0.13674014342756968,6
ifi_cc1,CA1-SUB,1,16,-0.006765581585664007,0.12950217403454536,6
ifi_cc1,CA1-SUB,1,17,-0.008591449883888195,0.12388238850135268,6
ifi_cc1,CA1-SUB,1,18,-0.014168728397822593,0.11169837193997235,6
ifi_cc1,CA1-SUB,1,19,0.027289519909003995,0.10778166329701913,6
ifi_cc1,CA1-SUB,1,20,-0.0002896103556885553,0.10762814535060877,6
ifi_cc1,CA1-SUB,1,21,-0.002513628803999963,0.09911889890215034,6
ifi_cc1,CA1-SUB,1,22,0.013586079954271912,0.089874957285703,6
ifi_cc1,CA1-SUB,1,23,0.01478036187727108,0.09283480667474923,6
ifi_cc1,CA1-SUB,1,24,0.017673562247972282,0.083336827551554,6
ifi_cc1,CA1-SUB,1,25,0.012569770669550286,0.08588286610700435,6
ifi_cc1,CA1-SUB,2,1,0.3700674714752856,0.2783319858343071,6
ifi_cc1,CA1-SUB,2,2,0.39399346454019235,0.17783220778884895,6
ifi_cc1,CA1-SUB,2,3,0.43755304328453937,0.19591451000149118,6
ifi_cc1,CA1-SUB,2,4,0.24790584625121045,0.13919246588110049,6
ifi_cc1,CA1-SUB,2,5,0.1857170809253074,0.1662623646636938,6
ifi_cc1,CA1-SUB,2,6,0.21122768741931527,0.1695664395098609,6
ifi_cc1,CA1-SUB,2,7,0.2154817629683812,0.1541508850409972,6
ifi_cc1,CA1-SUB,2,8,0.20598556043028668,0.14871054837690448,6
ifi_cc1,CA1-SUB,2,9,0.18860773202945666,0.15277826189916827,6
ifi_cc1,CA1-SUB,2,10,0.2218831441638679,0.13279115600387012,6
ifi_cc1,CA1-SUB,2,11,0.17409917764007554,0.12742437181301958,6
ifi_cc1,CA1-SUB,2,12,0.08713245570415055,0.1259240536844579,6
ifi_cc1,CA1-SUB,2,13,0.0037529537245339314,0.11846540533849771,6
ifi_cc1,CA1-SUB,2,14,-0.00017892472877884444,0.09610184954415722,6
ifi_cc1,CA1-SUB,2,15,0.013955362172908561,0.09820480479358457,6
ifi_cc1,CA1-SUB,2,16,0.021139135905229395,0.09662295943545561,6
ifi_cc1,CA1-SUB,2,17,0.013661855005612145,0.10131806917508081,6
ifi_cc1,CA1-SUB,2,18,0.0248287832433659,0.09696117542148877,6
ifi_cc1,CA1-SUB,2,19,0.0748746057764405,0.09597486551816363,6
ifi_cc1,CA1-SUB,2,20,0.051972185055685856,0.10755043592030211,6
ifi_cc1,CA1-SUB,2,21,0.05327778525339977,0.10619536970625919,6
ifi_cc1,CA1-SUB,2,22,0.06869224643186028,0.09431376574959184,6
ifi_cc1,CA1-SUB,2,23,0.07526302926887977,0.09249515346248888,6
ifi_cc1,CA1-SUB,2,24,0.0873059496717143,0.08360517840892882,6
ifi_cc1,CA1-SUB,2,25,0.07988478200223696,0.08539984160963032,6
ifi_cc1,CA1-V1,0,1,-0.26410717620597257,0.26085015041618836,9
ifi_cc1,CA1-V1,0,2,0.20064879143875886,0.1722755984534108,10
ifi_cc1,CA1-V1,0,3,0.07535442657305666,0.2015617084440666,12
ifi_cc1,CA1-V1,0,4,0.04302583909225068,0.18967795253333466,12
ifi_cc1,CA1-V1,0,5,-0.04429925854148136,0.18629188136853564,12
ifi_cc1,CA1-V1,0,6,-0.10651649037326501,0.19107280600564064,12
ifi_cc1,CA1-V1,0,7,-0.10587272867840737,0.17983974856837584,12
ifi_cc1,CA1-V1,0,8,-0.13120838707508023,0.18781551289294993,12
ifi_cc1,CA1-V1,0,9,-0.1834150978986371,0.1856580982719619,12
ifi_cc1,CA1-V1,0,10,-0.1921577904640586,0.18083374176727515,12
ifi_cc1,CA1-V1,0,11,-0.2502811664317482,0.18435709692126034,12
ifi_cc1,CA1-V1,0,12,-0.23860603313277076,0.1930397707493677,12
ifi_cc1,CA1-V1,0,13,-0.2419959231685964,0.19386451958735168,12
ifi_cc1,CA1-V1,0,14,-0.252772581011211,0.19778829839040737,12
ifi_cc1,CA1-V1,0,15,-0.2410687879187348,0.19235165077918492,12
ifi_cc1,CA1-V1,0,16,-0.23124649827863383,0.1907432578490703,12
ifi_cc1,CA1-V1,0,17,-0.23179772256775064,0.18956807608512716,12
ifi_cc1,CA1-V1,0,18,-0.22273798534694514,0.190794409577255,12
ifi_cc1,CA1-V1,0,19,-0.21713147043837713,0.1958031415575594,12
ifi_cc1,CA1-V1,0,20,-0.21439954685673057,0.19437350115944121,12
ifi_cc1,CA1-V1,0,21,-0.22415419047371435,0.19654764150723442,12
ifi_cc1,CA1-V1,0,22,-0.21477871555169378,0.19483570315688262,12
ifi_cc1,CA1-V1,0,23,-0.2134422862101871,0.19519928539347692,12
ifi_cc1,CA1-V1,0,24,-0.20773542605275683,0.18880181171754326,12
ifi_cc1,CA1-V1,0,25,-0.19766992597923697,0.1824679834050231,12
ifi_cc1,CA1-V1,1,1,-0.18437450189977928,0.20595260853367717,9
ifi_cc1,CA1-V1,1,2,0.22365120060712074,0.16861272936972374,10
ifi_cc1,CA1-V1,1,3,0.06012384773668358,0.22134811370343083,12
ifi_cc1,CA1-V1,1,4,0.01611091436008288,0.21155529402208523,12
ifi_cc1,CA1-V1,1,5,-0.023539519719451136,0.21409900123184072,12
ifi_cc1,CA1-V1,1,6,-0.05952899196630281,0.20905597190193087,12
ifi_cc1,CA1-V1,1,7,-0.06087757708069088,0.19433226060786946,12
ifi_cc1,CA1-V1,1,8,-0.0839328418693903,0.20154176220461123,12
ifi_cc1,CA1-V1,1,9,-0.16232482368459475,0.19194757056224238,12
ifi_cc1,CA1-V1,1,10,-0.1733111187390998,0.18674870084814235,12
ifi_cc1,CA1-V1,1,11,-0.22645400663045964,0.186712240455928,12
ifi_cc1,CA1-V1,1,12,-0.21293665225152023,0.19616936393233902,12
ifi_cc1,CA1-V1,1,13,-0.21727084121701215,0.19583634436082709,12
ifi_cc1,CA1-V1,1,14,-0.22632743600699443,0.19654801731968394,12
ifi_cc1,CA1-V1,1,15,-0.22641639012771897,0.1981481275136343,12
ifi_cc1,CA1-V1,1,16,-0.21947196145186865,0.20105457195756954,12
ifi_cc1,CA1-V1,1,17,-0.22366954188885355,0.2002764808724573,12
ifi_cc1,CA1-V1,1,18,-0.21611761307767904,0.2022187436772333,12
ifi_cc1,CA1-V1,1,19,-0.2069839628175316,0.20677296713563123,12
ifi_cc1,CA1-V1,1,20,-0.2052806380283629,0.20557080424365456,12
ifi_cc1,CA1-V1,1,21,-0.2141242697307336,0.2047590544425799,12
ifi_cc1,CA1-V1,1,22,-0.2017945661225,0.19467257651486183,12
ifi_cc1,CA1-V1,1,23,-0.20053031355774364,0.194986101064437,12
ifi_cc1,CA1-V1,1,24,-0.1915442076239258,0.18901141838714272,12
ifi_cc1,CA1-V1,1,25,-0.18415339763255342,0.18278812699328112,12
ifi_cc1,CA1-V1,2,1,-0.2387689047619218,0.2653878251857708,9
ifi_cc1,CA1-V1,2,2,0.2778044693804826,0.15080779117887919,10
ifi_cc1,CA1-V1,2,3,0.13742735892096675,0.15644174620803328,12
ifi_cc1,CA1-V1,2,4,0.06178147266190607,0.14046193428855808,12
ifi_cc1,CA1-V1,2,5,0.024083513523454104,0.13082178162697167,12
ifi_cc1,CA1-V1,2,6,-0.025661031690985645,0.1353422565039337,12
ifi_cc1,CA1-V1,2,7,-0.05781419541800847,0.1563906733880146,12
ifi_cc1,CA1-V1,2,8,-0.0610020317508505,0.17615916796698217,12
ifi_cc1,CA1-V1,2,9,-0.17241541134448424,0.16490794245079457,12
ifi_cc1,CA1-V1,2,10,-0.17067654396884543,0.16264484619956965,12
ifi_cc1,CA1-V1,2,11,-0.21231100555851082,0.16026341440871736,12
ifi_cc1,CA1-V1,2,12,-0.20850668251008764,0.16884615638505324,12
ifi_cc1,CA1-V1,2,13,-0.22002345421724065,0.17213659366756873,12
ifi_cc1,CA1-V1,2,14,-0.22650858673022053,0.174634875027017,12
ifi_cc1,CA1-V1,2,15,-0.22500619327389412,0.17609669400220476,12
ifi_cc1,CA1-V1,2,16,-0.21633448047490958,0.18079721945697105,12
ifi_cc1,CA1-V1,2,17,-0.2217191911298271,0.18521301524388728,12
ifi_cc1,CA1-V1,2,18,-0.1943564196550159,0.19230498282515524,12
ifi_cc1,CA1-V1,2,19,-0.18717995490899106,0.19832051919225788,12
ifi_cc1,CA1-V1,2,20,-0.18876858718476422,0.19754055681629243,12
ifi_cc1,CA1-V1,2,21,-0.19573521236876476,0.19970126114362308,12
ifi_cc1,CA1-V1,2,22,-0.18924554258611756,0.19700499238191216,12
ifi_cc1,CA1-V1,2,23,-0.18262247101116066,0.19755320900536322,12
ifi_cc1,CA1-V1,2,24,-0.16406239624110816,0.19239510612529995,12
ifi_cc1,CA1-V1,2,25,-0.16295273963704762,0.18770482612335646,12
ifi_cc1,CA3-DG,0,1,-0.0828595229490421,0.06450330997815515,5
ifi_cc1,CA3-DG,0,2,-0.06682661484247603,0.05569315466480498,5
ifi_cc1,CA3-DG,0,3,-0.05579953518388262,0.043330708239454285,5
ifi_cc1,CA3-DG,0,4,-0.018019664463012654,0.025086053477767975,5
ifi_cc1,CA3-DG,0,5,-0.008382455841228178,0.024583944266390555,5
ifi_cc1,CA3-DG,0,6,-0.007444459835678666,0.0249537220541246,5
ifi_cc1,CA3-DG,0,7,-0.0036376884189698922,0.026741206697171446,5
ifi_cc1,CA3-DG,0,8,-0.005473335047710555,0.025824720133499787,5
ifi_cc1,CA3-DG,0,9,-0.0012035337948871974,0.02590385098797443,5
ifi_cc1,CA3-DG,0,10,0.0076274909433473575,0.02480715920027822,5
ifi_cc1,CA3-DG,0,11,0.03904855411431361,0.01838965132656331,5
ifi_cc1,CA3-DG,0,12,0.03687724454652781,0.021315790463405142,5
ifi_cc1,CA3-DG,0,13,0.023663511880667714,0.0239635257959981,5
ifi_cc1,CA3-DG,0,14,0.015875406639480023,0.026165934775152135,5
ifi_cc1,CA3-DG,0,15,0.02767048037662926,0.031415067139503636,5
ifi_cc1,CA3-DG,0,16,0.04058952556478523,0.028954225311194036,5
ifi_cc1,CA3-DG,0,17,0.05259531591250009,0.029590201501617595,5
ifi_cc1,CA3-DG,0,18,0.05744445846501346,0.02979775657533031,5
ifi_cc1,CA3-DG,0,19,0.05953088401498709,0.02925983807629932,5
ifi_cc1,CA3-DG,0,20,0.060453239681401115,0.029015453720197745,5
ifi_cc1,CA3-DG,0,21,0.0607733408860595,0.028763307334824406,5
ifi_cc1,CA3-DG,0,22,0.05687277183955778,0.029656792303263946,5
ifi_cc1,CA3-DG,0,23,0.054385161585610665,0.031819690808444996,5
ifi_cc1,CA3-DG,0,24,0.04419424437767237,0.0357811556197402,5
ifi_cc1,CA3-DG,0,25,0.04398491287178276,0.034307639197939374,5
ifi_cc1,CA3-DG,1,1,-0.09582954621376456,0.07100995523645731,5
ifi_cc1,CA3-DG,1,2,-0.08655268488789741,0.07139082082144439,5
ifi_cc1,CA3-DG,1,3,-0.07035226359900296,0.059269504340874773,5
ifi_cc1,CA3-DG,1,4,-0.027800256764336017,0.04015829141926984,5
ifi_cc1,CA3-DG,1,5,-0.01712178995597936,0.0403352288257296,5
ifi_cc1,CA3-DG,1,6,-0.018519608856085033,0.03999765294433501,5
ifi_cc1,CA3-DG,1,7,-0.01705532156402357,0.04035241673099768,5
ifi_cc1,CA3-DG,1,8,-0.02012093871678308,0.03966797450524283,5
ifi_cc1,CA3-DG,1,9,-0.016614117717670955,0.04073786150612677,5
ifi_cc1,CA3-DG,1,10,-0.007262522124521284,0.03155793916218263,5
ifi_cc1,CA3-DG,1,11,0.025679397846526324,0.018767005659362186,5
ifi_cc1,CA3-DG,1,12,0.028824937332629676,0.029820832612543063,5
ifi_cc1,CA3-DG,1,13,0.019857644272569863,0.031406800354824925,5
ifi_cc1,CA3-DG,1,14,0.013856370038572253,0.03142917905524711,5
ifi_cc1,CA3-DG,1,15,0.02478930168482188,0.035900666817353315,5
ifi_cc1,CA3-DG,1,16,0.03537928474525892,0.03436486649515889,5
ifi_cc1,CA3-DG,1,17,0.04740165762419599,0.035894365485572545,5
ifi_cc1,CA3-DG,1,18,0.049646551665942576,0.03701031694164922,5
ifi_cc1,CA3-DG,1,19,0.05194818911090613,0.03553690762025584,5
ifi_cc1,CA3-DG,1,20,0.05281469500428332,0.03583826079244971,5
ifi_cc1,CA3-DG,1,21,0.05258127393285059,0.03583425786811707,5
ifi_cc1,CA3-DG,1,22,0.049007263261633335,0.036761883442548,5
ifi_cc1,CA3-DG,1,23,0.04599434069046427,0.039697756593011196,5
ifi_cc1,CA3-DG,1,24,0.03560461487125009,0.04433039823017526,5
ifi_cc1,CA3-DG,1,25,0.03366241485507794,0.04098892090298112,5
ifi_cc1,CA3-DG,2,1,-0.09276297379129499,0.07263394365349052,5
ifi_cc1,CA3-DG,2,2,-0.08471500413747045,0.0804188759021002,5
ifi_cc1,CA3-DG,2,3,-0.06534944937737061,0.06506931483703468,5
ifi_cc1,CA3-DG,2,4,-0.026293993050097185,0.046089041304997413,5
ifi_cc1,CA3-DG,2,5,-0.015713571336259773,0.049318043646702545,5
ifi_cc1,CA3-DG,2,6,-0.014812252949953383,0.04986658870892767,5
ifi_cc1,CA3-DG,2,7,-0.01188536923709001,0.051716148021799635,5
ifi_cc1,CA3-DG,2,8,-0.018489510569718114,0.04769601975643379,5
ifi_cc1,CA3-DG,2,9,-0.016450482861419084,0.04806556279914835,5
ifi_cc1,CA3-DG,2,10,0.006230520487769306,0.03695700366992637,5
ifi_cc1,CA3-DG,2,11,0.0449408237256761,0.014817526098850151,5
ifi_cc1,CA3-DG,2,12,0.05155486636085248,0.027124740319702977,5
ifi_cc1,CA3-DG,2,13,0.035395619606780705,0.035409209388563914,5
ifi_cc1,CA3-DG,2,14,0.025774441803181287,0.0346511771554947,5
ifi_cc1,CA3-DG,2,15,0.035027069392634294,0.0364710964628295,5
ifi_cc1,CA3-DG,2,16,0.04106178760680943,0.032983795355733064,5
ifi_cc1,CA3-DG,2,17,0.04753223292290435,0.032187709100138705,5
ifi_cc1,CA3-DG,2,18,0.048777612086033185,0.03311018208938145,5
ifi_cc1,CA3-DG,2,19,0.04972512409639143,0.03323407271567303,5
ifi_cc1,CA3-DG,2,20,0.0494328119837956,0.03404087380670395,5
ifi_cc1,CA3-DG,2,21,0.048072595114186066,0.03479636402143184,5
ifi_cc1,CA3-DG,2,22,0.044175367303597626,0.03518998614118379,5
ifi_cc1,CA3-DG,2,23,0.04228924751158569,0.038655814321106007,5
ifi_cc1,CA3-DG,2,24,0.03338970843646918,0.04419770477956453,5
ifi_cc1,CA3-DG,2,25,0.032931245140090874,0.040139116318255764,5
ifi_cc1,RSC-SUB,0,1,-0.33606942822918345,0.16508234487588422,7
ifi_cc1,RSC-SUB,0,2,-0.24334629436306368,0.14615970663212338,7
ifi_cc1,RSC-SUB,0,3,-0.24976471945434034,0.13711667897453367,7
ifi_cc1,RSC-SUB,0,4,-0.1481993439878326,0.12254163721133675,7
ifi_cc1,RSC-SUB,0,5,-0.09784646221561055,0.1046795272375577,7
ifi_cc1,RSC-SUB,0,6,-0.08307120156958749,0.08922450718344035,7
ifi_cc1,RSC-SUB,0,7,-0.06852551027835521,0.081680832097133,7
ifi_cc1,RSC-SUB,0,8,-0.04707203162191773,0.07293755446497414,7
ifi_cc1,RSC-SUB,0,9,-0.032373948530737294,0.06812528536239426,7
ifi_cc1,RSC-SUB,0,10,-0.018718302264581904,0.057486120729303425,7
ifi_cc1,RSC-SUB,0,11,0.008058278469825483,0.045008739254680664,7
ifi_cc1,RSC-SUB,0,12,0.014939690117354356,0.048170609138537206,7
ifi_cc1,RSC-SUB,0,13,0.010561524027320957,0.048070660266183146,7
ifi_cc1,RSC-SUB,0,14,-0.006775185437819971,0.05117429063943345,7
ifi_cc1,RSC-SUB,0,15,-0.019942372111264935,0.04554506844479031,7
ifi_cc1,RSC-SUB,0,16,-0.030601515362914302,0.045564760245541854,7
ifi_cc1,RSC-SUB,0,17,-0.03960309323755678,0.04183795153586911,7
ifi_cc1,RSC-SUB,0,18,-0.05007159754581303,0.04014356649691065,7
ifi_cc1,RSC-SUB,0,19,-0.055903901846564685,0.038301566914887675,7
ifi_cc1,RSC-SUB,0,20,-0.06085992235482558,0.033483196041898936,7
ifi_cc1,RSC-SUB,0,21,-0.05882753208932777,0.033822374102818915,7
ifi_cc1,RSC-SUB,0,22,-0.060941260144026836,0.037357092941172045,7
ifi_cc1,RSC-SUB,0,23,-0.06766720342850602,0.040449855584500684,7
ifi_cc1,RSC-SUB,0,24,-0.06736573685640658,0.04440665405680593,7
ifi_cc1,RSC-SUB,0,25,-0.07635871934729022,0.042769261284227415,7
ifi_cc1,RSC-SUB,1,1,-0.3885165742047123,0.17739629324549575,7
ifi_cc1,RSC-SUB,1,2,-0.25736214944728353,0.15666994717065622,7
ifi_cc1,RSC-SUB,1,3,-0.25034774752352795,0.14726543339710343,7
ifi_cc1,RSC-SUB,1,4,-0.15935260991964664,0.1396896116246006,7
ifi_cc1,RSC-SUB,1,5,-0.11317057505152249,0.11789010639569625,7
ifi_cc1,RSC-SUB,1,6,-0.09043216026889965,0.09305810532545951,7
ifi_cc1,RSC-SUB,1,7,-0.07476295772810614,0.08890581473194822,7
ifi_cc1,RSC-SUB,1,8,-0.059110025879694175,0.08346690100782303,7
ifi_cc1,RSC-SUB,1,9,-0.0334877754346755,0.07219347705257664,7
ifi_cc1,RSC-SUB,1,10,-0.03172802776086499,0.06853301823116446,7
ifi_cc1,RSC-SUB,1,11,-0.010433007663098962,0.05062724318303477,7
ifi_cc1,RSC-SUB,1,12,-0.0010196083233845465,0.047186210406687995,7
ifi_cc1,RSC-SUB,1,13,-0.015783230969573275,0.048745848317401384,7
ifi_cc1,RSC-SUB,1,14,-0.04154841655665541,0.050871087435063946,7
ifi_cc1,RSC-SUB,1,15,-0.05399761892143241,0.04318092672424647,7
ifi_cc1,RSC-SUB,1,16,-0.05703067842600119,0.0410844605858892,7
ifi_cc1,RSC-SUB,1,17,-0.06887723944182375,0.03774379527248972,7
ifi_cc1,RSC-SUB,1,18,-0.0756511570567248,0.036707508600179656,7
ifi_cc1,RSC-SUB,1,19,-0.07912021958486572,0.03669311177108259,7
ifi_cc1,RSC-SUB,1,20,-0.08565569574043944,0.03631859774800299,7
ifi_cc1,RSC-SUB,1,21,-0.08365702786325212,0.03616062706002521,7
ifi_cc1,RSC-SUB,1,22,-0.08462930047423374,0.03957309358022443,7
ifi_cc1,RSC-SUB,1,23,-0.09064208647157214,0.04292377848651691,7
ifi_cc1,RSC-SUB,1,24,-0.09452333255325583,0.04851729034838952,7
ifi_cc1,RSC-SUB,1,25,-0.10429980699469697,0.04477158943513545,7
ifi_cc1,RSC-SUB,2,1,-0.3945791520122985,0.16808019472498817,7
ifi_cc1,RSC-SUB,2,2,-0.2689546018724496,0.15263754187633355,7
ifi_cc1,RSC-SUB,2,3,-0.2691816269010718,0.15472310331567227,7
ifi_cc1,RSC-SUB,2,4,-0.16892549420950648,0.1477326384794987,7
ifi_cc1,RSC-SUB,2,5,-0.1090872807543254,0.11390365393364389,7
ifi_cc1,RSC-SUB,2,6,-0.07257561882270559,0.08823436220229555,7
ifi_cc1,RSC-SUB,2,7,-0.0495974732653517,0.0779739448418143,7
ifi_cc1,RSC-SUB,2,8,-0.03169310903470797,0.07291386725555955,7
ifi_cc1,RSC-SUB,2,9,-0.0012942446444718033,0.08211773438232561,7
ifi_cc1,RSC-SUB,2,10,0.02059541539141736,0.08598397409056942,7
ifi_cc1,RSC-SUB,2,11,0.04490575174280672,0.07899942635781111,7
ifi_cc1,RSC-SUB,2,12,0.046319927348445,0.0772751842594063,7
ifi_cc1,RSC-SUB,2,13,0.030088833052433966,0.07987985801985335,7
ifi_cc1,RSC-SUB,2,14,0.00274827558450799,0.08295747521501715,7
ifi_cc1,RSC-SUB,2,15,-0.01741061861097844,0.06743251268534194,7
ifi_cc1,RSC-SUB,2,16,-0.022967274963374647,0.06480118616919676,7
ifi_cc1,RSC-SUB,2,17,-0.04119119384805165,0.060606467456566636,7
ifi_cc1,RSC-SUB,2,18,-0.048859120937699965,0.055230132934459754,7
ifi_cc1,RSC-SUB,2,19,-0.050864644012674876,0.052341688144317125,7
ifi_cc1,RSC-SUB,2,20,-0.05906884483254796,0.05070355495327774,7
ifi_cc1,RSC-SUB,2,21,-0.059657537364435465,0.05126742461437453,7
ifi_cc1,RSC-SUB,2,22,-0.06333700435646697,0.05248404046292037,7
ifi_cc1,RSC-SUB,2,23,-0.07427006314287711,0.05225377924567835,7
ifi_cc1,RSC-SUB,2,24,-0.07726879163588567,0.058437643318155326,7
ifi_cc1,RSC-SUB,2,25,-0.08805086574669094,0.05040527502878282,7
ifi_cc1,V1-RSC,0,1,-0.003931041758855751,0.04828296506026974,8
ifi_cc1,V1-RSC,0,2,0.028502798956285758,0.0623512814555714,8
ifi_cc1,V1-RSC,0,3,0.024241037813462568,0.03968371400772482,8
ifi_cc1,V1-RSC,0,4,0.05155212682587064,0.04809733455506712,8
ifi_cc1,V1-RSC,0,5,0.02361169748503212,0.030393871903355702,8
ifi_cc1,V1-RSC,0,6,0.019006025283790598,0.026288272076640497,8
ifi_cc1,V1-RSC,0,7,0.00527952577527262,0.019558497977137733,8
ifi_cc1,V1-RSC,0,8,0.001782457023194322,0.018938545635499435,8
ifi_cc1,V1-RSC,0,9,0.010365133895977773,0.023709760381752435,8
ifi_cc1,V1-RSC,0,10,0.020098972446222784,0.028804079093227533,8
ifi_cc1,V1-RSC,0,11,0.02087660825893005,0.03072565403235009,8
ifi_cc1,V1-RSC,0,12,0.023604880357942642,0.029672288821219975,8
ifi_cc1,V1-RSC,0,13,0.01477874711557683,0.02307633098023735,8
ifi_cc1,V1-RSC,0,14,0.015062953639824609,0.022009725312926463,8
ifi_cc1,V1-RSC,0,15,0.01269982555312553,0.01959167461008306,8
ifi_cc1,V1-RSC,0,16,0.017900342308303098,0.022174765446801397,8
ifi_cc1,V1-RSC,0,17,0.01211707944683443,0.019816796262313873,8
ifi_cc1,V1-RSC,0,18,0.008294955783636268,0.016599316622777825,8
ifi_cc1,V1-RSC,0,19,0.0019152466608796772,0.01701685963503373,8
ifi_cc1,V1-RSC,0,20,-0.003914389568353122,0.02057498840430811,8
ifi_cc1,V1-RSC,0,21,0.005065116266607761,0.021010647110788972,8
ifi_cc1,V1-RSC,0,22,0.002979088117370585,0.022325809437962644,8
ifi_cc1,V1-RSC,0,23,-5.888694499893779e-05,0.023026272933558623,8
ifi_cc1,V1-RSC,0,24,-0.004031719645743257,0.02427859764636652,8
ifi_cc1,V1-RSC,0,25,-0.0058303269229865295,0.022647375171252766,8
ifi_cc1,V1-RSC,1,1,-0.006251364975470643,0.050327849985036914,8
ifi_cc1,V1-RSC,1,2,0.019438444500100474,0.059922199476204654,8
ifi_cc1,V1-RSC,1,3,0.025287028715489178,0.04420628886483511,8
ifi_cc1,V1-RSC,1,4,0.054393803397737125,0.05229056449660733,8
ifi_cc1,V1-RSC,1,5,0.020676253543413833,0.02928861556673951,8
ifi_cc1,V1-RSC,1,6,0.013953463539485449,0.025207658252510867,8
ifi_cc1,V1-RSC,1,7,0.0026780010106579547,0.021767051643484737,8
ifi_cc1,V1-RSC,1,8,-2.158240065456814e-05,0.02057379048669623,8
ifi_cc1,V1-RSC,1,9,0.00953807587944056,0.02490036790535249,8
ifi_cc1,V1-RSC,1,10,0.018272665793781114,0.028601573792033545,8
ifi_cc1,V1-RSC,1,11,0.020934698798374868,0.030862771527202522,8
ifi_cc1,V1-RSC,1,12,0.02892080031391942,0.03205056412266546,8
ifi_cc1,V1-RSC,1,13,0.01861966734901393,0.026004345931911897,8
ifi_cc1,V1-RSC,1,14,0.018116365060833535,0.025579061409629147,8
ifi_cc1,V1-RSC,1,15,0.015644237254549935,0.023705469595296305,8
ifi_cc1,V1-RSC,1,16,0.02099181188676542,0.026399050898017848,8
ifi_cc1,V1-RSC,1,17,0.018341175345094305,0.02684524783851338,8
ifi_cc1,V1-RSC,1,18,0.016487303515694614,0.025598877974280884,8
ifi_cc1,V1-RSC,1,19,0.00955035881772123,0.025963306889440558,8
ifi_cc1,V1-RSC,1,20,0.005900712914555257,0.029723503572568467,8
ifi_cc1,V1-RSC,1,21,0.016522855354505185,0.03243522281779465,8
ifi_cc1,V1-RSC,1,22,0.014247473778170936,0.03395027720747541,8
ifi_cc1,V1-RSC,1,23,0.011012755878159778,0.034631021578105346,8
ifi_cc1,V1-RSC,1,24,0.008900448548027656,0.03599816708348768,8
ifi_cc1,V1-RSC,1,25,0.006197968540361438,0.0350907886668676,8
ifi_cc1,V1-RSC,2,1,0.0029812979359026756,0.05320363338841548,8
ifi_cc1,V1-RSC,2,2,0.027571192103378557,0.06151731742402711,8
ifi_cc1,V1-RSC,2,3,0.033888375475722606,0.0474664309213856,8
ifi_cc1,V1-RSC,2,4,0.0736649826172994,0.0552727576741799,8
ifi_cc1,V1-RSC,2,5,0.038414702233795034,0.038908806090886615,8
ifi_cc1,V1-RSC,2,6,0.033189448991566596,0.03294346391471696,8
ifi_cc1,V1-RSC,2,7,0.018998021555016807,0.029440832406316175,8
ifi_cc1,V1-RSC,2,8,0.013007031520484021,0.02929565132000086,8
ifi_cc1,V1-RSC,2,9,0.02002143388558014,0.0348637605636263,8
ifi_cc1,V1-RSC,2,10,0.02843040909922965,0.03972177071766356,8
ifi_cc1,V1-RSC,2,11,0.03700591526717264,0.04355752546123744,8
ifi_cc1,V1-RSC,2,12,0.04484895719766817,0.044671025526728685,8
ifi_cc1,V1-RSC,2,13,0.03130496649470654,0.03889043907500496,8
ifi_cc1,V1-RSC,2,14,0.027747122020139535,0.03742767753864624,8
ifi_cc1,V1-RSC,2,15,0.02200863620453714,0.03661413285687735,8
ifi_cc1,V1-RSC,2,16,0.02125267350235302,0.03802441757172767,8
ifi_cc1,V1-RSC,2,17,0.017798654909979963,0.03892484793260997,8
ifi_cc1,V1-RSC,2,18,0.015543999161861728,0.03804058076340902,8
ifi_cc1,V1-RSC,2,19,0.008486424624324147,0.03812179217942774,8
ifi_cc1,V1-RSC,2,20,0.0033985044789245702,0.039733575643139965,8
ifi_cc1,V1-RSC,2,21,0.013784976649252366,0.041529012306274704,8
ifi_cc1,V1-RSC,2,22,0.012447997169084114,0.043226782824455356,8
ifi_cc1,V1-RSC,2,23,0.008601809880775777,0.04514632469752202,8
ifi_cc1,V1-RSC,2,24,0.003663471969855177,0.04662964402560692,8
ifi_cc1,V1-RSC,2,25,-0.0021695002693841864,0.04577401096581613,8
ifi_allsig_w,CA1-CA3,0,1,0.30998540451534934,0.3140483107886267,7
ifi_allsig_w,CA1-CA3,0,2,0.14244849926706726,0.23129798967751017,7
ifi_allsig_w,CA1-CA3,0,3,0.09595285629571826,0.14431110493638905,7
ifi_allsig_w,CA1-CA3,0,4,0.031963160955472095,0.11966717400449878,7
ifi_allsig_w,CA1-CA3,0,5,0.048400085030781116,0.1327702449273429,7
ifi_allsig_w,CA1-CA3,0,6,0.008848183472428467,0.120688783482847,7
ifi_allsig_w,CA1-CA3,0,7,0.03584894998856499,0.11525730426808029,7
ifi_allsig_w,CA1-CA3,0,8,0.047678739482432654,0.1126344155880733,7
ifi_allsig_w,CA1-CA3,0,9,0.04345734526001589,0.10022466601657248,7
ifi_allsig_w,CA1-CA3,0,10,0.037028236291929424,0.08596740947733161,7
ifi_allsig_w,CA1-CA3,0,11,0.03240842592264954,0.07829291281572985,7
ifi_allsig_w,CA1-CA3,0,12,0.006436320564219383,0.06582740386760087,7
ifi_allsig_w,CA1-CA3,0,13,-0.019804968294675176,0.06611305857572924,7
ifi_allsig_w,CA1-CA3,0,14,-0.009550594993663678,0.07283430953629974,7
ifi_allsig_w,CA1-CA3,0,15,-0.006915289504448129,0.07509359662758337,7
ifi_allsig_w,CA1-CA3,0,16,-0.0024576326487687323,0.07787844131613307,7
ifi_allsig_w,CA1-CA3,0,17,0.010128165307718989,0.08577198423998297,7
ifi_allsig_w,CA1-CA3,0,18,0.01732590563986689,0.08711530553006025,7
ifi_allsig_w,CA1-CA3,0,19,0.06180501376607112,0.069250398589359,7
ifi_allsig_w,CA1-CA3,0,20,0.06667977297818432,0.06473431323798973,7
ifi_allsig_w,CA1-CA3,0,21,0.075129195995855,0.0662611599195732,7
ifi_allsig_w,CA1-CA3,0,22,0.08086421840571027,0.06218771652023427,7
ifi_allsig_w,CA1-CA3,0,23,0.08000294773550728,0.05704874811197853,7
ifi_allsig_w,CA1-CA3,0,24,0.07790442842921931,0.05837331378282173,7
ifi_allsig_w,CA1-CA3,0,25,0.08493024787665451,0.05491040945201019,7
ifi_allsig_w,CA1-CA3,1,1,0.3476792756176369,0.29313263640209086,7
ifi_allsig_w,CA1-CA3,1,2,0.09962154877338832,0.15707869292597637,7
ifi_allsig_w,CA1-CA3,1,3,0.1252793159252383,0.15014954649506118,7
ifi_allsig_w,CA1-CA3,1,4,0.052352509351468186,0.11466570836616996,7
ifi_allsig_w,CA1-CA3,1,5,0.053796420075769395,0.13194345425457135,7
ifi_allsig_w,CA1-CA3,1,6,0.02521734441619087,0.11995782990181521,7
ifi_allsig_w,CA1-CA3,1,7,0.04738034537559311,0.1114943306223059,7
ifi_allsig_w,CA1-CA3,1,8,0.0537259488900133,0.1106773041642736,7
ifi_allsig_w,CA1-CA3,1,9,0.04235624206502565,0.09977991091197139,7
ifi_allsig_w,CA1-CA3,1,10,0.033078739255588484,0.08394002170227392,7
ifi_allsig_w,CA1-CA3,1,11,0.03551779108561464,0.07992208782565652,7
ifi_allsig_w,CA1-CA3,1,12,0.00771862667270244,0.06687578415186334,7
ifi_allsig_w,CA1-CA3,1,13,-0.02788165565226053,0.074824877185525,7
ifi_allsig_w,CA1-CA3,1,14,-0.01808330949785388,0.08044070663232894,7
ifi_allsig_w,CA1-CA3,1,15,-0.01489422588068062,0.08122010006718988,7
ifi_allsig_w,CA1-CA3,1,16,-0.010085415378462177,0.08371427685745395,7
ifi_allsig_w,CA1-CA3,1,17,0.0014692793070623458,0.09056117340165543,7
ifi_allsig_w,CA1-CA3,1,18,0.00458802599945101,0.09197007619173304,7
ifi_allsig_w,CA1-CA3,1,19,0.046070609291758984,0.07062423639041952,7
ifi_allsig_w,CA1-CA3,1,20,0.050598574255141256,0.06632953210198765,7
ifi_allsig_w,CA1-CA3,1,21,0.05989784444568856,0.0683210348983365,7
ifi_allsig_w,CA1-CA3,1,22,0.0643697489660445,0.06522880836053632,7
ifi_allsig_w,CA1-CA3,1,23,0.06496831388805431,0.05972313398302753,7
ifi_allsig_w,CA1-CA3,1,24,0.06298074706393329,0.061596152171503,7
ifi_allsig_w,CA1-CA3,1,25,0.0698990197423929,0.0582903498849643,7
ifi_allsig_w,CA1-CA3,2,1,0.2775670480366538,0.30196329114396125,7
ifi_allsig_w,CA1-CA3,2,2,0.08482976273529423,0.16830999322175014,7
ifi_allsig_w,CA1-CA3,2,3,0.09887139981079875,0.15576667695157437,7
ifi_allsig_w,CA1-CA3,2,4,0.04520729437889161,0.12288360062343645,7
ifi_allsig_w,CA1-CA3,2,5,0.028387800032250218,0.14054061179473407,7
ifi_allsig_w,CA1-CA3,2,6,0.0009447489497072684,0.13118545278548377,7
ifi_allsig_w,CA1-CA3,2,7,0.02386158189567025,0.12073991103136957,7
ifi_allsig_w,CA1-CA3,2,8,0.0264404604536643,0.11791984102397783,7
ifi_allsig_w,CA1-CA3,2,9,0.015063954535353854,0.11024651162612815,7
ifi_allsig_w,CA1-CA3,2,10,0.018273688700588184,0.09253501688550203,7
ifi_allsig_w,CA1-CA3,2,11,0.026593139374345008,0.08676145888844722,7
ifi_allsig_w,CA1-CA3,2,12,0.00020354372588803665,0.07475286365594966,7
ifi_allsig_w,CA1-CA3,2,13,-0.032608317095775635,0.08274265080209818,7
ifi_allsig_w,CA1-CA3,2,14,-0.025634213250376705,0.08628868692213791,7
ifi_allsig_w,CA1-CA3,2,15,-0.02296272358784674,0.08408112600005255,7
ifi_allsig_w,CA1-CA3,2,16,-0.01691857297458726,0.08693609793476205,7
ifi_allsig_w,CA1-CA3,2,17,-0.007007760075513082,0.09327832988607701,7
ifi_allsig_w,CA1-CA3,2,18,-0.007052883400765437,0.09460268571233976,7
ifi_allsig_w,CA1-CA3,2,19,0.03771447863004381,0.07374427176671215,7
ifi_allsig_w,CA1-CA3,2,20,0.03807309092893063,0.07073864182266341,7
ifi_allsig_w,CA1-CA3,2,21,0.04523056054440259,0.07230290338997582,7
ifi_allsig_w,CA1-CA3,2,22,0.05163991843504222,0.06978096678880842,7
ifi_allsig_w,CA1-CA3,2,23,0.050929486157933926,0.06406965322636024,7
ifi_allsig_w,CA1-CA3,2,24,0.04884633329764446,0.06594661396587388,7
ifi_allsig_w,CA1-CA3,2,25,0.052229910174574685,0.06325467514845243,7
ifi_allsig_w,CA1-DG,0,1,0.09772687000867944,0.08556137169517834,10
ifi_allsig_w,CA1-DG,0,2,0.06276921897084801,0.07840044834481569,10
ifi_allsig_w,CA1-DG,0,3,0.06931127105100364,0.06433507439341608,10
ifi_allsig_w,CA1-DG,0,4,0.0571900323944168,0.06912721988694603,10
ifi_allsig_w,CA1-DG,0,5,0.025369512938560622,0.07191067253599186,10
ifi_allsig_w,CA1-DG,0,6,0.03600656143173793,0.06801040873698569,10
ifi_allsig_w,CA1-DG,0,7,0.03913903638690365,0.05873233211202831,10
ifi_allsig_w,CA1-DG,0,8,0.029854332035345023,0.05878898155283047,10
ifi_allsig_w,CA1-DG,0,9,0.054855414165772234,0.05309420566692736,10
ifi_allsig_w,CA1-DG,0,10,0.06309183826551347,0.052985995043642486,10
ifi_allsig_w,CA1-DG,0,11,0.05801182808740481,0.053611728237351164,10
ifi_allsig_w,CA1-DG,0,12,0.04971620895873408,0.04177188390495157,10
ifi_allsig_w,CA1-DG,0,13,0.04570143796228947,0.03455264924943168,10
ifi_allsig_w,CA1-DG,0,14,0.046684048512481535,0.029413981918039036,10
ifi_allsig_w,CA1-DG,0,15,0.04312040113490847,0.029464953087426606,10
ifi_allsig_w,CA1-DG,0,16,0.052148950666434546,0.029571192886295766,10
ifi_allsig_w,CA1-DG,0,17,0.03657170357855374,0.03216621529648762,10
ifi_allsig_w,CA1-DG,0,18,0.043381099965806406,0.033081592119238404,10
ifi_allsig_w,CA1-DG,0,19,0.04597175458885833,0.03387275671911818,10
ifi_allsig_w,CA1-DG,0,20,0.05563191147124058,0.03478074514723326,10
ifi_allsig_w,CA1-DG,0,21,0.05791495556239558,0.03701217917783099,10
ifi_allsig_w,CA1-DG,0,22,0.05116359972851815,0.037476034241574495,10
ifi_allsig_w,CA1-DG,0,23,0.0457704487438605,0.040767328511764414,10
ifi_allsig_w,CA1-DG,0,24,0.04628725273952901,0.04101292400843024,10
ifi_allsig_w,CA1-DG,0,25,0.043206906954042404,0.04113069932234503,10
ifi_allsig_w,CA1-DG,1,1,0.025038474469942694,0.09681592271846094,10
ifi_allsig_w,CA1-DG,1,2,-0.016832763932502836,0.1280340070930028,10
ifi_allsig_w,CA1-DG,1,3,0.04260580603301009,0.05727979822283921,10
ifi_allsig_w,CA1-DG,1,4,0.04059875981346652,0.054505342846359266,10
ifi_allsig_w,CA1-DG,1,5,0.021874449432922764,0.061774731003844424,10
ifi_allsig_w,CA1-DG,1,6,0.053652164626510644,0.05488630819245159,10
ifi_allsig_w,CA1-DG,1,7,0.05734336773778872,0.05202201400500425,10
ifi_allsig_w,CA1-DG,1,8,0.0611904263006995,0.04570346541105187,10
ifi_allsig_w,CA1-DG,1,9,0.08759301021515159,0.04265592293444586,10
ifi_allsig_w,CA1-DG,1,10,0.08187059691141368,0.0448834356499185,10
ifi_allsig_w,CA1-DG,1,11,0.0795130084516928,0.04455894561987199,10
ifi_allsig_w,CA1-DG,1,12,0.0751615274826046,0.036302776821543425,10
ifi_allsig_w,CA1-DG,1,13,0.0702171145668314,0.03250003821034863,10
ifi_allsig_w,CA1-DG,1,14,0.06223793094575356,0.03237934772303089,10
ifi_allsig_w,CA1-DG,1,15,0.04916889115402899,0.03229822486717612,10
ifi_allsig_w,CA1-DG,1,16,0.05517963027575307,0.02894854920920744,10
ifi_allsig_w,CA1-DG,1,17,0.03985041551109242,0.032821618676537,10
ifi_allsig_w,CA1-DG,1,18,0.04115328827687916,0.03483262310699402,10
ifi_allsig_w,CA1-DG,1,19,0.039440521179016044,0.03464340458619154,10
ifi_allsig_w,CA1-DG,1,20,0.047849824952397396,0.032701619934754046,10
ifi_allsig_w,CA1-DG,1,21,0.053101141206033056,0.03482815996521967,10
ifi_allsig_w,CA1-DG,1,22,0.04678446440618423,0.03692123534417244,10
ifi_allsig_w,CA1-DG,1,23,0.043017463639559925,0.04026573576508888,10
ifi_allsig_w,CA1-DG,1,24,0.04129867850122948,0.03970066209662588,10
ifi_allsig_w,CA1-DG,1,25,0.040153549781421494,0.039248898377559654,10
ifi_allsig_w,CA1-DG,2,1,0.024521857271470077,0.09445855548646089,10
ifi_allsig_w,CA1-DG,2,2,-0.007882832542443622,0.1392307976961979,10
ifi_allsig_w,CA1-DG,2,3,0.06339009392300404,0.06933552171336277,10
ifi_allsig_w,CA1-DG,2,4,0.06260391821402332,0.06573593717394413,10
ifi_allsig_w,CA1-DG,2,5,0.03564334313756893,0.06693231396205938,10
ifi_allsig_w,CA1-DG,2,6,0.07601422459670178,0.058372243523851355,10
ifi_allsig_w,CA1-DG,2,7,0.0928845645234204,0.05824217510220229,10
ifi_allsig_w,CA1-DG,2,8,0.09852774836199893,0.04759202157565106,10
ifi_allsig_w,CA1-DG,2,9,0.12136445785467154,0.04439591873173348,10
ifi_allsig_w,CA1-DG,2,10,0.10938405333531916,0.04728672452212534,10
ifi_allsig_w,CA1-DG,2,11,0.10262992754876994,0.048509943984357054,10
ifi_allsig_w,CA1-DG,2,12,0.09168349010703902,0.04141407531619613,10
ifi_allsig_w,CA1-DG,2,13,0.08449245970147103,0.03675560256543721,10
ifi_allsig_w,CA1-DG,2,14,0.07824371324270116,0.03592453152885192,10
ifi_allsig_w,CA1-DG,2,15,0.06703181688063362,0.03494811255749668,10
ifi_allsig_w,CA1-DG,2,16,0.07179966620997397,0.02987525333470911,10
ifi_allsig_w,CA1-DG,2,17,0.057419869236407794,0.033174774954980585,10
ifi_allsig_w,CA1-DG,2,18,0.0566510048179296,0.03339899582510585,10
ifi_allsig_w,CA1-DG,2,19,0.055317331443051065,0.032257483364552746,10
ifi_allsig_w,CA1-DG,2,20,0.06420263007198844,0.03007788503068422,10
ifi_allsig_w,CA1-DG,2,21,0.06949674269319404,0.03225447338359655,10
ifi_allsig_w,CA1-DG,2,22,0.06085053886519211,0.03410981138509556,10
ifi_allsig_w,CA1-DG,2,23,0.05440522037222355,0.03765292150994772,10
ifi_allsig_w,CA1-DG,2,24,0.0506610913715172,0.037916574506629414,10
ifi_allsig_w,CA1-DG,2,25,0.04687707473332331,0.03746324481826391,10
ifi_allsig_w,CA1-RSC,0,1,0.03190279714698907,0.10798047198631722,12
ifi_allsig_w,CA1-RSC,0,2,0.052106339171348943,0.08877641223908077,12
ifi_allsig_w,CA1-RSC,0,3,-0.0341604178188099,0.09113674724410642,12
ifi_allsig_w,CA1-RSC,0,4,-0.001941523292781212,0.09003774055345551,12
ifi_allsig_w,CA1-RSC,0,5,-0.011462372352121364,0.0851920152898916,12
ifi_allsig_w,CA1-RSC,0,6,-0.03424073604148772,0.08258294519456975,12
ifi_allsig_w,CA1-RSC,0,7,-0.037849421440875435,0.0744522801602609,12
ifi_allsig_w,CA1-RSC,0,8,-0.013464257838159938,0.07202868664417288,12
ifi_allsig_w,CA1-RSC,0,9,0.03691035820503643,0.06376918535647479,12
ifi_allsig_w,CA1-RSC,0,10,0.010027724967211575,0.054176384382585485,12
ifi_allsig_w,CA1-RSC,0,11,0.011440969991287284,0.04560205174641773,12
ifi_allsig_w,CA1-RSC,0,12,0.027046111278885076,0.03834428946803556,12
ifi_allsig_w,CA1-RSC,0,13,0.031520983494788844,0.03579587910087419,12
ifi_allsig_w,CA1-RSC,0,14,0.021110485504342736,0.03719096299435149,12
ifi_allsig_w,CA1-RSC,0,15,0.015413697575020688,0.0382538337161668,12
ifi_allsig_w,CA1-RSC,0,16,0.011694435232947442,0.035658792261649586,12
ifi_allsig_w,CA1-RSC,0,17,0.0007332753825313362,0.0339553698018988,12
ifi_allsig_w,CA1-RSC,0,18,-0.0038634197241535044,0.03193720073525739,12
ifi_allsig_w,CA1-RSC,0,19,0.0037328662436420974,0.028247161290285507,12
ifi_allsig_w,CA1-RSC,0,20,0.00784061227468101,0.028335679688603115,12
ifi_allsig_w,CA1-RSC,0,21,0.010709126182013829,0.02878547448560234,12
ifi_allsig_w,CA1-RSC,0,22,0.0128500462371501,0.02776548174388728,12
ifi_allsig_w,CA1-RSC,0,23,0.011050665338141653,0.026819427884037742,12
ifi_allsig_w,CA1-RSC,0,24,0.012846981777509404,0.025394438651262025,12
ifi_allsig_w,CA1-RSC,0,25,0.017198452080791373,0.02590355986968813,12
ifi_allsig_w,CA1-RSC,1,1,0.01835139598406322,0.10705892324768054,12
ifi_allsig_w,CA1-RSC,1,2,0.04048143431028095,0.11268620141586894,12
ifi_allsig_w,CA1-RSC,1,3,-0.03959367080438323,0.10499628310095975,12
ifi_allsig_w,CA1-RSC,1,4,-0.018582081906419044,0.10399416435434224,12
ifi_allsig_w,CA1-RSC,1,5,-0.042838581744576255,0.09326518158942526,12
ifi_allsig_w,CA1-RSC,1,6,-0.0587279623913755,0.09399645708541118,12
ifi_allsig_w,CA1-RSC,1,7,-0.06338903764913302,0.0876465912902642,12
ifi_allsig_w,CA1-RSC,1,8,-0.030017275674499484,0.08404242521746576,12
ifi_allsig_w,CA1-RSC,1,9,0.026785450291318392,0.07464897696975943,12
ifi_allsig_w,CA1-RSC,1,10,0.005648654609821301,0.06568293018293335,12
ifi_allsig_w,CA1-RSC,1,11,0.007671947743075153,0.0521624684726473,12
ifi_allsig_w,CA1-RSC,1,12,0.02193672717037695,0.04151175371392217,12
ifi_allsig_w,CA1-RSC,1,13,0.024148690550064845,0.037246584349963724,12
ifi_allsig_w,CA1-RSC,1,14,0.021329573406874514,0.04130005578689797,12
ifi_allsig_w,CA1-RSC,1,15,0.017172243110965664,0.04165554048688691,12
ifi_allsig_w,CA1-RSC,1,16,0.014607107107086617,0.037735277130079986,12
ifi_allsig_w,CA1-RSC,1,17,0.00012098130932759049,0.03494295105224617,12
ifi_allsig_w,CA1-RSC,1,18,-0.007068178402533512,0.03365593070652312,12
ifi_allsig_w,CA1-RSC,1,19,0.0031819372351783843,0.030063383035434887,12
ifi_allsig_w,CA1-RSC,1,20,0.009052662335524894,0.029731694780016187,12
ifi_allsig_w,CA1-RSC,1,21,0.01400866182933271,0.029415841883339816,12
ifi_allsig_w,CA1-RSC,1,22,0.01830553094398557,0.02892471518003202,12
ifi_allsig_w,CA1-RSC,1,23,0.019509367948117872,0.02777221445129725,12
ifi_allsig_w,CA1-RSC,1,24,0.020115124943095416,0.026223885999796186,12
ifi_allsig_w,CA1-RSC,1,25,0.028840660732824323,0.02634547917567563,12
ifi_allsig_w,CA1-RSC,2,1,0.16879846993096162,0.13789239056634692,12
ifi_allsig_w,CA1-RSC,2,2,0.06318726607770775,0.12830176111013264,12
ifi_allsig_w,CA1-RSC,2,3,0.014501371081108745,0.10928740178035835,12
ifi_allsig_w,CA1-RSC,2,4,-0.021786331559567513,0.09538849653924572,12
ifi_allsig_w,CA1-RSC,2,5,-0.04171741308478714,0.09210982093640789,12
ifi_allsig_w,CA1-RSC,2,6,-0.0625219077132098,0.09492723298446532,12
ifi_allsig_w,CA1-RSC,2,7,-0.06515576410993569,0.09124760544389034,12
ifi_allsig_w,CA1-RSC,2,8,-0.058292961883223825,0.08517419124494711,12
ifi_allsig_w,CA1-RSC,2,9,-0.007497802856871789,0.0703593441933995,12
ifi_allsig_w,CA1-RSC,2,10,-0.009500116793387347,0.06103722878582284,12
ifi_allsig_w,CA1-RSC,2,11,-0.01004976281102489,0.04743537268888469,12
ifi_allsig_w,CA1-RSC,2,12,0.019046791300730167,0.039533393994565645,12
ifi_allsig_w,CA1-RSC,2,13,0.020411022694316588,0.03523721937210882,12
ifi_allsig_w,CA1-RSC,2,14,0.019187332244522265,0.0382414467329415,12
ifi_allsig_w,CA1-RSC,2,15,0.017026233292913258,0.03895355530249631,12
ifi_allsig_w,CA1-RSC,2,16,0.010453714076460363,0.03669063658013748,12
ifi_allsig_w,CA1-RSC,2,17,-0.007239807569227431,0.03231250352150473,12
ifi_allsig_w,CA1-RSC,2,18,-0.011532851756134143,0.03232313872138202,12
ifi_allsig_w,CA1-RSC,2,19,-0.0033106014909104337,0.030065576728698296,12
ifi_allsig_w,CA1-RSC,2,20,0.0028810083129226435,0.02950321348743651,12
ifi_allsig_w,CA1-RSC,2,21,0.004792760508695741,0.02801148536576398,12
ifi_allsig_w,CA1-RSC,2,22,0.0062369712736917785,0.026560846662504675,12
ifi_allsig_w,CA1-RSC,2,23,0.006737610116597574,0.02556317713324612,12
ifi_allsig_w,CA1-RSC,2,24,0.0035756211142366746,0.023927070311650186,12
ifi_allsig_w,CA1-RSC,2,25,0.01603778808743177,0.02536737617675505,12
ifi_allsig_w,CA1-SUB,0,1,0.018945500424359277,0.09514590711513117,6
ifi_allsig_w,CA1-SUB,0,2,-0.029838439428492725,0.06921677571064427,6
ifi_allsig_w,CA1-SUB,0,3,-0.011937118104137306,0.1465723004415458,6
ifi_allsig_w,CA1-SUB,0,4,0.02800520440071064,0.12159476542080405,6
ifi_allsig_w,CA1-SUB,0,5,-0.005275841676336578,0.09609106800706652,6
ifi_allsig_w,CA1-SUB,0,6,-0.06786307134023208,0.06841245477896599,6
ifi_allsig_w,CA1-SUB,0,7,-0.07260331925942547,0.06794528664475602,6
ifi_allsig_w,CA1-SUB,0,8,-0.06440090322170262,0.06080199941539437,6
ifi_allsig_w,CA1-SUB,0,9,-0.0606472842379527,0.05888643382436122,6
ifi_allsig_w,CA1-SUB,0,10,-0.02137156316825274,0.056557003518567676,6
ifi_allsig_w,CA1-SUB,0,11,-0.0016601074080802626,0.05805464107336033,6
ifi_allsig_w,CA1-SUB,0,12,-0.030043300606609646,0.05995291976111644,6
ifi_allsig_w,CA1-SUB,0,13,-0.029598606925872097,0.07465697859982574,6
ifi_allsig_w,CA1-SUB,0,14,-0.01984524107849583,0.08502999301849815,6
ifi_allsig_w,CA1-SUB,0,15,-0.022318491642547594,0.09208843287262983,6
ifi_allsig_w,CA1-SUB,0,16,-0.017716657912879605,0.08959930495389865,6
ifi_allsig_w,CA1-SUB,0,17,-0.03382794734420874,0.09125585953563108,6
ifi_allsig_w,CA1-SUB,0,18,-0.027353782170831745,0.09459442023642119,6
ifi_allsig_w,CA1-SUB,0,19,-0.02151809455503717,0.09747430797124608,6
ifi_allsig_w,CA1-SUB,0,20,-0.02742010497823987,0.09404053683726706,6
ifi_allsig_w,CA1-SUB,0,21,-0.03310051572769584,0.08878618107195002,6
ifi_allsig_w,CA1-SUB,0,22,-0.03508533766675111,0.08425120814227481,6
ifi_allsig_w,CA1-SUB,0,23,-0.039656619455088186,0.08594996666553109,6
ifi_allsig_w,CA1-SUB,0,24,-0.04550081698505337,0.0788629958692911,6
ifi_allsig_w,CA1-SUB,0,25,-0.0485222341856949,0.07802201920335022,6
ifi_allsig_w,CA1-SUB,1,1,-0.07303601101178454,0.09252847959660619,6
ifi_allsig_w,CA1-SUB,1,2,-0.02472739067278687,0.06735209764920086,6
ifi_allsig_w,CA1-SUB,1,3,-0.026527085342805994,0.13795692208144755,6
ifi_allsig_w,CA1-SUB,1,4,0.06845035282690276,0.15183109670411868,6
ifi_allsig_w,CA1-SUB,1,5,0.030726753234621814,0.13364642011457703,6
ifi_allsig_w,CA1-SUB,1,6,-0.00842270616102434,0.10085748607330394,6
ifi_allsig_w,CA1-SUB,1,7,-0.019484992955896147,0.10539937457869743,6
ifi_allsig_w,CA1-SUB,1,8,-0.018338820113185567,0.09297446028025573,6
ifi_allsig_w,CA1-SUB,1,9,-0.004154305298853128,0.08437715753444307,6
ifi_allsig_w,CA1-SUB,1,10,0.04059327722357862,0.08294598370994465,6
ifi_allsig_w,CA1-SUB,1,11,0.06463491304405766,0.0789330123977774,6
ifi_allsig_w,CA1-SUB,1,12,0.035786807307446926,0.08350954009077952,6
ifi_allsig_w,CA1-SUB,1,13,0.026696523316233983,0.1014990445660645,6
ifi_allsig_w,CA1-SUB,1,14,0.040667376760765456,0.10840391165759304,6
ifi_allsig_w,CA1-SUB,1,15,0.057362063138305795,0.10935445480240812,6
ifi_allsig_w,CA1-SUB,1,16,0.0599215634920906,0.10056654664681391,6
ifi_allsig_w,CA1-SUB,1,17,0.041674817965179356,0.1035520642233881,6
ifi_allsig_w,CA1-SUB,1,18,0.049745974352070475,0.11006149160020137,6
ifi_allsig_w,CA1-SUB,1,19,0.05725635794501594,0.11355152509485966,6
ifi_allsig_w,CA1-SUB,1,20,0.046369329004198406,0.1082378427437161,6
ifi_allsig_w,CA1-SUB,1,21,0.03388692403311499,0.10504528637081281,6
ifi_allsig_w,CA1-SUB,1,22,0.02916008433804816,0.10205602644791706,6
ifi_allsig_w,CA1-SUB,1,23,0.023128874246631754,0.10373635741600092,6
ifi_allsig_w,CA1-SUB,1,24,0.015595323079593713,0.09748325955247335,6
ifi_allsig_w,CA1-SUB,1,25,0.012006006622392722,0.09477044155510689,6
ifi_allsig_w,CA1-SUB,2,1,0.023976063713284455,0.10314627250787727,6
ifi_allsig_w,CA1-SUB,2,2,0.024369845864510933,0.0655564913672636,6
ifi_allsig_w,CA1-SUB,2,3,0.04738187946429839,0.12871222478425395,6
ifi_allsig_w,CA1-SUB,2,4,0.1384971932313234,0.13828293187207652,6
ifi_allsig_w,CA1-SUB,2,5,0.06289744928638576,0.1268989379466618,6
ifi_allsig_w,CA1-SUB,2,6,0.014415087889690703,0.1011060810411764,6
ifi_allsig_w,CA1-SUB,2,7,0.009999084915752231,0.10710587467689008,6
ifi_allsig_w,CA1-SUB,2,8,-0.0015729501706022754,0.09730458298367049,6
ifi_allsig_w,CA1-SUB,2,9,0.009896937742739484,0.09265386610727755,6
ifi_allsig_w,CA1-SUB,2,10,0.06917132727974278,0.08187516544137345,6
ifi_allsig_w,CA1-SUB,2,11,0.07778310230262026,0.08301782969265249,6
ifi_allsig_w,CA1-SUB,2,12,0.04313645818049713,0.08613525560003607,6
ifi_allsig_w,CA1-SUB,2,13,0.03453596625645772,0.10658946862181394,6
ifi_allsig_w,CA1-SUB,2,14,0.03494710047661681,0.11664325751592028,6
ifi_allsig_w,CA1-SUB,2,15,0.04603788297961906,0.11738771812053118,6
ifi_allsig_w,CA1-SUB,2,16,0.04488007443714697,0.10981017485137005,6
ifi_allsig_w,CA1-SUB,2,17,0.02839425874376021,0.1121399365437517,6
ifi_allsig_w,CA1-SUB,2,18,0.04595898520137884,0.1159693052473075,6
ifi_allsig_w,CA1-SUB,2,19,0.05359971905807503,0.11704109181046306,6
ifi_allsig_w,CA1-SUB,2,20,0.046776608154135486,0.1113848145907806,6
ifi_allsig_w,CA1-SUB,2,21,0.03384359046598784,0.10907440775970158,6
ifi_allsig_w,CA1-SUB,2,22,0.03196235660554541,0.10554681131837265,6
ifi_allsig_w,CA1-SUB,2,23,0.026879760947732468,0.10746321162572335,6
ifi_allsig_w,CA1-SUB,2,24,0.018764177249525664,0.1030452847452339,6
ifi_allsig_w,CA1-SUB,2,25,0.014003287042494388,0.10071340875621439,6
ifi_allsig_w,CA1-V1,0,1,0.10974163872067949,0.08099120245251307,12
ifi_allsig_w,CA1-V1,0,2,0.11689375332791013,0.07238627687608981,12
ifi_allsig_w,CA1-V1,0,3,0.024114681718569453,0.08811731361077971,12
ifi_allsig_w,CA1-V1,0,4,0.019110474288604767,0.07425005083376726,12
ifi_allsig_w,CA1-V1,0,5,-0.004689467123508088,0.07989526271373293,12
ifi_allsig_w,CA1-V1,0,6,-0.04482398473659107,0.08006817479727903,12
ifi_allsig_w,CA1-V1,0,7,-0.05103746047279681,0.06872726420454683,12
ifi_allsig_w,CA1-V1,0,8,-0.07316978266566973,0.07289191905443908,12
ifi_allsig_w,CA1-V1,0,9,-0.10524670789243783,0.07499799470085135,12
ifi_allsig_w,CA1-V1,0,10,-0.10919210633312804,0.06526355380057434,12
ifi_allsig_w,CA1-V1,0,11,-0.10688307189882977,0.06519907365031515,12
ifi_allsig_w,CA1-V1,0,12,-0.10203267772553086,0.060574989596209855,12
ifi_allsig_w,CA1-V1,0,13,-0.09805095847763634,0.058118367458184446,12
ifi_allsig_w,CA1-V1,0,14,-0.09405209909642552,0.053756000485151334,12
ifi_allsig_w,CA1-V1,0,15,-0.07565026089114134,0.049727580808028,12
ifi_allsig_w,CA1-V1,0,16,-0.08039507180338741,0.048619593966789394,12
ifi_allsig_w,CA1-V1,0,17,-0.0811915909951299,0.04920857872306369,12
ifi_allsig_w,CA1-V1,0,18,-0.07295692804375918,0.04737003096030528,12
ifi_allsig_w,CA1-V1,0,19,-0.07783477608624516,0.04885371369418905,12
ifi_allsig_w,CA1-V1,0,20,-0.07673049465076649,0.04893894680895055,12
ifi_allsig_w,CA1-V1,0,21,-0.0849912776150719,0.05066875921463633,12
ifi_allsig_w,CA1-V1,0,22,-0.07758806649111293,0.04629696192067784,12
ifi_allsig_w,CA1-V1,0,23,-0.07228730281432678,0.0441261198271872,12
ifi_allsig_w,CA1-V1,0,24,-0.06686080134374794,0.04345342293658113,12
ifi_allsig_w,CA1-V1,0,25,-0.0654555627421419,0.042414892764892,12
ifi_allsig_w,CA1-V1,1,1,0.16346370571116162,0.08351457715065322,12
ifi_allsig_w,CA1-V1,1,2,0.13045158415883798,0.07212393560962854,12
ifi_allsig_w,CA1-V1,1,3,0.011166734869250801,0.10012762471588635,12
ifi_allsig_w,CA1-V1,1,4,0.015615277803740793,0.08317030959483646,12
ifi_allsig_w,CA1-V1,1,5,-0.000687265704142123,0.09044137943246702,12
ifi_allsig_w,CA1-V1,1,6,-0.03745742534408732,0.08462488993544731,12
ifi_allsig_w,CA1-V1,1,7,-0.05348397213827588,0.07358820909650847,12
ifi_allsig_w,CA1-V1,1,8,-0.0764072061908994,0.07357920452279908,12
ifi_allsig_w,CA1-V1,1,9,-0.10371184353402396,0.07242281696784805,12
ifi_allsig_w,CA1-V1,1,10,-0.10627809980256453,0.06410050826114108,12
ifi_allsig_w,CA1-V1,1,11,-0.09331511266652258,0.06189953818849231,12
ifi_allsig_w,CA1-V1,1,12,-0.08684943648638584,0.057875056393199134,12
ifi_allsig_w,CA1-V1,1,13,-0.08583885076123837,0.05638840581418333,12
ifi_allsig_w,CA1-V1,1,14,-0.09097127763007518,0.0506172923960499,12
ifi_allsig_w,CA1-V1,1,15,-0.07494433281781496,0.04675826207522642,12
ifi_allsig_w,CA1-V1,1,16,-0.08316632985687934,0.04552662378668756,12
ifi_allsig_w,CA1-V1,1,17,-0.08460890191832948,0.04670403780381716,12
ifi_allsig_w,CA1-V1,1,18,-0.07322900486173801,0.046109308701528504,12
ifi_allsig_w,CA1-V1,1,19,-0.07883950891995957,0.048857608273848226,12
ifi_allsig_w,CA1-V1,1,20,-0.07416842498040281,0.04860253841290339,12
ifi_allsig_w,CA1-V1,1,21,-0.0813525076158876,0.05095570577850427,12
ifi_allsig_w,CA1-V1,1,22,-0.07816499642810866,0.04751312784719224,12
ifi_allsig_w,CA1-V1,1,23,-0.07357524941731348,0.04530443798443657,12
ifi_allsig_w,CA1-V1,1,24,-0.06726165275029432,0.04420122811467594,12
ifi_allsig_w,CA1-V1,1,25,-0.06273585985214575,0.042955876044056845,12
ifi_allsig_w,CA1-V1,2,1,0.09895286580349132,0.06986803141934418,12
ifi_allsig_w,CA1-V1,2,2,0.06053048974890235,0.08576296712372111,12
ifi_allsig_w,CA1-V1,2,3,0.011955491064456356,0.10222479345863701,12
ifi_allsig_w,CA1-V1,2,4,0.016159000328091512,0.08454537600484267,12
ifi_allsig_w,CA1-V1,2,5,-0.009095559390977158,0.09679605594256921,12
ifi_allsig_w,CA1-V1,2,6,-0.03997813360333715,0.08785519855257713,12
ifi_allsig_w,CA1-V1,2,7,-0.05815435860987458,0.07970622295545131,12
ifi_allsig_w,CA1-V1,2,8,-0.08183362533708795,0.07752789198084002,12
ifi_allsig_w,CA1-V1,2,9,-0.11890986861197023,0.08100447177317174,12
ifi_allsig_w,CA1-V1,2,10,-0.1028466678281401,0.06732910904568414,12
ifi_allsig_w,CA1-V1,2,11,-0.09585245769895778,0.06711225262869733,12
ifi_allsig_w,CA1-V1,2,12,-0.10201110767265577,0.06005879659300517,12
ifi_allsig_w,CA1-V1,2,13,-0.0936283447282868,0.06049752456830566,12
ifi_allsig_w,CA1-V1,2,14,-0.08747095655644799,0.05615220489828796,12
ifi_allsig_w,CA1-V1,2,15,-0.07520737778279117,0.050980450004740704,12
ifi_allsig_w,CA1-V1,2,16,-0.06463663255659179,0.04574121122819619,12
ifi_allsig_w,CA1-V1,2,17,-0.06078259124421324,0.04627092477015552,12
ifi_allsig_w,CA1-V1,2,18,-0.06211177473118378,0.04897306515741581,12
ifi_allsig_w,CA1-V1,2,19,-0.07153373646450366,0.051086827434232845,12
ifi_allsig_w,CA1-V1,2,20,-0.06430307136826739,0.051858924904722596,12
ifi_allsig_w,CA1-V1,2,21,-0.07255800387847931,0.05427676534950569,12
ifi_allsig_w,CA1-V1,2,22,-0.07146683399805924,0.051987931165903147,12
ifi_allsig_w,CA1-V1,2,23,-0.06641971716031908,0.05114359498422183,12
ifi_allsig_w,CA1-V1,2,24,-0.053261815952789636,0.04947069250388527,12
ifi_allsig_w,CA1-V1,2,25,-0.05175303690492141,0.049120160805437754,12
ifi_allsig_w,CA3-DG,0,1,0.07389584561016796,0.06919946546937551,5
ifi_allsig_w,CA3-DG,0,2,0.15084508193523888,0.10912590084782293,5
ifi_allsig_w,CA3-DG,0,3,0.22724516332722247,0.14633553223545362,5
ifi_allsig_w,CA3-DG,0,4,0.21471981312533486,0.14762692575391206,5
ifi_allsig_w,CA3-DG,0,5,0.171286374716451,0.10451742628737745,5
ifi_allsig_w,CA3-DG,0,6,0.1409018512400598,0.08059766397633812,5
ifi_allsig_w,CA3-DG,0,7,0.14147724170187354,0.07417550261395554,5
ifi_allsig_w,CA3-DG,0,8,0.09687442808447214,0.036163247712783904,5
ifi_allsig_w,CA3-DG,0,9,0.07878190175163208,0.028879742296848854,5
ifi_allsig_w,CA3-DG,0,10,0.058243281876310095,0.025922323754739473,5
ifi_allsig_w,CA3-DG,0,11,0.053665316425226726,0.028384874793283756,5
ifi_allsig_w,CA3-DG,0,12,0.036897762911557955,0.031039123325788467,5
ifi_allsig_w,CA3-DG,0,13,0.034295127673047536,0.029511305860209402,5
ifi_allsig_w,CA3-DG,0,14,0.05651422526642256,0.039443157873438585,5
ifi_allsig_w,CA3-DG,0,15,0.07290091866640318,0.03576986960915788,5
ifi_allsig_w,CA3-DG,0,16,0.07972294008935224,0.031854744914553895,5
ifi_allsig_w,CA3-DG,0,17,0.08241832162436788,0.038931594149596606,5
ifi_allsig_w,CA3-DG,0,18,0.08295156739013279,0.04052209914996761,5
ifi_allsig_w,CA3-DG,0,19,0.08027518029233785,0.045027201057172055,5
ifi_allsig_w,CA3-DG,0,20,0.08500994740682367,0.047745755244129204,5
ifi_allsig_w,CA3-DG,0,21,0.0855835166500978,0.051963704411511026,5
ifi_allsig_w,CA3-DG,0,22,0.07396277429492706,0.04546354115916277,5
ifi_allsig_w,CA3-DG,0,23,0.0681644923987991,0.040567990081892095,5
ifi_allsig_w,CA3-DG,0,24,0.06920318469181376,0.0366299902313976,5
ifi_allsig_w,CA3-DG,0,25,0.06842220182222533,0.0300292600645044,5
ifi_allsig_w,CA3-DG,1,1,0.07122472371673985,0.05801927525747126,5
ifi_allsig_w,CA3-DG,1,2,0.1316183000005103,0.08149085505949986,5
ifi_allsig_w,CA3-DG,1,3,0.21635785127479373,0.14517695471544953,5
ifi_allsig_w,CA3-DG,1,4,0.213980124840557,0.1449307655392353,5
ifi_allsig_w,CA3-DG,1,5,0.16188564678270928,0.09981019688253163,5
ifi_allsig_w,CA3-DG,1,6,0.1256693048451723,0.07599141642662016,5
ifi_allsig_w,CA3-DG,1,7,0.1261653426091384,0.07052449285884946,5
ifi_allsig_w,CA3-DG,1,8,0.08218355524094742,0.033077733202186155,5
ifi_allsig_w,CA3-DG,1,9,0.06711382617843896,0.02844470687480845,5
ifi_allsig_w,CA3-DG,1,10,0.04944461749239952,0.02735489068446971,5
ifi_allsig_w,CA3-DG,1,11,0.04904132208596123,0.03530829918431959,5
ifi_allsig_w,CA3-DG,1,12,0.03322947626222477,0.04158146187446253,5
ifi_allsig_w,CA3-DG,1,13,0.030023465078414385,0.03968329831071075,5
ifi_allsig_w,CA3-DG,1,14,0.05942664982554977,0.053159090747358584,5
ifi_allsig_w,CA3-DG,1,15,0.07182455565447772,0.04625396479652034,5
ifi_allsig_w,CA3-DG,1,16,0.079061914575316,0.041175772849876224,5
ifi_allsig_w,CA3-DG,1,17,0.08054262121831128,0.04633657791896974,5
ifi_allsig_w,CA3-DG,1,18,0.07826782755752074,0.04676463614628321,5
ifi_allsig_w,CA3-DG,1,19,0.07494545491995344,0.05086137388261874,5
ifi_allsig_w,CA3-DG,1,20,0.07883046186591006,0.05373286886822872,5
ifi_allsig_w,CA3-DG,1,21,0.07824597734492171,0.05846253076404816,5
ifi_allsig_w,CA3-DG,1,22,0.06565009754326158,0.05201788250524619,5
ifi_allsig_w,CA3-DG,1,23,0.057589351342573994,0.04544005705194736,5
ifi_allsig_w,CA3-DG,1,24,0.05629038778657439,0.040987652847512365,5
ifi_allsig_w,CA3-DG,1,25,0.0562866749780182,0.03490011305058167,5
ifi_allsig_w,CA3-DG,2,1,0.09476121763622405,0.060383496028615744,5
ifi_allsig_w,CA3-DG,2,2,0.12916800353566896,0.08282098777768694,5
ifi_allsig_w,CA3-DG,2,3,0.2110426658207528,0.13928535743781742,5
ifi_allsig_w,CA3-DG,2,4,0.2099561908322332,0.14098554749926276,5
ifi_allsig_w,CA3-DG,2,5,0.15155087876099912,0.0926539496462651,5
ifi_allsig_w,CA3-DG,2,6,0.114674536284104,0.07151977161908123,5
ifi_allsig_w,CA3-DG,2,7,0.1346800130571603,0.06672726494765316,5
ifi_allsig_w,CA3-DG,2,8,0.12165859347217882,0.060639772931506894,5
ifi_allsig_w,CA3-DG,2,9,0.10377360207186695,0.05541696574576474,5
ifi_allsig_w,CA3-DG,2,10,0.08858981109267498,0.05629206510727514,5
ifi_allsig_w,CA3-DG,2,11,0.08820470947709498,0.0683058569728214,5
ifi_allsig_w,CA3-DG,2,12,0.07880267715592407,0.07023763438693659,5
ifi_allsig_w,CA3-DG,2,13,0.07165713285686079,0.06586920011216944,5
ifi_allsig_w,CA3-DG,2,14,0.06765132315434752,0.05696046522696032,5
ifi_allsig_w,CA3-DG,2,15,0.07409535879162292,0.05190355483380866,5
ifi_allsig_w,CA3-DG,2,16,0.07425202071293129,0.04893587388429692,5
ifi_allsig_w,CA3-DG,2,17,0.07305430195786536,0.0549854225786089,5
ifi_allsig_w,CA3-DG,2,18,0.07247012241730569,0.055010495913675635,5
ifi_allsig_w,CA3-DG,2,19,0.06740247599870249,0.05909987768434978,5
ifi_allsig_w,CA3-DG,2,20,0.07111301965275141,0.06175194201987083,5
ifi_allsig_w,CA3-DG,2,21,0.06931050434012156,0.06605020011905186,5
ifi_allsig_w,CA3-DG,2,22,0.05577838085175946,0.06044129404357931,5
ifi_allsig_w,CA3-DG,2,23,0.04676294659039095,0.05409759963494783,5
ifi_allsig_w,CA3-DG,2,24,0.04766474139606158,0.04874187614182921,5
ifi_allsig_w,CA3-DG,2,25,0.04976736238556031,0.042727343539623444,5
ifi_allsig_w,RSC-SUB,0,1,0.027330993840050232,0.08985597314046635,7
ifi_allsig_w,RSC-SUB,0,2,0.0881059336805076,0.0905664459452536,7
ifi_allsig_w,RSC-SUB,0,3,0.15518380665515838,0.10360665821261064,7
ifi_allsig_w,RSC-SUB,0,4,0.12929656623605795,0.1078717801561231,7
ifi_allsig_w,RSC-SUB,0,5,0.11260405246675065,0.10232983351377498,7
ifi_allsig_w,RSC-SUB,0,6,0.10815770157228623,0.09998229620464624,7
ifi_allsig_w,RSC-SUB,0,7,0.09975783753887349,0.09380171865891294,7
ifi_allsig_w,RSC-SUB,0,8,0.1068244696844989,0.08650207031817521,7
ifi_allsig_w,RSC-SUB,0,9,0.11563970560558157,0.08117340290977412,7
ifi_allsig_w,RSC-SUB,0,10,0.0977778846494202,0.07203462980285766,7
ifi_allsig_w,RSC-SUB,0,11,0.08578515475471994,0.06192085934329485,7
ifi_allsig_w,RSC-SUB,0,12,0.07841438231431692,0.057637008614729486,7
ifi_allsig_w,RSC-SUB,0,13,0.07460630319360825,0.056099436876109736,7
ifi_allsig_w,RSC-SUB,0,14,0.07091999499439426,0.04922574795027916,7
ifi_allsig_w,RSC-SUB,0,15,0.07048796503501037,0.04818351866164309,7
ifi_allsig_w,RSC-SUB,0,16,0.07290696461723799,0.04894141889154665,7
ifi_allsig_w,RSC-SUB,0,17,0.06864586305190774,0.0460905074319241,7
ifi_allsig_w,RSC-SUB,0,18,0.06665778023858278,0.04247519287905348,7
ifi_allsig_w,RSC-SUB,0,19,0.06741842732100416,0.04284517797356037,7
ifi_allsig_w,RSC-SUB,0,20,0.05918833978447351,0.042855188961336436,7
ifi_allsig_w,RSC-SUB,0,21,0.05615009945405051,0.04229334046214717,7
ifi_allsig_w,RSC-SUB,0,22,0.05237387777585938,0.042100960815098974,7
ifi_allsig_w,RSC-SUB,0,23,0.047850900343398346,0.03864010446881456,7
ifi_allsig_w,RSC-SUB,0,24,0.0445025828942668,0.03716336608770055,7
ifi_allsig_w,RSC-SUB,0,25,0.0336466507986485,0.03497037229463934,7
ifi_allsig_w,RSC-SUB,1,1,0.0226759355731802,0.0769034607623072,7
ifi_allsig_w,RSC-SUB,1,2,0.10665855298174239,0.07900847939568555,7
ifi_allsig_w,RSC-SUB,1,3,0.16680241632780038,0.09682260192835537,7
ifi_allsig_w,RSC-SUB,1,4,0.1438176090141481,0.10225946914956402,7
ifi_allsig_w,RSC-SUB,1,5,0.12690573040349015,0.09722079700539614,7
ifi_allsig_w,RSC-SUB,1,6,0.12861579026609637,0.09308727935464807,7
ifi_allsig_w,RSC-SUB,1,7,0.11940646564908557,0.08831388788732307,7
ifi_allsig_w,RSC-SUB,1,8,0.11969390597845697,0.08129248120012002,7
ifi_allsig_w,RSC-SUB,1,9,0.12348769093185756,0.07407769774907476,7
ifi_allsig_w,RSC-SUB,1,10,0.10125851807211259,0.06539805360239793,7
ifi_allsig_w,RSC-SUB,1,11,0.08496226244925006,0.05617979930524295,7
ifi_allsig_w,RSC-SUB,1,12,0.08049304038990505,0.05159817408896142,7
ifi_allsig_w,RSC-SUB,1,13,0.07969622360878216,0.049533324005451025,7
ifi_allsig_w,RSC-SUB,1,14,0.07595973726829462,0.043388148384863094,7
ifi_allsig_w,RSC-SUB,1,15,0.07689377241751531,0.04439506168345829,7
ifi_allsig_w,RSC-SUB,1,16,0.07921972236356664,0.04611265644668403,7
ifi_allsig_w,RSC-SUB,1,17,0.07585948388796303,0.043942633184977736,7
ifi_allsig_w,RSC-SUB,1,18,0.07434312388627536,0.04056279514157158,7
ifi_allsig_w,RSC-SUB,1,19,0.07378622906311769,0.04121523573256489,7
ifi_allsig_w,RSC-SUB,1,20,0.06645326317005933,0.040998835155966834,7
ifi_allsig_w,RSC-SUB,1,21,0.06493932226641887,0.04108352436735878,7
ifi_allsig_w,RSC-SUB,1,22,0.061379879032909014,0.04072171886509959,7
ifi_allsig_w,RSC-SUB,1,23,0.05677733194638399,0.03644321652943389,7
ifi_allsig_w,RSC-SUB,1,24,0.0561769555107825,0.03534909803098077,7
ifi_allsig_w,RSC-SUB,1,25,0.04460312857941203,0.03302778109798696,7
ifi_allsig_w,RSC-SUB,2,1,0.03984703767759628,0.08256654091538253,7
ifi_allsig_w,RSC-SUB,2,2,0.1210809215348727,0.07682559488080888,7
ifi_allsig_w,RSC-SUB,2,3,0.19166088072851645,0.09780713222015777,7
ifi_allsig_w,RSC-SUB,2,4,0.15938533219811904,0.09961013538032827,7
ifi_allsig_w,RSC-SUB,2,5,0.1458934285707328,0.0939725028708682,7
ifi_allsig_w,RSC-SUB,2,6,0.14499823635249118,0.09080787853321019,7
ifi_allsig_w,RSC-SUB,2,7,0.13071924089391374,0.08596201135586362,7
ifi_allsig_w,RSC-SUB,2,8,0.13110339719560388,0.07840502338764337,7
ifi_allsig_w,RSC-SUB,2,9,0.13013011317476073,0.07244986225484573,7
ifi_allsig_w,RSC-SUB,2,10,0.1066407093272848,0.06372605410059747,7
ifi_allsig_w,RSC-SUB,2,11,0.08953779416128813,0.053868419804736646,7
ifi_allsig_w,RSC-SUB,2,12,0.08107526282125341,0.05048040420336248,7
ifi_allsig_w,RSC-SUB,2,13,0.08171536324239272,0.04942934520019196,7
ifi_allsig_w,RSC-SUB,2,14,0.07808898926586395,0.04289936593676009,7
ifi_allsig_w,RSC-SUB,2,15,0.07637469600561304,0.04342205721455907,7
ifi_allsig_w,RSC-SUB,2,16,0.07405262947596244,0.044650826984212535,7
ifi_allsig_w,RSC-SUB,2,17,0.06787277942661249,0.04120890997451513,7
ifi_allsig_w,RSC-SUB,2,18,0.06748747616364795,0.036446413449688346,7
ifi_allsig_w,RSC-SUB,2,19,0.07054334906899529,0.03663256925051516,7
ifi_allsig_w,RSC-SUB,2,20,0.06028693595394844,0.03472092302837639,7
ifi_allsig_w,RSC-SUB,2,21,0.0538421181312896,0.03230505092297701,7
ifi_allsig_w,RSC-SUB,2,22,0.04929556905639186,0.03135279578839229,7
ifi_allsig_w,RSC-SUB,2,23,0.0448493414619067,0.028283955255157617,7
ifi_allsig_w,RSC-SUB,2,24,0.04309754881424475,0.027565598576028704,7
ifi_allsig_w,RSC-SUB,2,25,0.028701939688075224,0.025297672893412913,7
ifi_allsig_w,V1-RSC,0,1,-0.01624550431296064,0.041078020338904,9
ifi_allsig_w,V1-RSC,0,2,-0.036685467377121736,0.025176098530819247,9
ifi_allsig_w,V1-RSC,0,3,-0.030428567665677326,0.01782510935968932,9
ifi_allsig_w,V1-RSC,0,4,-0.042757745317910135,0.017122277044860433,9
ifi_allsig_w,V1-RSC,0,5,-0.05283106322639837,0.024075511309270645,9
ifi_allsig_w,V1-RSC,0,6,-0.05886366165074931,0.018958305446527744,9
ifi_allsig_w,V1-RSC,0,7,-0.04921387086287254,0.02466836174160247,9
ifi_allsig_w,V1-RSC,0,8,-0.056987278406213156,0.026614308649192404,9
ifi_allsig_w,V1-RSC,0,9,-0.05625869603452695,0.025238334460001576,9
ifi_allsig_w,V1-RSC,0,10,-0.05791431988135461,0.024308455226257415,9
ifi_allsig_w,V1-RSC,0,11,-0.0617026361267761,0.02520635225146545,9
ifi_allsig_w,V1-RSC,0,12,-0.043133275617388195,0.019412297653764215,9
ifi_allsig_w,V1-RSC,0,13,-0.03623906596512182,0.018837022319374078,9
ifi_allsig_w,V1-RSC,0,14,-0.04034853267481261,0.017777047078396002,9
ifi_allsig_w,V1-RSC,0,15,-0.035772259605067816,0.02108174851676204,9
ifi_allsig_w,V1-RSC,0,16,-0.03633151602111352,0.022061290786965664,9
ifi_allsig_w,V1-RSC,0,17,-0.03911022019206635,0.023823117362440614,9
ifi_allsig_w,V1-RSC,0,18,-0.04297702971614617,0.023820940779723614,9
ifi_allsig_w,V1-RSC,0,19,-0.04382078626728528,0.023230410902306032,9
ifi_allsig_w,V1-RSC,0,20,-0.04489889816339413,0.023110038138785594,9
ifi_allsig_w,V1-RSC,0,21,-0.04272299559715012,0.02435475880180893,9
ifi_allsig_w,V1-RSC,0,22,-0.04685528146603419,0.025594545794598064,9
ifi_allsig_w,V1-RSC,0,23,-0.051359800725255804,0.026838147245506042,9
ifi_allsig_w,V1-RSC,0,24,-0.04977099344490427,0.026910126776612153,9
ifi_allsig_w,V1-RSC,0,25,-0.04836331597866625,0.02640705042601449,9
ifi_allsig_w,V1-RSC,1,1,-0.003734307411420482,0.04808952529850104,9
ifi_allsig_w,V1-RSC,1,2,-0.022635878295733415,0.02808902073480173,9
ifi_allsig_w,V1-RSC,1,3,-0.03286686591842812,0.02054573675673584,9
ifi_allsig_w,V1-RSC,1,4,-0.04380907534508744,0.01467517124318314,9
ifi_allsig_w,V1-RSC,1,5,-0.051762828983217414,0.019616512907549424,9
ifi_allsig_w,V1-RSC,1,6,-0.056907825687758366,0.01906601569025111,9
ifi_allsig_w,V1-RSC,1,7,-0.04641469222229837,0.024047307021305708,9
ifi_allsig_w,V1-RSC,1,8,-0.054766977486042374,0.025357400996176692,9
ifi_allsig_w,V1-RSC,1,9,-0.04999048554343139,0.02458325691547081,9
ifi_allsig_w,V1-RSC,1,10,-0.04967171048861928,0.024249989540346996,9
ifi_allsig_w,V1-RSC,1,11,-0.051569307978400376,0.02480845078080381,9
ifi_allsig_w,V1-RSC,1,12,-0.02819350394562856,0.01881822384912666,9
ifi_allsig_w,V1-RSC,1,13,-0.02559254124479434,0.020329236944182493,9
ifi_allsig_w,V1-RSC,1,14,-0.031652611002002604,0.019100684694700297,9
ifi_allsig_w,V1-RSC,1,15,-0.02648210986327901,0.02263605363023941,9
ifi_allsig_w,V1-RSC,1,16,-0.026743347272202445,0.023591819056782613,9
ifi_allsig_w,V1-RSC,1,17,-0.0307705432467152,0.0244297121634357,9
ifi_allsig_w,V1-RSC,1,18,-0.03520852415247627,0.024829303150037976,9
ifi_allsig_w,V1-RSC,1,19,-0.037313166665594595,0.02432281958396689,9
ifi_allsig_w,V1-RSC,1,20,-0.03809473576951173,0.02377553195324618,9
ifi_allsig_w,V1-RSC,1,21,-0.03447549347266097,0.024667764494027605,9
ifi_allsig_w,V1-RSC,1,22,-0.03743612552181051,0.02578543790269398,9
ifi_allsig_w,V1-RSC,1,23,-0.04260594142394103,0.02774581303163615,9
ifi_allsig_w,V1-RSC,1,24,-0.04225558443835038,0.028119094270490794,9
ifi_allsig_w,V1-RSC,1,25,-0.04171305035312129,0.027483135322844368,9
ifi_allsig_w,V1-RSC,2,1,-0.02269055579129145,0.037122232685454955,9
ifi_allsig_w,V1-RSC,2,2,-0.0319086828913158,0.01998848296180579,9
ifi_allsig_w,V1-RSC,2,3,-0.04993852420081544,0.026512887382831883,9
ifi_allsig_w,V1-RSC,2,4,-0.05933852660174112,0.016450629083787225,9
ifi_allsig_w,V1-RSC,2,5,-0.06477976981614565,0.020000677349793165,9
ifi_allsig_w,V1-RSC,2,6,-0.06465456509860648,0.02008948799964212,9
ifi_allsig_w,V1-RSC,2,7,-0.056399802040406594,0.022967859055278175,9
ifi_allsig_w,V1-RSC,2,8,-0.06496520662371523,0.02581712180170593,9
ifi_allsig_w,V1-RSC,2,9,-0.06334627531512291,0.024420802701157495,9
ifi_allsig_w,V1-RSC,2,10,-0.06273614001114361,0.023672488232601676,9
ifi_allsig_w,V1-RSC,2,11,-0.062400708329082365,0.025499805764730616,9
ifi_allsig_w,V1-RSC,2,12,-0.0451937700139706,0.022537238876832826,9
ifi_allsig_w,V1-RSC,2,13,-0.04020080378674986,0.023427175808015566,9
ifi_allsig_w,V1-RSC,2,14,-0.04486472998004737,0.021324165323042647,9
ifi_allsig_w,V1-RSC,2,15,-0.038638864545239376,0.025223378165455414,9
ifi_allsig_w,V1-RSC,2,16,-0.039534741966042244,0.026309005619569815,9
ifi_allsig_w,V1-RSC,2,17,-0.04485033600541467,0.026441868829846553,9
ifi_allsig_w,V1-RSC,2,18,-0.04937822741308494,0.02686445862015057,9
ifi_allsig_w,V1-RSC,2,19,-0.049378263577163725,0.026935359015370697,9
ifi_allsig_w,V1-RSC,2,20,-0.0486445748950452,0.026745010059102747,9
ifi_allsig_w,V1-RSC,2,21,-0.044326204285324716,0.026955361209582817,9
ifi_allsig_w,V1-RSC,2,22,-0.04534443486361406,0.028212504978206775,9
ifi_allsig_w,V1-RSC,2,23,-0.04936027514888658,0.03007247667713555,9
ifi_allsig_w,V1-RSC,2,24,-0.04801693413429877,0.030908981059098787,9
ifi_allsig_w,V1-RSC,2,25,-0.04764417706745391,0.030037078983472913,9
