animal,pair,ordinal,matched,tail_abs_r,degenerate_trial
28,CA1-CA3,1,0,0.028432000000000002,0
28,CA1-CA3,1,1,0.028432000000000002,0
28,CA1-CA3,1,2,0.028034000000000003,0
28,CA1-CA3,2,0,0.047116000000000005,0
28,CA1-CA3,2,1,0.049072,0
28,CA1-CA3,2,2,0.049628,0
28,CA1-CA3,3,0,0.022924,0
28,CA1-CA3,3,2,0.027308000000000006,0
28,CA1-CA3,4,0,0.026572000000000002,0
28,CA1-CA3,4,2,0.0333,0
28,CA1-CA3,5,0,0.016836,0
28,CA1-CA3,5,2,0.017744000000000003,0
28,CA1-CA3,6,0,0.022754000000000003,0
28,CA1-CA3,6,2,0.024276,0
28,CA1-CA3,7,0,0.029547999999999998,0
28,CA1-CA3,7,2,0.028436,0
28,CA1-CA3,8,0,0.017602,0
28,CA1-CA3,8,2,0.018156,0
28,CA1-CA3,9,0,0.008990000000000001,0
28,CA1-CA3,9,2,0.008990000000000001,0
28,CA1-CA3,10,0,0.018022,0
28,CA1-CA3,10,2,0.016932,0
28,CA1-DG,1,0,0.016815999999999998,0
28,CA1-DG,1,1,0.016815999999999998,0
28,CA1-DG,1,2,0.017268,0
28,CA1-DG,2,0,0.027964,0
28,CA1-DG,2,1,0.028682000000000003,0
28,CA1-DG,2,2,0.029014,0
28,CA1-DG,3,0,0.013640000000000003,0
28,CA1-DG,3,2,0.014826000000000002,0
28,CA1-DG,4,0,0.013914,0
28,CA1-DG,4,2,0.020794,0
28,CA1-DG,5,0,0.023256,0
28,CA1-DG,5,2,0.02733,0
28,CA1-DG,6,0,0.03719,0
28,CA1-DG,6,2,0.037902000000000005,0
28,CA1-DG,7,0,0.037696,0
28,CA1-DG,7,2,0.038852,0
28,CA1-DG,8,0,0.022935999999999998,0
28,CA1-DG,8,2,0.025248,0
28,CA1-DG,9,0,0.026832,0
28,CA1-DG,9,2,0.026832,0
28,CA1-DG,10,0,0.022424,0
28,CA1-DG,10,2,0.029248000000000003,0
28,CA1-V1,1,0,0.022748,0
28,CA1-V1,1,1,0.022748,0
28,CA1-V1,1,2,0.022592,0
28,CA1-V1,2,0,0.010048000000000001,0
28,CA1-V1,2,1,0.01329,0
28,CA1-V1,2,2,0.013943999999999998,0
28,CA1-V1,3,0,0.013648000000000002,0
28,CA1-V1,3,2,0.014407999999999999,0
28,CA1-V1,4,0,0.015,0
28,CA1-V1,4,2,0.018214,0
28,CA1-V1,5,0,0.007996,0
28,CA1-V1,5,2,0.006647999999999999,0
28,CA1-V1,6,0,0.019280000000000002,0
28,CA1-V1,6,2,0.020278,0
28,CA1-V1,7,0,0.021074000000000002,0
28,CA1-V1,7,2,0.022382000000000003,0
28,CA1-V1,8,0,0.02476,0
28,CA1-V1,8,2,0.025197999999999998,0
28,CA1-V1,9,0,0.01487,0
28,CA1-V1,9,2,0.01487,0
28,CA1-V1,10,0,0.037228,0
28,CA1-V1,10,2,0.043534,0
28,CA3-DG,1,0,0.032100000000000004,0
28,CA3-DG,1,1,0.032100000000000004,0
28,CA3-DG,1,2,0.031925999999999996,0
28,CA3-DG,2,0,0.013447999999999998,0
28,CA3-DG,2,1,0.01336,0
28,CA3-DG,2,2,0.013182,0
28,CA3-DG,3,0,0.01961,0
28,CA3-DG,3,2,0.021386,0
28,CA3-DG,4,0,0.0211,0
28,CA3-DG,4,2,0.026961999999999996,0
28,CA3-DG,5,0,0.029893999999999997,0
28,CA3-DG,5,2,0.025717999999999998,0
28,CA3-DG,6,0,0.025623999999999997,0
28,CA3-DG,6,2,0.025935999999999997,0
28,CA3-DG,7,0,0.021015999999999996,0
28,CA3-DG,7,2,0.019328,0
28,CA3-DG,8,0,0.011538,0
28,CA3-DG,8,2,0.01217,0
28,CA3-DG,9,0,0.026216,0
28,CA3-DG,9,2,0.026216,0
28,CA3-DG,10,0,0.018026,0
28,CA3-DG,10,2,0.017602,0
34,CA1-CA3,1,0,0.025754,0
34,CA1-CA3,1,1,0.032078,0
34,CA1-CA3,1,2,0.035574,0
34,CA1-CA3,2,0,0.013069999999999998,0
34,CA1-CA3,2,1,0.013069999999999998,0
34,CA1-CA3,2,2,0.017349999999999997,0
34,CA1-CA3,3,0,0.032276,0
34,CA1-CA3,3,2,0.032052,0
34,CA1-CA3,4,0,0.02607,0
34,CA1-CA3,4,2,0.023519999999999996,0
34,CA1-CA3,5,0,0.01965,0
34,CA1-CA3,5,2,0.019294000000000002,0
34,CA1-CA3,6,0,0.022426000000000005,0
34,CA1-CA3,6,2,0.019144,0
34,CA1-CA3,7,0,0.017539999999999997,0
34,CA1-CA3,7,2,0.015928000000000005,0
34,CA1-CA3,8,0,0.024621999999999998,0
34,CA1-CA3,8,2,0.024621999999999998,0
34,CA1-CA3,9,0,0.019014,0
34,CA1-CA3,9,2,0.015886,0
34,CA1-CA3,10,0,0.033676,0
34,CA1-CA3,10,2,0.028295999999999998,0
34,CA1-V1,1,0,0.011698,0
34,CA1-V1,1,1,0.016818,0
34,CA1-V1,1,2,0.011006,0
34,CA1-V1,2,0,0.03968800000000001,0
34,CA1-V1,2,1,0.03968800000000001,0
34,CA1-V1,2,2,0.042476,0
34,CA1-V1,3,0,0.03535,0
34,CA1-V1,3,2,0.03582,0
34,CA1-V1,4,0,0.025769999999999998,0
34,CA1-V1,4,2,0.028867999999999998,0
34,CA1-V1,5,0,0.037708,0
34,CA1-V1,5,2,0.03224200000000001,0
34,CA1-V1,6,0,0.02101,0
34,CA1-V1,6,2,0.022176,0
34,CA1-V1,7,0,0.053045999999999996,0
34,CA1-V1,7,2,0.043402,0
34,CA1-V1,8,0,0.033462,0
34,CA1-V1,8,2,0.033462,0
34,CA1-V1,9,0,0.047189999999999996,0
34,CA1-V1,9,2,0.043472,0
34,CA1-V1,10,0,0.043984,0
34,CA1-V1,10,2,0.035336,0
36,CA1-CA3,1,0,0.013166000000000002,0
36,CA1-CA3,1,1,0.012797999999999999,0
36,CA1-CA3,1,2,0.012814,0
36,CA1-CA3,2,0,0.013477999999999999,0
36,CA1-CA3,2,1,0.013477999999999999,0
36,CA1-CA3,2,2,0.010374000000000001,0
36,CA1-CA3,3,0,0.018762,0
36,CA1-CA3,3,2,0.024509999999999997,0
36,CA1-CA3,4,0,0.016054000000000002,0
36,CA1-CA3,4,2,0.019636,0
36,CA1-CA3,5,0,0.011224000000000001,0
36,CA1-CA3,5,2,0.017499999999999998,0
36,CA1-CA3,6,0,0.020884,0
36,CA1-CA3,6,2,0.020707999999999997,0
36,CA1-CA3,7,0,0.010814,0
36,CA1-CA3,7,2,0.011252,0
36,CA1-CA3,8,0,0.021848,0
36,CA1-CA3,8,2,0.025935999999999997,0
36,CA1-CA3,9,0,0.033964,0
36,CA1-CA3,9,2,0.033964,0
36,CA1-CA3,10,0,0.014368,0
36,CA1-CA3,10,2,0.01577,0
36,CA1-V1,1,0,0.018378,0
36,CA1-V1,1,1,0.012828,0
36,CA1-V1,1,2,0.013904000000000003,0
36,CA1-V1,2,0,0.021052,0
36,CA1-V1,2,1,0.021052,0
36,CA1-V1,2,2,0.021249999999999998,0
36,CA1-V1,3,0,0.027298,0
36,CA1-V1,3,2,0.0263,0
36,CA1-V1,4,0,0.006602000000000001,0
36,CA1-V1,4,2,0.013424,0
36,CA1-V1,5,0,0.021046,0
36,CA1-V1,5,2,0.01955,0
36,CA1-V1,6,0,0.018476,0
36,CA1-V1,6,2,0.015045999999999999,0
36,CA1-V1,7,0,0.020106000000000002,0
36,CA1-V1,7,2,0.02076,0
36,CA1-V1,8,0,0.022321999999999998,0
36,CA1-V1,8,2,0.022558,0
36,CA1-V1,9,0,0.025575999999999998,0
36,CA1-V1,9,2,0.025575999999999998,0
36,CA1-V1,10,0,0.013628000000000001,0
36,CA1-V1,10,2,0.013935999999999999,0
41,CA1-CA3,1,0,0.014044000000000001,0
41,CA1-CA3,1,1,0.012674000000000001,0
41,CA1-CA3,1,2,0.013482,0
41,CA1-CA3,2,0,0.022387999999999998,0
41,CA1-CA3,2,1,0.022387999999999998,0
41,CA1-CA3,2,2,0.022322,0
41,CA1-CA3,3,0,0.030918,0
41,CA1-CA3,3,2,0.031338000000000005,0
41,CA1-CA3,4,0,0.030358000000000003,0
41,CA1-CA3,4,2,0.026420000000000006,0
41,CA1-CA3,5,0,0.021179999999999997,0
41,CA1-CA3,5,2,0.021972,0
41,CA1-CA3,6,0,0.025846,0
41,CA1-CA3,6,2,0.02752,0
41,CA1-CA3,7,0,0.020612000000000002,0
41,CA1-CA3,7,2,0.020612000000000002,0
41,CA1-CA3,8,0,0.024496,0
41,CA1-CA3,8,2,0.026744,0
41,CA1-CA3,9,0,0.019226,0
41,CA1-CA3,9,2,0.019274,0
41,CA1-CA3,10,0,0.024007999999999998,0
41,CA1-CA3,10,2,0.02519,0
41,CA1-V1,1,0,0.020568000000000003,0
41,CA1-V1,1,1,0.023075999999999996,0
41,CA1-V1,1,2,0.018836,0
41,CA1-V1,2,0,0.009574000000000001,0
41,CA1-V1,2,1,0.009574000000000001,0
41,CA1-V1,2,2,0.009658,0
41,CA1-V1,3,0,0.013868,0
41,CA1-V1,3,2,0.014804000000000001,0
41,CA1-V1,4,0,0.026307999999999998,0
41,CA1-V1,4,2,0.026736,0
41,CA1-V1,5,0,0.044722000000000005,0
41,CA1-V1,5,2,0.043086,0
41,CA1-V1,6,0,0.035954,0
41,CA1-V1,6,2,0.035986,0
41,CA1-V1,7,0,0.041754,0
41,CA1-V1,7,2,0.041754,0
41,CA1-V1,8,0,0.027366,0
41,CA1-V1,8,2,0.029602,0
41,CA1-V1,9,0,0.052039999999999996,0
41,CA1-V1,9,2,0.049828000000000004,0
41,CA1-V1,10,0,0.063168,0
41,CA1-V1,10,2,0.06179,0
52,CA1-CA3,1,0,0.016094,0
52,CA1-CA3,1,1,0.015706,0
52,CA1-CA3,1,2,0.014129999999999998,0
52,CA1-CA3,2,0,0.021212,0
52,CA1-CA3,2,1,0.021212,0
52,CA1-CA3,2,2,0.024327999999999995,0
52,CA1-CA3,3,0,0.043359999999999996,0
52,CA1-CA3,3,2,0.041527999999999995,0
52,CA1-CA3,4,0,0.023546,0
52,CA1-CA3,4,2,0.01764,0
52,CA1-CA3,5,0,0.014122000000000001,0
52,CA1-CA3,5,2,0.014566,0
52,CA1-CA3,6,0,0.027802,0
52,CA1-CA3,6,2,0.028318,0
52,CA1-CA3,7,0,0.017609999999999997,0
52,CA1-CA3,7,2,0.017088,0
52,CA1-CA3,8,0,0.039161999999999995,0
52,CA1-CA3,8,2,0.039484,0
52,CA1-CA3,9,0,0.031584,0
52,CA1-CA3,9,2,0.031584,0
52,CA1-CA3,10,0,0.023088,0
52,CA1-CA3,10,2,0.022544,0
52,CA1-DG,1,0,0.014162,0
52,CA1-DG,1,1,0.014280000000000001,0
52,CA1-DG,1,2,0.016476,0
52,CA1-DG,2,0,0.02382,0
52,CA1-DG,2,1,0.02382,0
52,CA1-DG,2,2,0.028862000000000006,0
52,CA1-DG,3,0,0.017726,0
52,CA1-DG,3,2,0.019058,0
52,CA1-DG,4,0,0.020856,0
52,CA1-DG,4,2,0.017568,0
52,CA1-DG,5,0,0.024932,0
52,CA1-DG,5,2,0.024848,0
52,CA1-DG,6,0,0.02266,0
52,CA1-DG,6,2,0.021624,0
52,CA1-DG,7,0,0.021603999999999998,0
52,CA1-DG,7,2,0.021612,0
52,CA1-DG,8,0,0.027152,0
52,CA1-DG,8,2,0.025598,0
52,CA1-DG,9,0,0.026736,0
52,CA1-DG,9,2,0.026736,0
52,CA1-DG,10,0,0.016404,0
52,CA1-DG,10,2,0.016352,0
52,CA1-RSC,1,0,0.018152,0
52,CA1-RSC,1,1,0.017032,0
52,CA1-RSC,1,2,0.014016,0
52,CA1-RSC,2,0,0.031222,0
52,CA1-RSC,2,1,0.031222,0
52,CA1-RSC,2,2,0.034089999999999995,0
52,CA1-RSC,3,0,0.015667999999999998,0
52,CA1-RSC,3,2,0.018875999999999997,0
52,CA1-RSC,4,0,0.021962,0
52,CA1-RSC,4,2,0.021482,0
52,CA1-RSC,5,0,0.017032,0
52,CA1-RSC,5,2,0.020008,0
52,CA1-RSC,6,0,0.014904,0
52,CA1-RSC,6,2,0.016332000000000003,0
52,CA1-RSC,7,0,0.014232,0
52,CA1-RSC,7,2,0.014226000000000003,0
52,CA1-RSC,8,0,0.02533,0
52,CA1-RSC,8,2,0.025388,0
52,CA1-RSC,9,0,0.009704,0
52,CA1-RSC,9,2,0.009704,0
52,CA1-RSC,10,0,0.007566000000000001,0
52,CA1-RSC,10,2,0.007768,0
52,CA1-V1,1,0,0.01662,0
52,CA1-V1,1,1,0.017176,0
52,CA1-V1,1,2,0.017386,0
52,CA1-V1,2,0,0.026224000000000004,0
52,CA1-V1,2,1,0.026224000000000004,0
52,CA1-V1,2,2,0.024083999999999994,0
52,CA1-V1,3,0,0.030296,0
52,CA1-V1,3,2,0.036646,0
52,CA1-V1,4,0,0.030986000000000003,0
52,CA1-V1,4,2,0.037864,0
52,CA1-V1,5,0,0.03654400000000001,0
52,CA1-V1,5,2,0.036478000000000003,0
52,CA1-V1,6,0,0.021508,0
52,CA1-V1,6,2,0.02115,0
52,CA1-V1,7,0,0.037174,0
52,CA1-V1,7,2,0.039172,0
52,CA1-V1,8,0,0.030854,0
52,CA1-V1,8,2,0.031470000000000005,0
52,CA1-V1,9,0,0.018897999999999998,0
52,CA1-V1,9,2,0.018897999999999998,0
52,CA1-V1,10,0,0.03345,0
52,CA1-V1,10,2,0.033694,0
52,CA3-DG,1,0,0.074902,0
52,CA3-DG,1,1,0.07338599999999999,0
52,CA3-DG,1,2,0.079206,0
52,CA3-DG,2,0,0.079464,0
52,CA3-DG,2,1,0.079464,0
52,CA3-DG,2,2,0.083194,0
52,CA3-DG,3,0,0.067668,0
52,CA3-DG,3,2,0.063234,0
52,CA3-DG,4,0,0.050832,0
52,CA3-DG,4,2,0.05623399999999999,0
52,CA3-DG,5,0,0.044997999999999996,0
52,CA3-DG,5,2,0.047288,0
52,CA3-DG,6,0,0.054674,0
52,CA3-DG,6,2,0.051432,0
52,CA3-DG,7,0,0.065496,0
52,CA3-DG,7,2,0.064932,0
52,CA3-DG,8,0,0.058342000000000005,0
52,CA3-DG,8,2,0.060208000000000005,0
52,CA3-DG,9,0,0.061228000000000005,0
52,CA3-DG,9,2,0.061228000000000005,0
52,CA3-DG,10,0,0.062439999999999996,0
52,CA3-DG,10,2,0.06270200000000001,0
52,V1-RSC,1,0,0.029891999999999995,0
52,V1-RSC,1,1,0.032174,0
52,V1-RSC,1,2,0.0355,0
52,V1-RSC,2,0,0.018012,0
52,V1-RSC,2,1,0.018012,0
52,V1-RSC,2,2,0.019819999999999997,0
52,V1-RSC,3,0,0.027063999999999998,0
52,V1-RSC,3,2,0.032007999999999995,0
52,V1-RSC,4,0,0.022446,0
52,V1-RSC,4,2,0.02037,0
52,V1-RSC,5,0,0.026194000000000002,0
52,V1-RSC,5,2,0.026278000000000003,0
52,V1-RSC,6,0,0.024866,0
52,V1-RSC,6,2,0.024768000000000002,0
52,V1-RSC,7,0,0.012276,0
52,V1-RSC,7,2,0.014473999999999997,0
52,V1-RSC,8,0,0.032118,0
52,V1-RSC,8,2,0.031895999999999994,0
52,V1-RSC,9,0,0.036446,0
52,V1-RSC,9,2,0.036446,0
52,V1-RSC,10,0,0.023389999999999998,0
52,V1-RSC,10,2,0.023374,0
61,CA1-CA3,1,0,0.006896000000000001,0
61,CA1-CA3,1,1,0.012072,0
61,CA1-CA3,1,2,0.011062,0
61,CA1-CA3,2,0,0.013141999999999997,0
61,CA1-CA3,2,1,0.013141999999999997,0
61,CA1-CA3,2,2,0.015812,0
61,CA1-CA3,3,0,0.022022000000000003,0
61,CA1-CA3,3,2,0.020928,0
61,CA1-CA3,4,0,0.025377999999999994,0
61,CA1-CA3,4,2,0.022112,0
61,CA1-CA3,5,0,0.021766,0
61,CA1-CA3,5,2,0.019642,0
61,CA1-CA3,6,0,0.014278000000000002,0
61,CA1-CA3,6,2,0.013516,0
61,CA1-CA3,7,0,0.024442,0
61,CA1-CA3,7,2,0.025183999999999995,0
61,CA1-CA3,8,0,0.0059359999999999994,0
61,CA1-CA3,8,2,0.0067,0
61,CA1-CA3,9,0,0.020592000000000003,0
61,CA1-CA3,9,2,0.020592000000000003,0
61,CA1-CA3,10,0,0.03816599999999999,0
61,CA1-CA3,10,2,0.039264,0
61,CA1-DG,1,0,0.012368,0
61,CA1-DG,1,1,0.011842,0
61,CA1-DG,1,2,0.013340000000000001,0
61,CA1-DG,2,0,0.025284,0
61,CA1-DG,2,1,0.025284,0
61,CA1-DG,2,2,0.027367999999999996,0
61,CA1-DG,3,0,0.014158,0
61,CA1-DG,3,2,0.018554,0
61,CA1-DG,4,0,0.023607999999999997,0
61,CA1-DG,4,2,0.02449,0
61,CA1-DG,5,0,0.025835999999999998,0
61,CA1-DG,5,2,0.025822,0
61,CA1-DG,6,0,0.013862,0
61,CA1-DG,6,2,0.014206,0
61,CA1-DG,7,0,0.015966,0
61,CA1-DG,7,2,0.021138,0
61,CA1-DG,8,0,0.015746,0
61,CA1-DG,8,2,0.017252,0
61,CA1-DG,9,0,0.013104,0
61,CA1-DG,9,2,0.013104,0
61,CA1-DG,10,0,0.033624,0
61,CA1-DG,10,2,0.032022,0
61,CA1-RSC,1,0,0.01985,0
61,CA1-RSC,1,1,0.023444,0
61,CA1-RSC,1,2,0.024436000000000003,0
61,CA1-RSC,2,0,0.024829999999999998,0
61,CA1-RSC,2,1,0.024829999999999998,0
61,CA1-RSC,2,2,0.025156,0
61,CA1-RSC,3,0,0.025491999999999997,0
61,CA1-RSC,3,2,0.029503999999999996,0
61,CA1-RSC,4,0,0.023846,0
61,CA1-RSC,4,2,0.023434,0
61,CA1-RSC,5,0,0.028098,0
61,CA1-RSC,5,2,0.0267,0
61,CA1-RSC,6,0,0.051942,0
61,CA1-RSC,6,2,0.0518,0
61,CA1-RSC,7,0,0.021632,0
61,CA1-RSC,7,2,0.018498000000000004,0
61,CA1-RSC,8,0,0.040304,0
61,CA1-RSC,8,2,0.045512,0
61,CA1-RSC,9,0,0.028953999999999997,0
61,CA1-RSC,9,2,0.028953999999999997,0
61,CA1-RSC,10,0,0.028949999999999997,0
61,CA1-RSC,10,2,0.02949,0
61,CA1-V1,1,0,0.04022,0
61,CA1-V1,1,1,0.047664,0
61,CA1-V1,1,2,0.046242,0
61,CA1-V1,2,0,0.026064000000000004,0
61,CA1-V1,2,1,0.026064000000000004,0
61,CA1-V1,2,2,0.028778000000000005,0
61,CA1-V1,3,0,0.022626,0
61,CA1-V1,3,2,0.022581999999999998,0
61,CA1-V1,4,0,0.021424,0
61,CA1-V1,4,2,0.02223,0
61,CA1-V1,5,0,0.019166000000000002,0
61,CA1-V1,5,2,0.018134,0
61,CA1-V1,6,0,0.029912,0
61,CA1-V1,6,2,0.031063999999999998,0
61,CA1-V1,7,0,0.019358,0
61,CA1-V1,7,2,0.018104000000000002,0
61,CA1-V1,8,0,0.021088000000000003,0
61,CA1-V1,8,2,0.026362000000000003,0
61,CA1-V1,9,0,0.038273999999999996,0
61,CA1-V1,9,2,0.038273999999999996,0
61,CA1-V1,10,0,0.031494,0
61,CA1-V1,10,2,0.030164000000000003,0
61,CA3-DG,1,0,0.038626,0
61,CA3-DG,1,1,0.038748000000000005,0
61,CA3-DG,1,2,0.035426,0
61,CA3-DG,2,0,0.03751,0
61,CA3-DG,2,1,0.03751,0
61,CA3-DG,2,2,0.029221999999999998,0
61,CA3-DG,3,0,0.043746,0
61,CA3-DG,3,2,0.044908,0
61,CA3-DG,4,0,0.069776,0
61,CA3-DG,4,2,0.06808600000000001,0
61,CA3-DG,5,0,0.040896,0
61,CA3-DG,5,2,0.042044000000000005,0
61,CA3-DG,6,0,0.049034,0
61,CA3-DG,6,2,0.04879599999999999,0
61,CA3-DG,7,0,0.03218,0
61,CA3-DG,7,2,0.032234,0
61,CA3-DG,8,0,0.04467,0
61,CA3-DG,8,2,0.046306,0
61,CA3-DG,9,0,0.043948,0
61,CA3-DG,9,2,0.043948,0
61,CA3-DG,10,0,0.04219200000000001,0
61,CA3-DG,10,2,0.042325999999999996,0
61,V1-RSC,1,0,0.067312,0
61,V1-RSC,1,1,0.06977199999999999,0
61,V1-RSC,1,2,0.07010400000000001,0
61,V1-RSC,2,0,0.036262,0
61,V1-RSC,2,1,0.036262,0
61,V1-RSC,2,2,0.039616,0
61,V1-RSC,3,0,0.03292199999999999,0
61,V1-RSC,3,2,0.031675999999999996,0
61,V1-RSC,4,0,0.043728,0
61,V1-RSC,4,2,0.04542999999999999,0
61,V1-RSC,5,0,0.057578,0
61,V1-RSC,5,2,0.056524,0
61,V1-RSC,6,0,0.03132,0
61,V1-RSC,6,2,0.03005,0
61,V1-RSC,7,0,0.065006,0
61,V1-RSC,7,2,0.066688,0
61,V1-RSC,8,0,0.06698799999999999,0
61,V1-RSC,8,2,0.067482,0
61,V1-RSC,9,0,0.051492,0
61,V1-RSC,9,2,0.051492,0
61,V1-RSC,10,0,0.07564,0
61,V1-RSC,10,2,0.07740000000000001,0
63,CA1-RSC,1,0,0.010666,0
63,CA1-RSC,1,1,0.01089,0
63,CA1-RSC,1,2,0.01136,0
63,CA1-RSC,2,0,0.022386,0
63,CA1-RSC,2,1,0.022386,0
63,CA1-RSC,2,2,0.026683999999999996,0
63,CA1-RSC,3,0,0.022741999999999995,0
63,CA1-RSC,3,2,0.022741999999999995,0
63,CA1-RSC,4,0,0.016607999999999998,0
63,CA1-RSC,4,2,0.019638,0
63,CA1-RSC,5,0,0.01217,0
63,CA1-RSC,5,2,0.010367999999999999,0
63,CA1-RSC,6,0,0.010918,0
63,CA1-RSC,6,2,0.015414,0
63,CA1-RSC,7,0,0.024720000000000002,0
63,CA1-RSC,7,2,0.024592,0
63,CA1-RSC,8,0,0.01648,0
63,CA1-RSC,8,2,0.015786,0
63,CA1-RSC,9,0,0.017732,0
63,CA1-RSC,9,2,0.015002000000000001,0
63,CA1-RSC,10,0,0.01584,0
63,CA1-RSC,10,2,0.02078,0
66,CA1-DG,1,0,0.040138,0
66,CA1-DG,1,1,0.044219999999999995,0
66,CA1-DG,1,2,0.043868000000000004,0
66,CA1-DG,2,0,0.024428,0
66,CA1-DG,2,1,0.024428,0
66,CA1-DG,2,2,0.027134000000000002,0
66,CA1-DG,3,0,0.016224,0
66,CA1-DG,3,2,0.014551999999999999,0
66,CA1-DG,4,0,0.016436,0
66,CA1-DG,4,2,0.018656,0
66,CA1-DG,5,0,0.037656,0
66,CA1-DG,5,2,0.043746,0
66,CA1-DG,6,0,0.018195999999999997,0
66,CA1-DG,6,2,0.018195999999999997,0
66,CA1-DG,7,0,0.022586000000000002,0
66,CA1-DG,7,2,0.019996000000000003,0
66,CA1-DG,8,0,0.019788,0
66,CA1-DG,8,2,0.01965,0
66,CA1-DG,9,0,0.019036,0
66,CA1-DG,9,2,0.022306,0
66,CA1-DG,10,0,0.016128,0
66,CA1-DG,10,2,0.01667,0
66,CA1-RSC,1,0,0.024196,0
66,CA1-RSC,1,1,0.022358,0
66,CA1-RSC,1,2,0.025006,0
66,CA1-RSC,2,0,0.018586,0
66,CA1-RSC,2,1,0.018586,0
66,CA1-RSC,2,2,0.019742000000000003,0
66,CA1-RSC,3,0,0.010962,0
66,CA1-RSC,3,2,0.012648000000000001,0
66,CA1-RSC,4,0,0.02567,0
66,CA1-RSC,4,2,0.024023999999999997,0
66,CA1-RSC,5,0,0.023819999999999997,0
66,CA1-RSC,5,2,0.027969999999999995,0
66,CA1-RSC,6,0,0.017372,0
66,CA1-RSC,6,2,0.017372,0
66,CA1-RSC,7,0,0.0225,0
66,CA1-RSC,7,2,0.024744000000000002,0
66,CA1-RSC,8,0,0.027129999999999998,0
66,CA1-RSC,8,2,0.029634,0
66,CA1-RSC,9,0,0.020002,0
66,CA1-RSC,9,2,0.024118,0
66,CA1-RSC,10,0,0.020074,0
66,CA1-RSC,10,2,0.021197999999999998,0
66,CA1-SUB,1,0,0.010812,0
66,CA1-SUB,1,1,0.014143999999999999,0
66,CA1-SUB,1,2,0.016250000000000004,0
66,CA1-SUB,2,0,0.022148,0
66,CA1-SUB,2,1,0.022148,0
66,CA1-SUB,2,2,0.028561999999999997,0
66,CA1-SUB,3,0,0.021194,0
66,CA1-SUB,3,2,0.022854000000000003,0
66,CA1-SUB,4,0,0.040496000000000004,0
66,CA1-SUB,4,2,0.039784,0
66,CA1-SUB,5,0,0.019672000000000002,0
66,CA1-SUB,5,2,0.024738,0
66,CA1-SUB,6,0,0.013333999999999999,0
66,CA1-SUB,6,2,0.013333999999999999,0
66,CA1-SUB,7,0,0.0167,0
66,CA1-SUB,7,2,0.024074,0
66,CA1-SUB,8,0,0.024378,0
66,CA1-SUB,8,2,0.026364,0
66,CA1-SUB,9,0,0.02227,0
66,CA1-SUB,9,2,0.027433999999999997,0
66,CA1-SUB,10,0,0.031507999999999994,0
66,CA1-SUB,10,2,0.030656,0
66,CA1-V1,1,0,0.025866,0
66,CA1-V1,1,1,0.027052,0
66,CA1-V1,1,2,0.031308,0
66,CA1-V1,2,0,0.021526,0
66,CA1-V1,2,1,0.021526,0
66,CA1-V1,2,2,0.019036,0
66,CA1-V1,3,0,0.025554,0
66,CA1-V1,3,2,0.029726000000000002,0
66,CA1-V1,4,0,0.019885999999999997,0
66,CA1-V1,4,2,0.019066,0
66,CA1-V1,5,0,0.019319999999999997,0
66,CA1-V1,5,2,0.019656,0
66,CA1-V1,6,0,0.026986,0
66,CA1-V1,6,2,0.026986,0
66,CA1-V1,7,0,0.028340000000000004,0
66,CA1-V1,7,2,0.027129999999999998,0
66,CA1-V1,8,0,0.008298,0
66,CA1-V1,8,2,0.009774000000000001,0
66,CA1-V1,9,0,0.023326,0
66,CA1-V1,9,2,0.027367999999999996,0
66,CA1-V1,10,0,0.034615999999999994,0
66,CA1-V1,10,2,0.036302,0
66,RSC-SUB,1,0,0.010740000000000001,0
66,RSC-SUB,1,1,0.016086,0
66,RSC-SUB,1,2,0.02003,0
66,RSC-SUB,2,0,0.023035999999999997,0
66,RSC-SUB,2,1,0.023035999999999997,0
66,RSC-SUB,2,2,0.021061999999999997,0
66,RSC-SUB,3,0,0.019726,0
66,RSC-SUB,3,2,0.025880000000000004,0
66,RSC-SUB,4,0,0.030338000000000004,0
66,RSC-SUB,4,2,0.032456,0
66,RSC-SUB,5,0,0.01577,0
66,RSC-SUB,5,2,0.016238,0
66,RSC-SUB,6,0,0.022872,0
66,RSC-SUB,6,2,0.022872,0
66,RSC-SUB,7,0,0.012042,0
66,RSC-SUB,7,2,0.012702,0
66,RSC-SUB,8,0,0.013239999999999998,0
66,RSC-SUB,8,2,0.010081999999999999,0
66,RSC-SUB,9,0,0.019716,0
66,RSC-SUB,9,2,0.021269999999999997,0
66,RSC-SUB,10,0,0.014798000000000002,0
66,RSC-SUB,10,2,0.015392000000000003,0
66,V1-RSC,1,0,0.019104,0
66,V1-RSC,1,1,0.022298000000000002,0
66,V1-RSC,1,2,0.023864000000000003,0
66,V1-RSC,2,0,0.015340000000000003,0
66,V1-RSC,2,1,0.015340000000000003,0
66,V1-RSC,2,2,0.022758,0
66,V1-RSC,3,0,0.019672,0
66,V1-RSC,3,2,0.023038000000000003,0
66,V1-RSC,4,0,0.026368000000000003,0
66,V1-RSC,4,2,0.025863999999999998,0
66,V1-RSC,5,0,0.028966,0
66,V1-RSC,5,2,0.031928,0
66,V1-RSC,6,0,0.01495,0
66,V1-RSC,6,2,0.01495,0
66,V1-RSC,7,0,0.023481999999999996,0
66,V1-RSC,7,2,0.025718,0
66,V1-RSC,8,0,0.023866,0
66,V1-RSC,8,2,0.023691999999999998,0
66,V1-RSC,9,0,0.025813999999999997,0
66,V1-RSC,9,2,0.028244,0
66,V1-RSC,10,0,0.03808199999999999,0
66,V1-RSC,10,2,0.038634,0
68,CA1-CA3,1,0,0.018918,0
68,CA1-CA3,1,1,0.016912,0
68,CA1-CA3,1,2,0.012525999999999999,0
68,CA1-CA3,2,0,0.015512000000000001,0
68,CA1-CA3,2,1,0.015512000000000001,0
68,CA1-CA3,2,2,0.020786,0
68,CA1-CA3,3,0,0.030253999999999996,0
68,CA1-CA3,3,2,0.032057999999999996,0
68,CA1-CA3,4,0,0.028839999999999998,0
68,CA1-CA3,4,2,0.029486000000000002,0
68,CA1-CA3,5,0,0.016572,0
68,CA1-CA3,5,2,0.023946000000000002,0
68,CA1-CA3,6,0,0.02456,0
68,CA1-CA3,6,2,0.029503999999999996,0
68,CA1-CA3,7,0,0.02155,0
68,CA1-CA3,7,2,0.02155,0
68,CA1-CA3,8,0,0.011066000000000001,0
68,CA1-CA3,8,2,0.012883999999999998,0
68,CA1-CA3,9,0,0.01601,0
68,CA1-CA3,9,2,0.020098,0
68,CA1-CA3,10,0,0.019152,0
68,CA1-CA3,10,2,0.018368,0
68,CA1-DG,1,0,0.021112,0
68,CA1-DG,1,1,0.022128000000000002,0
68,CA1-DG,1,2,0.020226,0
68,CA1-DG,2,0,0.02762,0
68,CA1-DG,2,1,0.02762,0
68,CA1-DG,2,2,0.029931999999999997,0
68,CA1-DG,3,0,0.010443999999999998,0
68,CA1-DG,3,2,0.009766,0
68,CA1-DG,4,0,0.02282,0
68,CA1-DG,4,2,0.030440000000000002,0
68,CA1-DG,5,0,0.022452,0
68,CA1-DG,5,2,0.025057999999999997,0
68,CA1-DG,6,0,0.016220000000000002,0
68,CA1-DG,6,2,0.015784,0
68,CA1-DG,7,0,0.017048,0
68,CA1-DG,7,2,0.017048,0
68,CA1-DG,8,0,0.023759999999999996,0
68,CA1-DG,8,2,0.021324,0
68,CA1-DG,9,0,0.029614,0
68,CA1-DG,9,2,0.03178399999999999,0
68,CA1-DG,10,0,0.03091,0
68,CA1-DG,10,2,0.030982,0
68,CA1-RSC,1,0,0.035949999999999996,0
68,CA1-RSC,1,1,0.036958000000000005,0
68,CA1-RSC,1,2,0.034143999999999994,0
68,CA1-RSC,2,0,0.011572,0
68,CA1-RSC,2,1,0.011572,0
68,CA1-RSC,2,2,0.0067979999999999985,0
68,CA1-RSC,3,0,0.012342,0
68,CA1-RSC,3,2,0.013504000000000002,0
68,CA1-RSC,4,0,0.013374000000000002,0
68,CA1-RSC,4,2,0.01445,0
68,CA1-RSC,5,0,0.024003999999999998,0
68,CA1-RSC,5,2,0.023455999999999998,0
68,CA1-RSC,6,0,0.029703999999999998,0
68,CA1-RSC,6,2,0.031036,0
68,CA1-RSC,7,0,0.019746,0
68,CA1-RSC,7,2,0.019746,0
68,CA1-RSC,8,0,0.022984,0
68,CA1-RSC,8,2,0.025537999999999998,0
68,CA1-RSC,9,0,0.026028000000000003,0
68,CA1-RSC,9,2,0.027167999999999998,0
68,CA1-RSC,10,0,0.026382,0
68,CA1-RSC,10,2,0.026456,0
68,CA3-DG,1,0,0.028144000000000002,0
68,CA3-DG,1,1,0.037528,0
68,CA3-DG,1,2,0.036744,0
68,CA3-DG,2,0,0.014726,0
68,CA3-DG,2,1,0.014726,0
68,CA3-DG,2,2,0.015333999999999997,0
68,CA3-DG,3,0,0.020488,0
68,CA3-DG,3,2,0.023554000000000002,0
68,CA3-DG,4,0,0.008598,0
68,CA3-DG,4,2,0.011430000000000001,0
68,CA3-DG,5,0,0.02096,0
68,CA3-DG,5,2,0.023292,0
68,CA3-DG,6,0,0.03604400000000001,0
68,CA3-DG,6,2,0.033327999999999997,0
68,CA3-DG,7,0,0.027344,0
68,CA3-DG,7,2,0.027344,0
68,CA3-DG,8,0,0.028600000000000004,0
68,CA3-DG,8,2,0.027726,0
68,CA3-DG,9,0,0.032336000000000004,0
68,CA3-DG,9,2,0.03775,0
68,CA3-DG,10,0,0.031264,0
68,CA3-DG,10,2,0.029278,0
70,CA1-DG,1,0,0.9821300000000001,1
70,CA1-DG,1,1,0.9832460000000001,1
70,CA1-DG,1,2,0.9832460000000001,1
70,CA1-DG,2,0,0.028947999999999995,0
70,CA1-DG,2,1,0.028947999999999995,0
70,CA1-DG,2,2,0.028947999999999995,0
70,CA1-DG,3,0,0.013219999999999999,0
70,CA1-DG,3,2,0.014099999999999998,0
70,CA1-DG,4,0,0.031023999999999996,0
70,CA1-DG,4,2,0.027970000000000002,0
70,CA1-DG,5,0,0.014179999999999998,0
70,CA1-DG,5,2,0.017026,0
70,CA1-DG,6,0,0.017688,0
70,CA1-DG,6,2,0.018125999999999996,0
70,CA1-DG,7,0,0.017982,0
70,CA1-DG,7,2,0.018144,0
70,CA1-DG,8,0,0.016534,0
70,CA1-DG,8,2,0.017470000000000003,0
70,CA1-DG,9,0,0.99006,1
70,CA1-DG,9,2,0.9920119999999999,1
70,CA1-DG,10,0,0.015417999999999998,0
70,CA1-DG,10,2,0.015082000000000002,0
70,CA1-RSC,1,0,0.014156000000000002,0
70,CA1-RSC,1,1,0.017812,0
70,CA1-RSC,1,2,0.017812,0
70,CA1-RSC,2,0,0.018662,0
70,CA1-RSC,2,1,0.018662,0
70,CA1-RSC,2,2,0.018662,0
70,CA1-RSC,3,0,0.010184,0
70,CA1-RSC,3,2,0.012382,0
70,CA1-RSC,4,0,0.008610000000000001,0
70,CA1-RSC,4,2,0.008105999999999999,0
70,CA1-RSC,5,0,0.00967,0
70,CA1-RSC,5,2,0.011859999999999999,0
70,CA1-RSC,6,0,0.011244,0
70,CA1-RSC,6,2,0.012385999999999998,0
70,CA1-RSC,7,0,0.008998,0
70,CA1-RSC,7,2,0.010913999999999998,0
70,CA1-RSC,8,0,0.01789,0
70,CA1-RSC,8,2,0.017830000000000002,0
70,CA1-RSC,9,0,0.013674,0
70,CA1-RSC,9,2,0.014726,0
70,CA1-RSC,10,0,0.010394,0
70,CA1-RSC,10,2,0.012438000000000001,0
70,CA1-SUB,1,0,0.843364,1
70,CA1-SUB,1,1,0.847558,1
70,CA1-SUB,1,2,0.847558,1
70,CA1-SUB,2,0,0.020438,0
70,CA1-SUB,2,1,0.020438,0
70,CA1-SUB,2,2,0.020438,0
70,CA1-SUB,3,0,0.007682,0
70,CA1-SUB,3,2,0.00856,0
70,CA1-SUB,4,0,0.010904,0
70,CA1-SUB,4,2,0.012474,0
70,CA1-SUB,5,0,0.013804,0
70,CA1-SUB,5,2,0.024274,0
70,CA1-SUB,6,0,0.008861999999999998,0
70,CA1-SUB,6,2,0.005648,0
70,CA1-SUB,7,0,0.024345999999999996,0
70,CA1-SUB,7,2,0.026916000000000002,0
70,CA1-SUB,8,0,0.020006,0
70,CA1-SUB,8,2,0.019214000000000002,0
70,CA1-SUB,9,0,0.85253,1
70,CA1-SUB,9,2,0.860736,1
70,CA1-SUB,10,0,0.020484,0
70,CA1-SUB,10,2,0.025113999999999997,0
70,CA1-V1,1,0,0.9735419999999999,1
70,CA1-V1,1,1,0.974784,1
70,CA1-V1,1,2,0.974784,1
70,CA1-V1,2,0,0.006766000000000001,0
70,CA1-V1,2,1,0.006766000000000001,0
70,CA1-V1,2,2,0.006766000000000001,0
70,CA1-V1,3,0,0.024778,0
70,CA1-V1,3,2,0.028442000000000002,0
70,CA1-V1,4,0,0.022006,0
70,CA1-V1,4,2,0.024764,0
70,CA1-V1,5,0,0.007218,0
70,CA1-V1,5,2,0.013843999999999999,0
70,CA1-V1,6,0,0.021314,0
70,CA1-V1,6,2,0.019232,0
70,CA1-V1,7,0,0.025234,0
70,CA1-V1,7,2,0.022577999999999997,0
70,CA1-V1,8,0,0.008709999999999999,0
70,CA1-V1,8,2,0.006913999999999999,0
70,CA1-V1,9,0,0.984294,1
70,CA1-V1,9,2,0.987264,1
70,CA1-V1,10,0,0.012112,0
70,CA1-V1,10,2,0.010386000000000001,0
70,RSC-SUB,1,0,0.015653999999999998,0
70,RSC-SUB,1,1,0.015454,0
70,RSC-SUB,1,2,0.015454,0
70,RSC-SUB,2,0,0.028876000000000002,0
70,RSC-SUB,2,1,0.028876000000000002,0
70,RSC-SUB,2,2,0.028876000000000002,0
70,RSC-SUB,3,0,0.021046000000000002,0
70,RSC-SUB,3,2,0.023516,0
70,RSC-SUB,4,0,0.028961999999999998,0
70,RSC-SUB,4,2,0.028596,0
70,RSC-SUB,5,0,0.026815999999999996,0
70,RSC-SUB,5,2,0.023621999999999997,0
70,RSC-SUB,6,0,0.025493999999999996,0
70,RSC-SUB,6,2,0.020886,0
70,RSC-SUB,7,0,0.034100000000000005,0
70,RSC-SUB,7,2,0.033974000000000004,0
70,RSC-SUB,8,0,0.026311999999999995,0
70,RSC-SUB,8,2,0.022418,0
70,RSC-SUB,9,0,0.021436000000000004,0
70,RSC-SUB,9,2,0.02387,0
70,RSC-SUB,10,0,0.023514,0
70,RSC-SUB,10,2,0.024439999999999996,0
70,V1-RSC,1,0,0.027024000000000003,0
70,V1-RSC,1,1,0.03016,0
70,V1-RSC,1,2,0.03016,0
70,V1-RSC,2,0,0.024316000000000004,0
70,V1-RSC,2,1,0.024316000000000004,0
70,V1-RSC,2,2,0.024316000000000004,0
70,V1-RSC,3,0,0.034749999999999996,0
70,V1-RSC,3,2,0.03698,0
70,V1-RSC,4,0,0.033436,0
70,V1-RSC,4,2,0.034308,0
70,V1-RSC,5,0,0.031618,0
70,V1-RSC,5,2,0.03517,0
70,V1-RSC,6,0,0.024023999999999997,0
70,V1-RSC,6,2,0.021448000000000002,0
70,V1-RSC,7,0,0.035992,0
70,V1-RSC,7,2,0.03674,0
70,V1-RSC,8,0,0.03326,0
70,V1-RSC,8,2,0.037982,0
70,V1-RSC,9,0,0.019646,0
70,V1-RSC,9,2,0.023511999999999998,0
70,V1-RSC,10,0,0.04359,0
70,V1-RSC,10,2,0.048402,0
71,CA1-CA3,1,0,0.02938,0
71,CA1-CA3,1,1,0.029928,0
71,CA1-CA3,1,2,0.034094,0
71,CA1-CA3,2,0,0.017459999999999996,0
71,CA1-CA3,2,1,0.017459999999999996,0
71,CA1-CA3,2,2,0.023298000000000003,0
71,CA1-CA3,3,0,0.026888000000000002,0
71,CA1-CA3,3,2,0.027330000000000004,0
71,CA1-CA3,4,0,0.021548,0
71,CA1-CA3,4,2,0.022934000000000003,0
71,CA1-CA3,5,0,0.022510000000000002,0
71,CA1-CA3,5,2,0.020936,0
71,CA1-CA3,6,0,0.022766,0
71,CA1-CA3,6,2,0.024712,0
71,CA1-CA3,7,0,0.020738,0
71,CA1-CA3,7,2,0.020738,0
71,CA1-CA3,8,0,0.022605999999999998,0
71,CA1-CA3,8,2,0.024322,0
71,CA1-CA3,9,0,0.023261999999999998,0
71,CA1-CA3,9,2,0.0213,0
71,CA1-CA3,10,0,0.011356,0
71,CA1-CA3,10,2,0.013596,0
71,CA1-DG,1,0,0.019763999999999997,0
71,CA1-DG,1,1,0.021686,0
71,CA1-DG,1,2,0.023828,0
71,CA1-DG,2,0,0.030064,0
71,CA1-DG,2,1,0.030064,0
71,CA1-DG,2,2,0.030106,0
71,CA1-DG,3,0,0.025244,0
71,CA1-DG,3,2,0.026555999999999996,0
71,CA1-DG,4,0,0.030309999999999997,0
71,CA1-DG,4,2,0.035331999999999995,0
71,CA1-DG,5,0,0.016101999999999998,0
71,CA1-DG,5,2,0.016537999999999997,0
71,CA1-DG,6,0,0.021962,0
71,CA1-DG,6,2,0.023452,0
71,CA1-DG,7,0,0.02433,0
71,CA1-DG,7,2,0.02433,0
71,CA1-DG,8,0,0.014800000000000002,0
71,CA1-DG,8,2,0.018808,0
71,CA1-DG,9,0,0.027144,0
71,CA1-DG,9,2,0.02839,0
71,CA1-DG,10,0,0.036278,0
71,CA1-DG,10,2,0.040158,0
71,CA1-RSC,1,0,0.008076,0
71,CA1-RSC,1,1,0.008265999999999999,0
71,CA1-RSC,1,2,0.012371999999999998,0
71,CA1-RSC,2,0,0.011844,0
71,CA1-RSC,2,1,0.011844,0
71,CA1-RSC,2,2,0.012268,0
71,CA1-RSC,3,0,0.020404,0
71,CA1-RSC,3,2,0.02164,0
71,CA1-RSC,4,0,0.025404,0
71,CA1-RSC,4,2,0.027656000000000003,0
71,CA1-RSC,5,0,0.028749999999999998,0
71,CA1-RSC,5,2,0.029451999999999996,0
71,CA1-RSC,6,0,0.027094,0
71,CA1-RSC,6,2,0.026246000000000002,0
71,CA1-RSC,7,0,0.020912,0
71,CA1-RSC,7,2,0.020912,0
71,CA1-RSC,8,0,0.026517999999999996,0
71,CA1-RSC,8,2,0.026031999999999993,0
71,CA1-RSC,9,0,0.028111999999999998,0
71,CA1-RSC,9,2,0.026644,0
71,CA1-RSC,10,0,0.021484,0
71,CA1-RSC,10,2,0.02126,0
71,CA1-SUB,1,0,0.026476,0
71,CA1-SUB,1,1,0.027893999999999995,0
71,CA1-SUB,1,2,0.022408,0
71,CA1-SUB,2,0,0.022866000000000004,0
71,CA1-SUB,2,1,0.022866000000000004,0
71,CA1-SUB,2,2,0.028675999999999997,0
71,CA1-SUB,3,0,0.013188,0
71,CA1-SUB,3,2,0.016064000000000002,0
71,CA1-SUB,4,0,0.026196000000000004,0
71,CA1-SUB,4,2,0.029438,0
71,CA1-SUB,5,0,0.019663999999999997,0
71,CA1-SUB,5,2,0.019541999999999997,0
71,CA1-SUB,6,0,0.025728000000000008,0
71,CA1-SUB,6,2,0.029402,0
71,CA1-SUB,7,0,0.022688000000000003,0
71,CA1-SUB,7,2,0.022688000000000003,0
71,CA1-SUB,8,0,0.016291999999999997,0
71,CA1-SUB,8,2,0.017112,0
71,CA1-SUB,9,0,0.030194,0
71,CA1-SUB,9,2,0.028768,0
71,CA1-SUB,10,0,0.024689999999999997,0
71,CA1-SUB,10,2,0.030190000000000005,0
71,CA1-V1,1,0,0.013663999999999999,0
71,CA1-V1,1,1,0.019653999999999998,0
71,CA1-V1,1,2,0.024288,0
71,CA1-V1,2,0,0.026004,0
71,CA1-V1,2,1,0.026004,0
71,CA1-V1,2,2,0.037006000000000004,0
71,CA1-V1,3,0,0.013587999999999998,0
71,CA1-V1,3,2,0.014082,0
71,CA1-V1,4,0,0.023289999999999998,0
71,CA1-V1,4,2,0.026416000000000005,0
71,CA1-V1,5,0,0.026358000000000003,0
71,CA1-V1,5,2,0.026028000000000003,0
71,CA1-V1,6,0,0.018872,0
71,CA1-V1,6,2,0.018906,0
71,CA1-V1,7,0,0.033665999999999995,0
71,CA1-V1,7,2,0.033665999999999995,0
71,CA1-V1,8,0,0.009916,0
71,CA1-V1,8,2,0.009202,0
71,CA1-V1,9,0,0.021728000000000004,0
71,CA1-V1,9,2,0.023402000000000003,0
71,CA1-V1,10,0,0.011294,0
71,CA1-V1,10,2,0.010455999999999998,0
71,CA3-DG,1,0,0.05955200000000001,0
71,CA3-DG,1,1,0.06402,0
71,CA3-DG,1,2,0.05795,0
71,CA3-DG,2,0,0.051102,0
71,CA3-DG,2,1,0.051102,0
71,CA3-DG,2,2,0.043794,0
71,CA3-DG,3,0,0.058095999999999995,0
71,CA3-DG,3,2,0.058134,0
71,CA3-DG,4,0,0.067262,0
71,CA3-DG,4,2,0.070576,0
71,CA3-DG,5,0,0.07949999999999999,0
71,CA3-DG,5,2,0.07886999999999998,0
71,CA3-DG,6,0,0.055001999999999995,0
71,CA3-DG,6,2,0.057985999999999996,0
71,CA3-DG,7,0,0.050478,0
71,CA3-DG,7,2,0.050478,0
71,CA3-DG,8,0,0.070684,0
71,CA3-DG,8,2,0.071584,0
71,CA3-DG,9,0,0.06873399999999999,0
71,CA3-DG,9,2,0.06809799999999999,0
71,CA3-DG,10,0,0.06473999999999999,0
71,CA3-DG,10,2,0.064864,0
71,RSC-SUB,1,0,0.028584,0
71,RSC-SUB,1,1,0.03466399999999999,0
71,RSC-SUB,1,2,0.030378,0
71,RSC-SUB,2,0,0.024026,0
71,RSC-SUB,2,1,0.024026,0
71,RSC-SUB,2,2,0.024134,0
71,RSC-SUB,3,0,0.042938,0
71,RSC-SUB,3,2,0.041639999999999996,0
71,RSC-SUB,4,0,0.034382,0
71,RSC-SUB,4,2,0.037700000000000004,0
71,RSC-SUB,5,0,0.034277999999999996,0
71,RSC-SUB,5,2,0.033704,0
71,RSC-SUB,6,0,0.014299999999999998,0
71,RSC-SUB,6,2,0.01224,0
71,RSC-SUB,7,0,0.038015999999999994,0
71,RSC-SUB,7,2,0.038015999999999994,0
71,RSC-SUB,8,0,0.039008,0
71,RSC-SUB,8,2,0.041724,0
71,RSC-SUB,9,0,0.035117999999999996,0
71,RSC-SUB,9,2,0.034924,0
71,RSC-SUB,10,0,0.040417999999999996,0
71,RSC-SUB,10,2,0.04572,0
71,V1-RSC,1,0,0.059488,0
71,V1-RSC,1,1,0.068714,0
71,V1-RSC,1,2,0.071622,0
71,V1-RSC,2,0,0.079398,0
71,V1-RSC,2,1,0.079398,0
71,V1-RSC,2,2,0.08696400000000001,0
71,V1-RSC,3,0,0.086746,0
71,V1-RSC,3,2,0.091046,0
71,V1-RSC,4,0,0.08149599999999999,0
71,V1-RSC,4,2,0.08399000000000001,0
71,V1-RSC,5,0,0.076684,0
71,V1-RSC,5,2,0.07855000000000001,0
71,V1-RSC,6,0,0.063434,0
71,V1-RSC,6,2,0.064976,0
71,V1-RSC,7,0,0.06982600000000001,0
71,V1-RSC,7,2,0.06982600000000001,0
71,V1-RSC,8,0,0.067658,0
71,V1-RSC,8,2,0.07353000000000001,0
71,V1-RSC,9,0,0.056387999999999994,0
71,V1-RSC,9,2,0.06197600000000001,0
71,V1-RSC,10,0,0.10146199999999998,0
71,V1-RSC,10,2,0.104858,0
73,CA1-DG,1,0,0.025806000000000003,0
73,CA1-DG,1,1,0.027865999999999995,0
73,CA1-DG,1,2,0.028005999999999996,0
73,CA1-DG,2,0,0.025006,0
73,CA1-DG,2,1,0.025006,0
73,CA1-DG,2,2,0.024436000000000003,0
73,CA1-DG,3,0,0.037444,0
73,CA1-DG,3,2,0.037488,0
73,CA1-DG,4,0,0.006886000000000001,0
73,CA1-DG,4,2,0.008265999999999999,0
73,CA1-DG,5,0,0.019417999999999998,0
73,CA1-DG,5,2,0.014948,0
73,CA1-DG,6,0,0.012631999999999999,0
73,CA1-DG,6,2,0.010065999999999999,0
73,CA1-DG,7,0,0.021041999999999998,0
73,CA1-DG,7,2,0.023172,0
73,CA1-DG,8,0,0.019488,0
73,CA1-DG,8,2,0.018608,0
73,CA1-DG,9,0,0.011282,0
73,CA1-DG,9,2,0.011282,0
73,CA1-DG,10,0,0.014529999999999998,0
73,CA1-DG,10,2,0.014040000000000002,0
73,CA1-RSC,1,0,0.014032,0
73,CA1-RSC,1,1,0.014848,0
73,CA1-RSC,1,2,0.015318000000000002,0
73,CA1-RSC,2,0,0.02049,0
73,CA1-RSC,2,1,0.02049,0
73,CA1-RSC,2,2,0.01985,0
73,CA1-RSC,3,0,0.017372,0
73,CA1-RSC,3,2,0.014574,0
73,CA1-RSC,4,0,0.013888000000000001,0
73,CA1-RSC,4,2,0.011828,0
73,CA1-RSC,5,0,0.020362,0
73,CA1-RSC,5,2,0.018712,0
73,CA1-RSC,6,0,0.008198,0
73,CA1-RSC,6,2,0.008086,0
73,CA1-RSC,7,0,0.005826,0
73,CA1-RSC,7,2,0.003882,0
73,CA1-RSC,8,0,0.009028,0
73,CA1-RSC,8,2,0.008308,0
73,CA1-RSC,9,0,0.016953999999999997,0
73,CA1-RSC,9,2,0.016953999999999997,0
73,CA1-RSC,10,0,0.020026,0
73,CA1-RSC,10,2,0.022564,0
73,CA1-SUB,1,0,0.032522,0
73,CA1-SUB,1,1,0.034456,0
73,CA1-SUB,1,2,0.03154,0
73,CA1-SUB,2,0,0.03931199999999999,0
73,CA1-SUB,2,1,0.03931199999999999,0
73,CA1-SUB,2,2,0.042352,0
73,CA1-SUB,3,0,0.022686000000000005,0
73,CA1-SUB,3,2,0.020485999999999997,0
73,CA1-SUB,4,0,0.007076000000000001,0
73,CA1-SUB,4,2,0.007591999999999999,0
73,CA1-SUB,5,0,0.008206000000000001,0
73,CA1-SUB,5,2,0.006876,0
73,CA1-SUB,6,0,0.019190000000000002,0
73,CA1-SUB,6,2,0.018666,0
73,CA1-SUB,7,0,0.025189999999999997,0
73,CA1-SUB,7,2,0.026614,0
73,CA1-SUB,8,0,0.022344,0
73,CA1-SUB,8,2,0.02349,0
73,CA1-SUB,9,0,0.016056,0
73,CA1-SUB,9,2,0.016056,0
73,CA1-SUB,10,0,0.01432,0
73,CA1-SUB,10,2,0.014778000000000003,0
73,CA1-V1,1,0,0.012615999999999999,0
73,CA1-V1,1,1,0.015085999999999999,0
73,CA1-V1,1,2,0.01407,0
73,CA1-V1,2,0,0.022039999999999997,0
73,CA1-V1,2,1,0.022039999999999997,0
73,CA1-V1,2,2,0.024742,0
73,CA1-V1,3,0,0.016548,0
73,CA1-V1,3,2,0.013902000000000001,0
73,CA1-V1,4,0,0.013034,0
73,CA1-V1,4,2,0.012301999999999999,0
73,CA1-V1,5,0,0.014386,0
73,CA1-V1,5,2,0.0202,0
73,CA1-V1,6,0,0.025862000000000003,0
73,CA1-V1,6,2,0.024988,0
73,CA1-V1,7,0,0.013814000000000002,0
73,CA1-V1,7,2,0.014850000000000002,0
73,CA1-V1,8,0,0.01846,0
73,CA1-V1,8,2,0.019472,0
73,CA1-V1,9,0,0.011073999999999999,0
73,CA1-V1,9,2,0.011073999999999999,0
73,CA1-V1,10,0,0.022770000000000002,0
73,CA1-V1,10,2,0.024186,0
73,RSC-SUB,1,0,0.013294,0
73,RSC-SUB,1,1,0.012454,0
73,RSC-SUB,1,2,0.015348,0
73,RSC-SUB,2,0,0.030015999999999998,0
73,RSC-SUB,2,1,0.030015999999999998,0
73,RSC-SUB,2,2,0.03024,0
73,RSC-SUB,3,0,0.036553999999999996,0
73,RSC-SUB,3,2,0.037774,0
73,RSC-SUB,4,0,0.045855999999999994,0
73,RSC-SUB,4,2,0.044036000000000006,0
73,RSC-SUB,5,0,0.0248,0
73,RSC-SUB,5,2,0.032486,0
73,RSC-SUB,6,0,0.020544,0
73,RSC-SUB,6,2,0.023138,0
73,RSC-SUB,7,0,0.025622,0
73,RSC-SUB,7,2,0.025741999999999998,0
73,RSC-SUB,8,0,0.039346000000000006,0
73,RSC-SUB,8,2,0.040010000000000004,0
73,RSC-SUB,9,0,0.025996,0
73,RSC-SUB,9,2,0.025996,0
73,RSC-SUB,10,0,0.031352000000000005,0
73,RSC-SUB,10,2,0.03353,0
73,V1-RSC,1,0,0.027250000000000003,0
73,V1-RSC,1,1,0.031841999999999995,0
73,V1-RSC,1,2,0.030272,0
73,V1-RSC,2,0,0.022484,0
73,V1-RSC,2,1,0.022484,0
73,V1-RSC,2,2,0.024512,0
73,V1-RSC,3,0,0.015722,0
73,V1-RSC,3,2,0.016666,0
73,V1-RSC,4,0,0.035512,0
73,V1-RSC,4,2,0.035182000000000005,0
73,V1-RSC,5,0,0.015419999999999998,0
73,V1-RSC,5,2,0.014822000000000002,0
73,V1-RSC,6,0,0.021448000000000002,0
73,V1-RSC,6,2,0.022442,0
73,V1-RSC,7,0,0.033145999999999995,0
73,V1-RSC,7,2,0.033417999999999996,0
73,V1-RSC,8,0,0.020312,0
73,V1-RSC,8,2,0.022084,0
73,V1-RSC,9,0,0.022102,0
73,V1-RSC,9,2,0.022102,0
73,V1-RSC,10,0,0.01961,0
73,V1-RSC,10,2,0.020808,0
75,CA1-DG,1,0,0.007651999999999999,0
75,CA1-DG,1,1,0.005327999999999999,0
75,CA1-DG,1,2,0.007546,0
75,CA1-DG,2,0,0.018424000000000003,0
75,CA1-DG,2,1,0.018424000000000003,0
75,CA1-DG,2,2,0.022134,0
75,CA1-DG,3,0,0.013068,0
75,CA1-DG,3,2,0.012519999999999998,0
75,CA1-DG,4,0,0.027395999999999997,0
75,CA1-DG,4,2,0.022392000000000002,0
75,CA1-DG,5,0,0.017712,0
75,CA1-DG,5,2,0.017712,0
75,CA1-DG,6,0,0.02717,0
75,CA1-DG,6,2,0.031658,0
75,CA1-DG,7,0,0.018064,0
75,CA1-DG,7,2,0.019122,0
75,CA1-DG,8,0,0.027545999999999998,0
75,CA1-DG,8,2,0.029464,0
75,CA1-DG,9,0,0.021580000000000002,0
75,CA1-DG,9,2,0.02264,0
75,CA1-DG,10,0,0.016078000000000002,0
75,CA1-DG,10,2,0.012756,0
75,CA1-RSC,1,0,0.043092000000000005,0
75,CA1-RSC,1,1,0.05397,0
75,CA1-RSC,1,2,0.053154,0
75,CA1-RSC,2,0,0.027496000000000003,0
75,CA1-RSC,2,1,0.027496000000000003,0
75,CA1-RSC,2,2,0.0298,0
75,CA1-RSC,3,0,0.020562,0
75,CA1-RSC,3,2,0.023424,0
75,CA1-RSC,4,0,0.027636,0
75,CA1-RSC,4,2,0.028992,0
75,CA1-RSC,5,0,0.012811999999999999,0
75,CA1-RSC,5,2,0.012811999999999999,0
75,CA1-RSC,6,0,0.023236,0
75,CA1-RSC,6,2,0.025304000000000004,0
75,CA1-RSC,7,0,0.011362,0
75,CA1-RSC,7,2,0.012073999999999998,0
75,CA1-RSC,8,0,0.025976,0
75,CA1-RSC,8,2,0.026983999999999998,0
75,CA1-RSC,9,0,0.019998,0
75,CA1-RSC,9,2,0.017928000000000003,0
75,CA1-RSC,10,0,0.024498,0
75,CA1-RSC,10,2,0.025507999999999996,0
75,CA1-SUB,1,0,0.027238000000000002,0
75,CA1-SUB,1,1,0.031916,0
75,CA1-SUB,1,2,0.03579600000000001,0
75,CA1-SUB,2,0,0.013166,0
75,CA1-SUB,2,1,0.013166,0
75,CA1-SUB,2,2,0.012081999999999999,0
75,CA1-SUB,3,0,0.023776,0
75,CA1-SUB,3,2,0.023822000000000003,0
75,CA1-SUB,4,0,0.029291999999999995,0
75,CA1-SUB,4,2,0.032499999999999994,0
75,CA1-SUB,5,0,0.036171999999999996,0
75,CA1-SUB,5,2,0.036171999999999996,0
75,CA1-SUB,6,0,0.022688000000000003,0
75,CA1-SUB,6,2,0.028542,0
75,CA1-SUB,7,0,0.021382,0
75,CA1-SUB,7,2,0.024758,0
75,CA1-SUB,8,0,0.043038,0
75,CA1-SUB,8,2,0.043542000000000004,0
75,CA1-SUB,9,0,0.045478000000000005,0
75,CA1-SUB,9,2,0.04262200000000001,0
75,CA1-SUB,10,0,0.014292,0
75,CA1-SUB,10,2,0.026892,0
75,CA1-V1,1,0,0.032166,0
75,CA1-V1,1,1,0.032535999999999995,0
75,CA1-V1,1,2,0.027878000000000003,0
75,CA1-V1,2,0,0.02225,0
75,CA1-V1,2,1,0.02225,0
75,CA1-V1,2,2,0.023394,0
75,CA1-V1,3,0,0.015806,0
75,CA1-V1,3,2,0.019198000000000003,0
75,CA1-V1,4,0,0.00891,0
75,CA1-V1,4,2,0.006414,0
75,CA1-V1,5,0,0.029088000000000003,0
75,CA1-V1,5,2,0.029088000000000003,0
75,CA1-V1,6,0,0.02873,0
75,CA1-V1,6,2,0.029018,0
75,CA1-V1,7,0,0.029190000000000004,0
75,CA1-V1,7,2,0.032394,0
75,CA1-V1,8,0,0.013605999999999998,0
75,CA1-V1,8,2,0.013194,0
75,CA1-V1,9,0,0.022422,0
75,CA1-V1,9,2,0.031872,0
75,CA1-V1,10,0,0.01633,0
75,CA1-V1,10,2,0.023368,0
75,RSC-SUB,1,0,0.052288,0
75,RSC-SUB,1,1,0.05363,0
75,RSC-SUB,1,2,0.056396,0
75,RSC-SUB,2,0,0.054200000000000005,0
75,RSC-SUB,2,1,0.054200000000000005,0
75,RSC-SUB,2,2,0.054922000000000006,0
75,RSC-SUB,3,0,0.06917399999999999,0
75,RSC-SUB,3,2,0.067756,0
75,RSC-SUB,4,0,0.070594,0
75,RSC-SUB,4,2,0.075212,0
75,RSC-SUB,5,0,0.04876199999999999,0
75,RSC-SUB,5,2,0.04876199999999999,0
75,RSC-SUB,6,0,0.06045400000000001,0
75,RSC-SUB,6,2,0.055634,0
75,RSC-SUB,7,0,0.070858,0
75,RSC-SUB,7,2,0.067218,0
75,RSC-SUB,8,0,0.06922400000000001,0
75,RSC-SUB,8,2,0.07142799999999999,0
75,RSC-SUB,9,0,0.06760800000000002,0
75,RSC-SUB,9,2,0.061192,0
75,RSC-SUB,10,0,0.06693400000000001,0
75,RSC-SUB,10,2,0.059421999999999996,0
75,V1-RSC,1,0,0.03733,0
75,V1-RSC,1,1,0.045427999999999996,0
75,V1-RSC,1,2,0.052734,0
75,V1-RSC,2,0,0.06425600000000001,0
75,V1-RSC,2,1,0.06425600000000001,0
75,V1-RSC,2,2,0.06216200000000001,0
75,V1-RSC,3,0,0.077806,0
75,V1-RSC,3,2,0.08204800000000001,0
75,V1-RSC,4,0,0.084526,0
75,V1-RSC,4,2,0.08718999999999999,0
75,V1-RSC,5,0,0.08888,0
75,V1-RSC,5,2,0.08888,0
75,V1-RSC,6,0,0.09169800000000002,0
75,V1-RSC,6,2,0.091958,0
75,V1-RSC,7,0,0.07722599999999999,0
75,V1-RSC,7,2,0.07669000000000001,0
75,V1-RSC,8,0,0.075322,0
75,V1-RSC,8,2,0.075372,0
75,V1-RSC,9,0,0.051449999999999996,0
75,V1-RSC,9,2,0.067656,0
75,V1-RSC,10,0,0.066718,0
75,V1-RSC,10,2,0.081272,0
77,CA1-RSC,1,0,0.01849,0
77,CA1-RSC,1,1,0.0200925,0
77,CA1-RSC,1,2,0.0200925,0
77,CA1-RSC,2,0,0.023582500000000003,0
77,CA1-RSC,2,1,0.023582500000000003,0
77,CA1-RSC,2,2,0.023582500000000003,0
77,CA1-RSC,3,0,0.02285,0
77,CA1-RSC,3,2,0.02176,0
77,CA1-RSC,4,0,0.0084825,0
77,CA1-RSC,4,2,0.012530000000000001,0
77,CA1-RSC,5,0,0.0223625,0
77,CA1-RSC,5,2,0.020775000000000002,0
77,CA1-RSC,6,0,0.014622499999999998,0
77,CA1-RSC,6,2,0.0157575,0
77,CA1-RSC,7,0,0.0194575,0
77,CA1-RSC,7,2,0.015084999999999998,0
77,CA1-RSC,8,0,0.025670000000000005,0
77,CA1-RSC,8,2,0.0260075,0
77,CA1-RSC,9,0,0.0134225,0
77,CA1-RSC,9,2,0.0094775,0
77,CA1-RSC,10,0,0.012847500000000001,0
77,CA1-RSC,10,2,0.015515000000000001,0
77,CA1-SUB,1,0,0.00199,0
77,CA1-SUB,1,1,0.00216,0
77,CA1-SUB,1,2,0.00216,0
77,CA1-SUB,2,0,0.00755,0
77,CA1-SUB,2,1,0.00755,0
77,CA1-SUB,2,2,0.00755,0
77,CA1-SUB,3,0,0.01177,0
77,CA1-SUB,3,2,0.01234,0
77,CA1-SUB,4,0,0.00264,0
77,CA1-SUB,4,2,0.01677,0
77,CA1-SUB,5,0,0.01251,0
77,CA1-SUB,5,2,0.01417,0
77,CA1-SUB,6,0,0.06227,0
77,CA1-SUB,6,2,0.08119,0
77,CA1-SUB,7,0,0.00365,0
77,CA1-SUB,7,2,0.00719,0
77,CA1-SUB,8,0,0.0201,0
77,CA1-SUB,8,2,0.02207,0
77,CA1-SUB,9,0,0.00097,0
77,CA1-SUB,9,2,0.01207,0
77,CA1-SUB,10,0,0.00308,0
77,CA1-SUB,10,2,0.00076,0
77,CA1-V1,1,0,0.0112775,0
77,CA1-V1,1,1,0.014294999999999999,0
77,CA1-V1,1,2,0.014294999999999999,0
77,CA1-V1,2,0,0.021135,0
77,CA1-V1,2,1,0.021135,0
77,CA1-V1,2,2,0.021135,0
77,CA1-V1,3,0,0.01697,0
77,CA1-V1,3,2,0.01755,0
77,CA1-V1,4,0,0.016819999999999998,0
77,CA1-V1,4,2,0.0164125,0
77,CA1-V1,5,0,0.0103625,0
77,CA1-V1,5,2,0.0157325,0
77,CA1-V1,6,0,0.0102375,0
77,CA1-V1,6,2,0.0067825,0
77,CA1-V1,7,0,0.015965,0
77,CA1-V1,7,2,0.0132275,0
77,CA1-V1,8,0,0.01842,0
77,CA1-V1,8,2,0.019405000000000002,0
77,CA1-V1,9,0,0.009529999999999999,0
77,CA1-V1,9,2,0.0106925,0
77,CA1-V1,10,0,0.024715,0
77,CA1-V1,10,2,0.020804999999999997,0
77,RSC-SUB,1,0,0.02442,0
77,RSC-SUB,1,1,0.02731,0
77,RSC-SUB,1,2,0.02731,0
77,RSC-SUB,2,0,0.02552,0
77,RSC-SUB,2,1,0.02552,0
77,RSC-SUB,2,2,0.02552,0
77,RSC-SUB,3,0,0.0577,0
77,RSC-SUB,3,2,0.05828,0
77,RSC-SUB,4,0,7e-05,0
77,RSC-SUB,4,2,0.00384,0
77,RSC-SUB,5,0,0.02905,0
77,RSC-SUB,5,2,0.03305,0
77,RSC-SUB,6,0,0.00207,0
77,RSC-SUB,6,2,0.00352,0
77,RSC-SUB,7,0,0.00409,0
77,RSC-SUB,7,2,0.00369,0
77,RSC-SUB,8,0,0.03753,0
77,RSC-SUB,8,2,0.0429,0
77,RSC-SUB,9,0,0.01798,0
77,RSC-SUB,9,2,0.02817,0
77,RSC-SUB,10,0,0.00104,0
77,RSC-SUB,10,2,0.00229,0
77,V1-RSC,1,0,0.017709999999999997,0
77,V1-RSC,1,1,0.020776000000000003,0
77,V1-RSC,1,2,0.020776000000000003,0
77,V1-RSC,2,0,0.027000000000000003,0
77,V1-RSC,2,1,0.027000000000000003,0
77,V1-RSC,2,2,0.027000000000000003,0
77,V1-RSC,3,0,0.033738000000000004,0
77,V1-RSC,3,2,0.034926,0
77,V1-RSC,4,0,0.034982,0
77,V1-RSC,4,2,0.037148,0
77,V1-RSC,5,0,0.03191,0
77,V1-RSC,5,2,0.036998,0
77,V1-RSC,6,0,0.009578,0
77,V1-RSC,6,2,0.024218,0
77,V1-RSC,7,0,0.031202,0
77,V1-RSC,7,2,0.027736,0
77,V1-RSC,8,0,0.030786,0
77,V1-RSC,8,2,0.040646,0
77,V1-RSC,9,0,0.034772000000000004,0
77,V1-RSC,9,2,0.039874,0
77,V1-RSC,10,0,0.031532,0
77,V1-RSC,10,2,0.0382,0
98,CA1-RSC,1,0,0.017570000000000002,0
98,CA1-RSC,1,1,0.017964,0
98,CA1-RSC,1,2,0.027058,0
98,CA1-RSC,2,0,0.014962,0
98,CA1-RSC,2,1,0.014962,0
98,CA1-RSC,2,2,0.016992,0
98,CA1-RSC,3,0,0.016276000000000002,0
98,CA1-RSC,3,2,0.018404,0
98,CA1-RSC,4,0,0.022784,0
98,CA1-RSC,4,2,0.020304,0
98,CA1-RSC,5,0,0.012797999999999999,0
98,CA1-RSC,5,2,0.015028,0
98,CA1-RSC,6,0,0.019694000000000003,0
98,CA1-RSC,6,2,0.020724,0
98,CA1-RSC,7,0,0.012897999999999998,0
98,CA1-RSC,7,2,0.013929999999999998,0
98,CA1-RSC,8,0,0.013669999999999998,0
98,CA1-RSC,8,2,0.015212,0
98,CA1-RSC,9,0,0.027678,0
98,CA1-RSC,9,2,0.027568000000000002,0
98,CA1-RSC,10,0,0.010522,0
98,CA1-RSC,10,2,0.010522,0
100,CA1-DG,1,0,0.033226,0
100,CA1-DG,1,1,0.035887999999999996,0
100,CA1-DG,1,2,0.037178,0
100,CA1-DG,2,0,0.025276,0
100,CA1-DG,2,1,0.025276,0
100,CA1-DG,2,2,0.024662,0
100,CA1-DG,3,0,0.033826,0
100,CA1-DG,3,2,0.035362,0
100,CA1-DG,4,0,0.024376000000000002,0
100,CA1-DG,4,2,0.018382000000000003,0
100,CA1-DG,5,0,0.034202,0
100,CA1-DG,5,2,0.037068000000000004,0
100,CA1-DG,6,0,0.030638000000000006,0
100,CA1-DG,6,2,0.02928,0
100,CA1-DG,7,0,0.019677999999999998,0
100,CA1-DG,7,2,0.019677999999999998,0
100,CA1-DG,8,0,0.033064,0
100,CA1-DG,8,2,0.034114,0
100,CA1-DG,9,0,0.033548,0
100,CA1-DG,9,2,0.030392000000000002,0
100,CA1-DG,10,0,0.040074,0
100,CA1-DG,10,2,0.03806,0
100,CA1-RSC,1,0,0.023542,0
100,CA1-RSC,1,1,0.019714,0
100,CA1-RSC,1,2,0.0226,0
100,CA1-RSC,2,0,0.012882,0
100,CA1-RSC,2,1,0.012882,0
100,CA1-RSC,2,2,0.017548,0
100,CA1-RSC,3,0,0.014714000000000001,0
100,CA1-RSC,3,2,0.018840000000000003,0
100,CA1-RSC,4,0,0.016031999999999998,0
100,CA1-RSC,4,2,0.015617999999999998,0
100,CA1-RSC,5,0,0.024666,0
100,CA1-RSC,5,2,0.027206,0
100,CA1-RSC,6,0,0.023455999999999998,0
100,CA1-RSC,6,2,0.023408,0
100,CA1-RSC,7,0,0.021794,0
100,CA1-RSC,7,2,0.021794,0
100,CA1-RSC,8,0,0.010853999999999999,0
100,CA1-RSC,8,2,0.013192,0
100,CA1-RSC,9,0,0.030562,0
100,CA1-RSC,9,2,0.02887,0
100,CA1-RSC,10,0,0.014105999999999999,0
100,CA1-RSC,10,2,0.007724,0
100,CA1-SUB,1,0,0.01654,0
100,CA1-SUB,1,1,0.012790000000000001,0
100,CA1-SUB,1,2,0.015732000000000003,0
100,CA1-SUB,2,0,0.023667999999999998,0
100,CA1-SUB,2,1,0.023667999999999998,0
100,CA1-SUB,2,2,0.021686,0
100,CA1-SUB,3,0,0.027267999999999997,0
100,CA1-SUB,3,2,0.024718,0
100,CA1-SUB,4,0,0.009104000000000001,0
100,CA1-SUB,4,2,0.01177,0
100,CA1-SUB,5,0,0.012154000000000002,0
100,CA1-SUB,5,2,0.01285,0
100,CA1-SUB,6,0,0.029487999999999997,0
100,CA1-SUB,6,2,0.02941,0
100,CA1-SUB,7,0,0.025484,0
100,CA1-SUB,7,2,0.025484,0
100,CA1-SUB,8,0,0.015842000000000002,0
100,CA1-SUB,8,2,0.020474,0
100,CA1-SUB,9,0,0.02189,0
100,CA1-SUB,9,2,0.022727999999999998,0
100,CA1-SUB,10,0,0.017488,0
100,CA1-SUB,10,2,0.013882,0
100,CA1-V1,1,0,0.023304,0
100,CA1-V1,1,1,0.028774,0
100,CA1-V1,1,2,0.036158,0
100,CA1-V1,2,0,0.049330000000000006,0
100,CA1-V1,2,1,0.049330000000000006,0
100,CA1-V1,2,2,0.05717,0
100,CA1-V1,3,0,0.026502000000000005,0
100,CA1-V1,3,2,0.030178,0
100,CA1-V1,4,0,0.019413999999999997,0
100,CA1-V1,4,2,0.018256,0
100,CA1-V1,5,0,0.05389999999999999,0
100,CA1-V1,5,2,0.059426,0
100,CA1-V1,6,0,0.035236,0
100,CA1-V1,6,2,0.038348,0
100,CA1-V1,7,0,0.043316,0
100,CA1-V1,7,2,0.043316,0
100,CA1-V1,8,0,0.040444,0
100,CA1-V1,8,2,0.042288000000000006,0
100,CA1-V1,9,0,0.024744,0
100,CA1-V1,9,2,0.031953999999999996,0
100,CA1-V1,10,0,0.062652,0
100,CA1-V1,10,2,0.074326,0
100,RSC-SUB,1,0,0.012039999999999999,0
100,RSC-SUB,1,1,0.014718,0
100,RSC-SUB,1,2,0.016178,0
100,RSC-SUB,2,0,0.016558,0
100,RSC-SUB,2,1,0.016558,0
100,RSC-SUB,2,2,0.021379999999999996,0
100,RSC-SUB,3,0,0.023871999999999997,0
100,RSC-SUB,3,2,0.022803999999999998,0
100,RSC-SUB,4,0,0.028338000000000002,0
100,RSC-SUB,4,2,0.029198,0
100,RSC-SUB,5,0,0.033518000000000006,0
100,RSC-SUB,5,2,0.038391999999999996,0
100,RSC-SUB,6,0,0.031334,0
100,RSC-SUB,6,2,0.027956,0
100,RSC-SUB,7,0,0.017866,0
100,RSC-SUB,7,2,0.017866,0
100,RSC-SUB,8,0,0.020516,0
100,RSC-SUB,8,2,0.026117999999999995,0
100,RSC-SUB,9,0,0.027448,0
100,RSC-SUB,9,2,0.029900000000000003,0
100,RSC-SUB,10,0,0.038889999999999994,0
100,RSC-SUB,10,2,0.044158,0
100,V1-RSC,1,0,0.06647,0
100,V1-RSC,1,1,0.06545200000000001,0
100,V1-RSC,1,2,0.08394399999999999,0
100,V1-RSC,2,0,0.09025799999999999,0
100,V1-RSC,2,1,0.09025799999999999,0
100,V1-RSC,2,2,0.095278,0
100,V1-RSC,3,0,0.064496,0
100,V1-RSC,3,2,0.062419999999999996,0
100,V1-RSC,4,0,0.08381399999999999,0
100,V1-RSC,4,2,0.088168,0
100,V1-RSC,5,0,0.086168,0
100,V1-RSC,5,2,0.09058400000000001,0
100,V1-RSC,6,0,0.09739,0
100,V1-RSC,6,2,0.10033599999999998,0
100,V1-RSC,7,0,0.07344199999999998,0
100,V1-RSC,7,2,0.07344199999999998,0
100,V1-RSC,8,0,0.108374,0
100,V1-RSC,8,2,0.11474999999999999,0
100,V1-RSC,9,0,0.10199,0
100,V1-RSC,9,2,0.10855999999999999,0
100,V1-RSC,10,0,0.092386,0
100,V1-RSC,10,2,0.098882,0
